ident (skip),type (skip),name (string),elevation (ft),continent (skip),iso_country (skip),iso_region (skip),municipality (skip),icao_code (skip),iata_code (skip),gps_code (skip),local_code (skip),latitude (angle), longitude (angle)
00A,heliport,Total RF Heliport,11,NA,US,US-PA,Bensalem,,,K00A,00A,40.070985, -74.933689
00AA,small_airport,Aero B Ranch Airport,3435,NA,US,US-KS,Leoti,,,00AA,00AA,38.704022, -101.473911
00AK,small_airport,Lowell Field,450,NA,US,US-AK,Anchor Point,,,00AK,00AK,59.947733, -151.692524
00AL,small_airport,Epps Airpark,820,NA,US,US-AL,Harvest,,,00AL,00AL,34.86479949951172, -86.77030181884766
00AN,small_airport,Katmai Lodge Airport,80,NA,US,US-AK,King Salmon,,,00AN,00AN,59.093287, -156.456699
00AS,small_airport,Fulton Airport,1100,NA,US,US-OK,Alex,,,00AS,00AS,34.9428028, -97.8180194
00AZ,small_airport,Cordes Airport,3810,NA,US,US-AZ,Cordes,,,00AZ,00AZ,34.305599212646484, -112.16500091552734
00CA,small_airport,Goldstone (GTS) Airport,3038,NA,US,US-CA,Barstow,,,00CA,00CA,35.35474, -116.885329
00CL,small_airport,Williams Ag Airport,87,NA,US,US-CA,Biggs,,,00CL,00CL,39.427188, -121.763427
00CN,heliport,Kitchen Creek Helibase Heliport,3350,NA,US,US-CA,Pine Valley,,,00CN,00CN,32.7273736, -116.4597417
00FA,small_airport,Grass Patch Airport,53,NA,US,US-FL,Bushnell,,,00FA,00FA,28.64550018310547, -82.21900177001953
00FL,small_airport,River Oak Airport,35,NA,US,US-FL,Okeechobee,,,00FL,00FL,27.230899810791016, -80.96920013427734
00GA,small_airport,Lt World Airport,700,NA,US,US-GA,Lithonia,,,00GA,00GA,33.76750183105469, -84.06829833984375
00GE,heliport,Caffrey Heliport,957,NA,US,US-GA,Hiram,,,00GE,00GE,33.887982, -84.736983
00HI,heliport,Kaupulehu Heliport,43,OC,US,US-HI,Kailua-Kona,,,00HI,00HI,19.832881, -155.978347
00ID,small_airport,Delta Shores Airport,2064,NA,US,US-ID,Clark Fork,,,00ID,00ID,48.145301818847656, -116.21399688720703
00IG,small_airport,Goltl Airport,3359,NA,US,US-KS,McDonald,,,00IG,00IG,39.724028, -101.395994
00IL,small_airport,Hammer Airport,840,NA,US,US-IL,Polo,,,00IL,00IL,41.978401, -89.560402
00IN,heliport,St Mary Medical Center Heliport,634,NA,US,US-IN,Hobart,,,00IN,00IN,41.51139831542969, -87.2605972290039
00IS,small_airport,Hayenga's Cant Find Farms Airport,820,NA,US,US-IL,Kings,,,00IS,00IS,40.02560043334961, -89.1229019165039
00KS,small_airport,Hayden Farm Airport,1100,NA,US,US-KS,Gardner,,,00KS,00KS,38.72779846191406, -94.93049621582031
00KY,small_airport,Robbins Roost Airport,1265,NA,US,US-KY,Stanford,,,00KY,00KY,37.409400939941406, -84.61969757080078
00LA,heliport,Shell Chemical East Site Heliport,15,NA,US,US-LA,Gonzales,,,00LA,00LA,30.191944, -90.980833
00LL,heliport,Ac & R Components Heliport,600,NA,US,US-IL,Chatham,,,00LL,00LL,39.66529846191406, -89.70559692382812
00LS,small_airport,Lejeune Airport,12,NA,US,US-LA,Crowley,,,00LS,00LS,30.136299, -92.429398
00MD,small_airport,Slater Field,45,NA,US,US-MD,Federalsburg,,,00MD,00MD,38.75709915161133, -75.75379943847656
00MI,heliport,Dow Chemical Heliport,588,NA,US,US-MI,Ludington,,,00MI,00MI,43.94940185546875, -86.41670227050781
00MN,small_airport,Battle Lake Municipal Airport,1365,NA,US,US-MN,Battle Lake,,,00MN,00MN,46.29999923706055, -95.70030212402344
00MO,small_airport,Cooper Flying Service Airport,970,NA,US,US-MO,Alba,,,00MO,00MO,37.202800750732, -94.412399291992
00MT,heliport,Livingston Healthcare Heliport,4465,NA,US,US-MT,Livingston,,,00MT,00MT,45.675, -110.52515
00N,small_airport,Bucks Airport,105,NA,US,US-NJ,Bridgeton,,,K00N,00N,39.472998, -75.184346
00NC,small_airport,North Raleigh Airport,348,NA,US,US-NC,Louisburg,,,00NC,00NC,36.085201263427734, -78.37139892578125
00NJ,heliport,Colgate-Piscataway Heliport,78,NA,US,US-NJ,New Brunswick,,,00NJ,00NJ,40.52090072631836, -74.47460174560547
00NK,seaplane_base,Cliche Cove Seaplane Base,96,NA,US,US-NY,Beekmantown,,,00NK,00NK,44.8118612, -73.3698057
00NR,heliport,Rodanthe Dare County Heliport,8,NA,US,US-NC,Rodanthe,,,00NR,00NR,35.594729, -75.470002
00NY,small_airport,Weiss Airfield,1000,NA,US,US-NY,West Bloomfield,,,00NY,00NY,42.89576, -77.495263
00OI,heliport,Miami Valley Hospital Heliport,905,NA,US,US-OH,Dayton,,,00OI,00OI,39.745091, -84.187278
00OK,small_airport,Gull Bay Landing Airport,960,NA,US,US-OK,Sandsprings,,,00OK,00OK,36.198598, -96.217693
00OR,heliport,Steel Systems Heliport,195,NA,US,US-OR,Salem,,,00OR,00OR,44.932899475097656, -123.12999725341797
00PA,heliport,R J D Heliport,402,NA,US,US-PA,Coatesville,,,00PA,00PA,39.94889831542969, -75.74690246582031
00PN,small_airport,Ferrell Field,1301,NA,US,US-PA,Mercer,,,00PN,00PN,41.2995, -80.211111
00S,small_airport,McKenzie Bridge State Airport,1620,NA,US,US-OR,Blue River,,,K00S,00S,44.181466, -122.086
00SC,small_airport,Flying O Airport,150,NA,US,US-SC,Sumter,,,00SC,00SC,34.0093994140625, -80.26719665527344
00SD,small_airport,Homan Field,1590,NA,US,US-SD,Gary,,,00SD,00SD,44.809158, -96.498897
00TE,heliport,Tcjc-Northeast Campus Heliport,600,NA,US,US-TX,Fort Worth,,,00TE,00TE,32.847599029541016, -97.18949890136719
00TS,small_airport,Alpine Range Airport,670,NA,US,US-TX,Everman,,,00TS,00TS,32.607601165771484, -97.24199676513672
00TT,small_airport,Nowhere Airport,1752,NA,US,US-TX,Goodlett,,,00TT,00TT,34.516606, -99.93694
00VA,small_airport,Vaughan Airport,551,NA,US,US-VA,Alton,,,00VA,00VA,36.574964, -78.998437
00VI,small_airport,Groundhog Mountain Airport,2680,NA,US,US-VA,Hillsville,,,00VI,00VI,36.663299560546875, -80.49949645996094
00W,small_airport,Lower Granite State Airport,719,NA,US,US-WA,Colfax,,,K00W,00W,46.672884, -117.441933
00WA,small_airport,Howell Airport,150,NA,US,US-WA,Longbranch,,,00WA,00WA,47.17839813232422, -122.77200317382812
00WI,small_airport,Northern Lite Airport,860,NA,US,US-WI,Waupaca,,,00WI,00WI,44.304298400878906, -89.05010223388672
00WN,small_airport,Hawks Run Airport,2900,NA,US,US-WA,Asotin,,,00WN,00WN,46.25, -117.2490005493164
00WV,small_airport,Lazy J. Aerodrome,2060,NA,US,US-WV,Beverly,,,00WV,00WV,38.82889938354492, -79.86609649658203
00WY,heliport,Mountain View Regional Hospital Heliport,5210,NA,US,US-WY,Casper,,,00WY,00WY,42.840361, -106.224443
00XA,small_airport,Weeski Ranch Airport,271,NA,US,US-TX,,,,00XA,00XA,30.224, -96.01417
01A,small_airport,Purkeypile Airport,2041,NA,US,US-AK,Purkeypile,,,K01A,01A,62.940833, -152.269722
01AK,heliport,Providence Seward Medical Center Heliport,120,NA,US,US-AK,Seward,,,01AK,01AK,60.105873975399994, -149.446249008
01AL,small_airport,Ware Island Airport,344,NA,US,US-AL,Clanton,,,01AL,01AL,32.94599914550781, -86.51390075683594
01AN,small_airport,McHone Heights Airport,610,NA,US,US-AK,Wasilla,,,01AN,01AN,61.649095, -149.339025
01AR,heliport,DeQueen Medical Center Heliport,440,NA,US,US-AR,DeQueen,,,01AR,01AR,34.047456, -94.354023
01AZ,heliport,Yat Heliport,3300,NA,US,US-AZ,Camp Verde,,,01AZ,01AZ,34.607406, -111.8609
01CA,heliport,SCE Lugo Substation Heliport,3733,NA,US,US-CA,Hesperia,,,01CA,01CA,34.368241, -117.370059
01CL,small_airport,Swansboro Country Airport,2594,NA,US,US-CA,Placerville,,,01CL,01CL,38.7999, -120.734001
01CO,heliport,St Vincent General Hospital Heliport,10175,NA,US,US-CO,Leadville,,,01CO,01CO,39.24530029296875, -106.24600219726562
01CT,heliport,Berlin Fairgrounds Heliport,60,NA,US,US-CT,Berlin,,,01CT,01CT,41.62730026245117, -72.72750091552734
01FA,small_airport,Rybolt Ranch Airport,55,NA,US,US-FL,Orlando,,,01FA,01FA,28.589399337768555, -81.14420318603516
01FD,heliport,Advent Health Altamonte Springs Heliport,86,NA,US,US-FL,Altamonte Springs,,,01FD,01FD,28.666639, -81.3697
01FL,small_airport,Cedar Knoll Flying Ranch Airport,19,NA,US,US-FL,Geneva,,,01FL,01FL,28.78190040588379, -81.1592025756836
01GA,heliport,Medical Center Heliport,319,NA,US,US-GA,Columbus,,,01GA,01GA,32.47930145263672, -84.9791030883789
01GE,small_airport,The Farm Airport,375,NA,US,US-GA,Wrightsville,,,01GE,01GE,32.675106, -82.771055
01ID,small_airport,Lava Hot Springs Airport,5268,NA,US,US-ID,Lava Hot Springs,,,01ID,01ID,42.6082, -112.031998
01II,small_airport,Myers Field,950,NA,US,US-IN,Lizton,,,01II,01II,39.8849983215332, -86.50669860839844
01IL,heliport,Hoopeston Community Memorial Hospital Heliport,583,NA,US,US-IL,Hoopeston,,,01IL,01IL,40.45859909057617, -87.65950012207031
01IN,heliport,Community Hospital Heliport,890,NA,US,US-IN,Anderson,,,01IN,01IN,40.13090133666992, -85.69580078125
01IS,small_airport,William E. Koenig Airport,670,NA,US,US-IL,Dow,,,01IS,01IS,39.01620101928711, -90.31819915771484
01J,small_airport,Hilliard Airpark,59,NA,US,US-FL,Hilliard,,,K01J,01J,30.685568, -81.906346
01K,small_airport,Caldwell Municipal Airport,1157,NA,US,US-KS,Caldwell,,,K01K,01K,37.036132, -97.58533
01KS,small_airport,Flying N Ranch Airport,1485,NA,US,US-KS,Lost Springs,,,01KS,01KS,38.54059982299805, -97.00330352783203
01KY,heliport,Lourdes Hospital Heliport,419,NA,US,US-KY,Paducah,,,01KY,01KY,37.051700592041016, -88.64689636230469
01LA,small_airport,Barham Airport,90,NA,US,US-LA,Oak Ridge,,,01LA,01LA,32.638999938964844, -91.77369689941406
01LL,small_airport,Schumaier Restricted Landing Area,555,NA,US,US-IL,Pinckneyville,,,01LL,01LL,38.12580108642578, -89.46389770507812
01LS,small_airport,Country Breeze Airport,125,NA,US,US-LA,Slaughter,,,01LS,01LS,30.722478, -91.077372
01MA,heliport,Compaq Andover Heliport,140,NA,US,US-MA,Andover,,,01MA,01MA,42.625099182128906, -71.18009948730469
01MD,seaplane_base,Annapolis Seaplane Base,,NA,US,US-MD,Annapolis,,,01MD,01MD,38.999199, -76.456001
01ME,seaplane_base,Saint Peter's Seaplane Base,608,NA,US,US-ME,Portage Lake,,,01ME,01ME,46.778900146484375, -68.50029754638672
01MI,heliport,Flow Through Terminal Heliport,736,NA,US,US-MI,Flint,,,01MI,01MI,43.04949951171875, -83.67970275878906
01MN,seaplane_base,Barnes Seaplane Base,1358,NA,US,US-MN,Cook,,,01MN,01MN,47.899600982666016, -92.55740356445312
01MO,heliport,Highway Patrol Troop C Headquarters Heliport,615,NA,US,US-MO,Town and Country,,,01MO,01MO,38.641700744628906, -90.48429870605469
01MT,small_airport,Crystal Lakes Resort Airport,3141,NA,US,US-MT,Fortine,,,01MT,01MT,48.789100646972656, -114.87999725341797
01MU,heliport,NWMC - Houghton Heliport,2873,NA,US,US-AZ,Tucson,,,01MU,01MU,32.196747, -110.775142
01NC,small_airport,Topsail Airpark,65,NA,US,US-NC,Holly Ridge,,,01NC,01NC,34.47529983520508, -77.5813980102539
01NH,small_airport,Moore Airfield,835,NA,US,US-NH,Canaan,,,01NH,01NH,43.6445, -72.086998
01NJ,heliport,Albert Guido Memorial Heliport,10,NA,US,US-NJ,Newark,,,01NJ,01NJ,40.739956, -74.136128
01NM,small_airport,Champion Ranch Airport,3630,NA,US,US-NM,Lake Arthur,,,01NM,01NM,33.008611, -104.540278
01NR,heliport,McGee 01 Heliport,40,NA,US,US-NC,Wilmington,,,01NR,01NR,34.196264, -77.919917
01NV,small_airport,Lantana Ranch Airport,4600,NA,US,US-NV,Yerington,,,01NV,01NV,38.76390075683594, -119.0270004272461
01NY,heliport,Vassar Hospital Heliport,100,NA,US,US-NY,Poughkeepsie,,,01NY,01NY,41.692415, -73.93683
01OH,heliport,Atrium Medical Center Heliport,775,NA,US,US-OH,Middletown,,,01OH,01OH,39.497455, -84.313851
01OI,heliport,Avita Health System Galion Hospital Heliport,1140,NA,US,US-OH,Galion,,,01OI,01OI,40.730267, -82.802022
01OL,small_airport,Spring Creek Ranch East Airport,1060,NA,US,US-OK,Tishomingo,,,01OL,01OL,34.391667, -96.690833
01PN,small_airport,Bierly(Personal Use) Airport,960,NA,US,US-PA,Bellefonte,,,01PN,01PN,40.930599212646484, -77.73889923095703
01PS,small_airport,Nort's Resort Airport,1040,NA,US,US-PA,Meshoppen,,,01PS,01PS,41.59590148925781, -76.02960205078125
01SC,small_airport,York Airport,779,NA,US,US-SC,York,,,01SC,01SC,35.032100677490234, -81.25279998779297
01TA,heliport,Thirty Thirty Matlock Office Center Heliport,630,NA,US,US-TX,Arlington,,,01TA,01TA,32.69419860839844, -97.11579895019531
01TE,small_airport,Smith Field,505,NA,US,US-TX,Forney,,,01TE,01TE,32.737598, -96.428001
01TN,small_airport,Colonial Air Park,370,NA,US,US-TN,Collierville,,,01TN,01TN,34.99589920043945, -89.73059844970703
01TT,heliport,Clute Fire & EMS Station #1 Heliport,7,NA,US,US-TX,Clute,,,01TT,01TT,29.012067, -95.402119
01U,small_airport,Duckwater Airport,5124,NA,US,US-NV,Duckwater,,,K01U,01U,38.849785, -115.634987
01UT,small_airport,La Sal Junction Airport,6000,NA,US,US-UT,La Sal,,,01UT,01UT,38.30830001831055, -109.39600372314453
01VA,small_airport,Pickles Airport,500,NA,US,US-VA,Berryville,,,01VA,01VA,39.125, -77.9250030518
01WA,heliport,Willapa Harbor Heliport,154,NA,US,US-WA,South Bend,,,01WA,01WA,46.66320037841797, -123.81199645996094
01WI,closed,Prehn Cranberry Company Airport,930,NA,US,US-WI,Tomah,,,,,44.009328, -90.38993
01WN,heliport,Whidbey General Hospital Heliport,103,NA,US,US-WA,Coupeville,,,01WN,01WN,48.213401794433594, -122.68499755859375
01WT,heliport,Odyssey Heliport,20,NA,US,US-WA,Renton,,,01WT,01WT,47.518178, -122.210908
01WY,small_airport,Keyhole Airport,4250,NA,US,US-WY,Pine Haven,,,01WY,01WY,44.348312, -104.8106
01XA,heliport,Ascension Seton Hays Heliport,715,NA,US,US-TX,Kyle,,,01XA,01XA,30.007222, -97.853333
01XS,heliport,Meadowood Ranch Heliport,500,NA,US,US-TX,Athens,,,01XS,01XS,32.020198822021484, -95.74549865722656
02AA,small_airport,Barefoot Airport,160,NA,US,US-AK,Big Lake,,,02AA,02AA,61.506147, -149.912825
02AK,small_airport,Rustic Wilderness Airport,190,NA,US,US-AK,Willow,,,02AK,02AK,61.876907, -150.097626
02AL,small_airport,Bass Field,61,NA,US,US-AL,Foley,,,02AL,02AL,30.37150001525879, -87.76439666748047
02AN,small_airport,Emerald Ridge Airport,222,NA,US,US-AK,Homer,,,02AN,02AN,59.704223, -151.295869
02CA,heliport,Swepi Beta Platform Ellen Heliport,122,NA,US,US-CA,Huntington Beach,,,02CA,02CA,33.58250045776367, -118.12899780273438
02CD,small_airport,Shannon Field,165,NA,US,US-MS,Clarksdale,,,02CD,02CD,34.129600524902344, -90.52400207519531
02CL,small_airport,Conover Air Lodge Airport,5160,NA,US,US-CA,Frazier Park,,,02CL,02CL,34.761101, -119.058998
02CO,small_airport,Mc Cullough Airport,7615,NA,US,US-CO,Monte Vista,,,02CO,02CO,37.64329910279999, -106.04699707
02CT,heliport,Strangers Point Heliport,540,NA,US,US-CT,Ellington,,,02CT,02CT,41.91960144042969, -72.44450378417969
02FA,small_airport,Osborn Airfield,121,NA,US,US-FL,Groveland,,,02FA,02FA,28.526699, -81.874802
02FD,small_airport,Triple R Ranch Airport,209,NA,US,US-FL,Baker,,,02FD,02FD,30.950976, -86.635555
02GA,small_airport,Doug Bolton Field,884,NA,US,US-GA,Commerce,,,02GA,02GA,34.202598571777344, -83.42900085449219
02GE,small_airport,Etowah Fields Airport,710,NA,US,US-GA,Euharlee,,,02GE,02GE,34.17530059814453, -84.92440032958984
02HI,heliport,K3 Helipad Heliport,9,OC,US,US-HI,Honolulu,,,02HI,02HI,21.35839, -157.94789
02IA,heliport,Boone County Hospital Heliport,1160,NA,US,US-IA,Boone,,,02IA,02IA,42.05609893798828, -93.87799835205078
02ID,small_airport,Morgan Ranch Airport,5634,NA,US,US-ID,Cascade,,,02ID,02ID,44.55550003051758, -115.30500030517578
02II,small_airport,King Ultralightport,925,NA,US,US-IN,Westfield,,,02II,02II,40.06230163574219, -86.21050262451172
02IN,small_airport,Diamond P. Field,904,NA,US,US-IN,Muncie,,,02IN,02IN,40.208900451660156, -85.54080200195312
02IS,heliport,Condell Medical Center Heliport,762,NA,US,US-IL,Libertyville,,,02IS,02IS,42.274600982666016, -87.9572982788086
02KS,small_airport,JMJ Landing Airport,1170,NA,US,US-KS,Saint Marys,,,02KS,02KS,39.221416, -96.057072
02KT,heliport,St Claire Healthcare Heliport,781,NA,US,US-KY,Morehead,,,02KT,02KT,38.181441, -83.443319
02KY,heliport,Boone National Guard Heliport,760,NA,US,US-KY,Frankfort,,,02KY,02KY,38.190282, -84.906442
02LA,heliport,Louisiana State Police Troop G Heliport,168,NA,US,US-LA,Bossier City,,,02LA,02LA,32.531491, -93.659939
02LS,heliport,Windy Hill Heliport,25,NA,US,US-LA,Broussard,,,02LS,02LS,30.148300170898438, -91.91899871826172
02MA,heliport,Cuttyhunk Heliport,9,NA,US,US-MA,Cuttyhunk,,,02MA,02MA,41.419601, -70.927002
02MD,small_airport,Garner Field,141,NA,US,US-MD,Brandywine,,,02MD,02MD,38.672544, -76.709739
02ME,small_airport,Nadeau's Airfield,700,NA,US,US-ME,Acton,,,02ME,02ME,43.537467, -70.930685
02MI,small_airport,Fairplains Airpark,850,NA,US,US-MI,Greenville,,,02MI,02MI,43.157100677490234, -85.14849853515625
02MO,small_airport,Troy Airpark,650,NA,US,US-MO,Troy,,,02MO,02MO,39.04999923706055, -91.03350067138672
02MS,small_airport,Watts Field,153,NA,US,US-MS,Rochdale,,,02MS,02MS,34.095701, -90.846131
02NE,small_airport,Benes Service Airport,1550,NA,US,US-NE,Valparaiso,,,02NE,02NE,41.074501037597656, -96.90450286865234
02NH,seaplane_base,Iroquois Landing Seaplane Base,1180,NA,US,US-NH,Dummer,,,02NH,02NH,44.657100677490234, -71.21910095214844
02NJ,heliport,Penske Heliport,78,NA,US,US-NJ,Piscataway,,,02NJ,02NJ,40.55730056762695, -74.46710205078125
02NM,small_airport,FFR Animas Landing Strip,4240,NA,US,US-NM,Animas,,,02NM,02NM,32.09071, -108.870735
02NR,heliport,McGee 02 Heliport,25,NA,US,US-NC,Greenville,,,02NR,02NR,35.592197, -77.377372
02NV,small_airport,Paiute Meadows Airport,4443,NA,US,US-NV,Winnemucca,,,02NV,02NV,41.299551, -118.926709
02NY,heliport,Hansen Heliport,435,NA,US,US-NY,Durhamville,,,02NY,02NY,43.132598876953125, -75.65550231933594
02OH,small_airport,Zimmerman Airport,614,NA,US,US-OH,Fremont,,,02OH,02OH,41.376399993896484, -83.08329772949219
02OI,small_airport,Murtha Airport,950,NA,US,US-OH,Conneaut,,,02OI,02OI,41.801998138427734, -80.56539916992188
02OL,heliport,War Veterans Colony Heliport,807,NA,US,US-OK,Wilburton,,,02OL,02OL,34.811412, -95.307727
02OR,small_airport,Rowena Dell Airport,705,NA,US,US-OR,The Dalles,,,02OR,02OR,45.68149948120117, -121.31600189208984
02P,heliport,Stottle Memorial Heliport,591,NA,US,US-PA,Honey Grove,,,26PA,26PA,40.403596, -77.556602
02PA,heliport,Lag III Heliport,1070,NA,US,US-PA,Monroeville,,,02PA,02PA,40.438301, -79.769997
02PN,heliport,Peco Berwyn Heliport,390,NA,US,US-PA,Berwyn,,,02PN,02PN,40.06959915161133, -75.4552001953125
02PR,small_airport,Cuylers Airport,15,NA,PR,PR-U-A,Vega Baja,,,02PR,02PR,18.464924, -66.363773
02RI,heliport,Miramar Residence Heliport,36,NA,US,US-RI,Newport,,,02RI,02RI,41.457931, -71.304886
02SC,small_airport,Harpers Airport,111,NA,US,US-SC,Estill,,,02SC,02SC,32.760211, -81.225872
02T,small_airport,Wise River Airport,5830,NA,US,US-MT,Wise River,,,02T,02T,45.769100189208984, -112.98200225830078
02TA,heliport,Matagorda Shore Facility Heliport,5,NA,US,US-TX,Matagorda,,,02TA,02TA,28.722177, -95.875813
02TE,heliport,Baylor Medical Center Heliport,560,NA,US,US-TX,Waxahachie,,,02TE,02TE,32.39540100097656, -96.86419677734375
02TN,small_airport,Ellis Field,840,NA,US,US-TN,Rockvale,,,02TN,02TN,35.780355, -86.585521
02UT,small_airport,Lucin Airport,4412,NA,US,US-UT,Lucin,,,02UT,02UT,41.369336, -113.841019
02VA,small_airport,The Greenhouse Airport,320,NA,US,US-VA,Culpeper,,,02VA,02VA,38.435699462890625, -77.8572006225586
02VG,heliport,Northstar Aviation Heliport,1850,NA,US,US-VA,Bristol,,,02VG,02VG,36.63880157470703, -82.11669921875
02WA,small_airport,Cawleys South Prairie Airport,690,NA,US,US-WA,South Prairie,,,02WA,02WA,47.15230178833008, -122.09400177001953
02WI,small_airport,Beer Airport,920,NA,US,US-WI,Hudson,,,02WI,02WI,45.031898498535156, -92.65579986572266
02WN,small_airport,Fowler Field,2150,NA,US,US-WA,Tonasket,,,02WN,02WN,48.74580001831055, -119.31900024414062
02XA,small_airport,JLS Farms Airport,675,NA,US,US-TX,Honey Grove,,,02XA,02XA,33.591319, -95.882864
03AA,heliport,Trapper T Heliport,159,NA,US,US-AK,Palmer,,,03AA,03AA,61.556055, -149.284527
03AK,seaplane_base,Joe Clouds Seaplane Base,150,NA,US,US-AK,Kenai,,,03AK,03AK,60.72722244262695, -151.13278198242188
03AL,heliport,Highland Medical Center Heliport,628,NA,US,US-AL,Scottsboro,,,03AL,03AL,34.662604, -86.046774
03AR,heliport,Hscmh Heliport,350,NA,US,US-AR,Malvern,,,03AR,03AR,34.357601165771484, -92.78849792480469
03AZ,small_airport,Thompson International Aviation Airport,4275,NA,US,US-AZ,Hereford,,,03AZ,03AZ,31.430971, -110.088087
03CA,heliport,Grossmont Hospital Heliport,634,NA,US,US-CA,La Mesa,,,03CA,03CA,32.779484, -117.006952
03FA,small_airport,Lake Persimmon Airstrip,70,NA,US,US-FL,Lake Placid,,,03FA,03FA,27.353099822998047, -81.40809631347656
03FL,closed,Ranger Heliport,20,NA,US,US-FL,West Palm Beach,,,,,26.683716, -80.186561
03GA,small_airport,HIA Airport,238,NA,US,US-GA,Statesboro,,,03GA,03GA,32.561626, -81.85509
03GE,heliport,NGMC Lumpkin Hospital Heliport,1178,NA,US,US-GA,Dahlonega,,,03GE,03GE,34.523153, -83.975058
03ID,small_airport,Flying Y Ranch Airport,3180,NA,US,US-ID,Council,,,03ID,03ID,44.793965, -116.531543
03II,small_airport,Davis Field Ultralightport,465,NA,US,US-IN,Mount Vernon,,,03II,03II,37.9620018005, -87.7789001465
03IL,small_airport,Wix Airport,750,NA,US,US-IL,Monee,,,03IL,03IL,41.40230178833008, -87.81670379638672
03IN,small_airport,Heinzman Airport,850,NA,US,US-IN,Arcadia,,,03IN,03IN,40.18000030517578, -86.01249694824219
03IS,heliport,OSF St Anthony's Health Center Heliport,580,NA,US,US-IL,Alton,,,03IS,03IS,38.904999, -90.173401
03KS,heliport,Valley Grain Heliport,1160,NA,US,US-KS,Highland,,,03KS,03KS,39.86470031738281, -95.26409912109375
03KY,small_airport,Flying H Farms Airport,385,NA,US,US-KY,Henderson,,,03KY,03KY,37.796085, -87.53859
03LA,heliport,Damien Heliport,25,NA,US,US-LA,Carville,,,03LA,03LA,30.199600219726562, -91.12789916992188
03LS,heliport,Fmc Nr 1 Heliport,79,NA,US,US-LA,Winnsboro,,,03LS,03LS,32.159000396728516, -91.70800018310547
03M,seaplane_base,Lakeside Lodge and Marina Seaplane Base,165,NA,US,US-ME,East Winthrop,,,03M,03M,44.3209, -69.889503
03MA,small_airport,Hadley Airport,150,NA,US,US-MA,Hadley,,,03MA,03MA,42.393431, -72.551553
03MD,heliport,Upper Chesapeake Medical Center Heliport,302,NA,US,US-MD,Bel Air,,,03MD,03MD,39.518427, -76.346022
03ME,small_airport,Maple Ridge Airport,556,NA,US,US-ME,Harrison,,,03ME,03ME,44.084251, -70.626905
03MI,heliport,Harold Miller Heliport,585,NA,US,US-MI,Bay City,,,03MI,03MI,43.550899505615234, -83.86219787597656
03MN,small_airport,Nauerth Land Ranch Airport,1435,NA,US,US-MN,Lakefield,,,03MN,03MN,43.62519836425781, -95.22470092773438
03MS,heliport,Vicksburg Medical Center Heliport,110,NA,US,US-MS,Vicksburg,,,03MS,03MS,32.31880187988281, -90.8832015991211
03MT,small_airport,Cascade Field,3580,NA,US,US-MT,Cascade,,,3MT7,3MT7,47.267327, -111.71748
03MU,small_airport,McDonnell Airport,874,NA,US,US-MO,Archie,,,03MU,03MU,38.4925, -94.412498
03N,small_airport,Utirik Airport,4,OC,MH,MH-UTI,Utirik Island,,UTK,03N,03N,11.222219, 169.851429
03NC,small_airport,Pilots Ridge Airport,35,NA,US,US-NC,Carolina Beach,,,03NC,03NC,34.104236, -77.905855
03ND,small_airport,Olafson Brothers Airport,1045,NA,US,US-ND,Edinburg,,,03ND,03ND,48.626399993896484, -97.8290023803711
03NE,small_airport,Hyde Ranch Airport,2430,NA,US,US-NE,Comstock,,,03NE,03NE,41.5463981628418, -99.3311996459961
03NH,heliport,Lorden Heliport,400,NA,US,US-NH,Milford,,,03NH,03NH,42.815399169921875, -71.12439727783203
03NM,heliport,Miner's Colfax Medical Center Heliport,6600,NA,US,US-NM,Raton,,,03NM,03NM,36.862377, -104.442853
03NR,heliport,Johnston Medical Center Heliport,320,NA,US,US-NC,Clayton,,,03NR,03NR,35.63027, -78.50392
03NV,small_airport,Llama Ranch Airport,6120,NA,US,US-NV,Ruby Valley,,,03NV,03NV,40.58440017700195, -115.2979965209961
03NY,small_airport,Talmage Field,95,NA,US,US-NY,Riverhead,,,03NY,03NY,40.958308, -72.717326
03OH,small_airport,Gibbs Field,580,NA,US,US-OH,Fremont,,,03OH,03OH,41.416933, -83.018339
03OK,small_airport,Sahoma Lake Airport,890,NA,US,US-OK,Sapulpa,,,03OK,03OK,36.041259, -96.161517
03OL,small_airport,Bluebird Airport,1232,NA,US,US-OK,Alex,,,03OL,03OL,35.012334, -97.702735
03OR,small_airport,Powwatka Ridge Airport,3340,NA,US,US-OR,Troy,,,03OR,03OR,45.85540008544922, -117.48400115966797
03PA,heliport,Collegeville Heliport,197,NA,US,US-PA,Collegeville,,,03PA,03PA,40.162899017333984, -75.4656982421875
03PN,heliport,M.P. Metals Heliport,479,NA,US,US-PA,Berwick,,,03PN,03PN,41.066861, -76.180806
03PR,small_airport,Sun View Field Airport,980,NA,US,US-KS,Bonner Springs,,,03PR,03PR,39.065931, -94.938417
03S,small_airport,Sandy River Airport,704,NA,US,US-OR,Sandy,,,K03S,03S,45.401629, -122.228771
03SC,heliport,Seacoast Medical Center Heliport,73,NA,US,US-SC,Little River,,,03SC,03SC,33.8650016784668, -78.66190338134766
03TE,small_airport,Barronena Ranch Airport,600,NA,US,US-TX,Hebbronville,,,03TE,03TE,27.490812, -98.669615
03TN,heliport,Eagles Landing Heliport,1000,NA,US,US-TN,Sevierville,,,03TN,03TN,35.92250061035156, -83.57939910888672
03TS,heliport,Shannon Medical Center Heliport,1825,NA,US,US-TX,San Angelo,,,03TS,03TS,31.4658, -100.43397
03TT,small_airport,Brazos Polo Airport,117,NA,US,US-TX,Orchard,,,03TT,03TT,29.632117, -95.932481
03TX,heliport,M D K Field Heliport,50,NA,US,US-TX,Pearland,,,03TX,03TX,29.580929, -95.30508
03UT,small_airport,AZ Minerals Corporation Airport,5315,NA,US,US-UT,Mexican Hat,,,03UT,03UT,37.114384, -109.99014
03WA,small_airport,Spangle Field,2440,NA,US,US-WA,Spangle,,,03WA,03WA,47.408199310302734, -117.37200164794922
03WN,small_airport,Aerostone Ranch Airport,2320,NA,US,US-WA,Goldendale,,,03WN,03WN,45.875, -120.66999816894531
03WT,heliport,Lopez Medical Clinic Heliport,38,NA,US,US-WA,Lopez Island,,,03WT,03WT,48.524894, -122.912394
03XA,heliport,Del Sol Medical Center Heliport,3881,NA,US,US-TX,El Paso,,,03XA,03XA,31.7574, -106.346895
03XS,small_airport,Creekside Airport,2100,NA,US,US-TX,Mertzon,,,03XS,03XS,31.318099975585938, -100.75399780273438
04AA,small_airport,Flying W Ranch Airport,250,NA,US,US-AK,Soldotna,,,04AA,04AA,60.535833, -150.811387
04AL,heliport,Anniston AHP (Anniston Army Depot),686,NA,US,US-AL,Anniston,,,04AL,04AL,33.62639999, -85.96720123
04AN,small_airport,North 40 Airport,943,NA,US,US-AK,Sutton,,,04AN,04AN,61.737511, -148.700724
04AR,heliport,Saline Memorial Hospital Heliport,430,NA,US,US-AR,Benton,,,04AR,04AR,34.574319, -92.586047
04CA,small_airport,Gray Butte Field,3020,NA,US,US-CA,Palmdale,,,04CA,04CA,34.566631, -117.670666
04CL,small_airport,Hunt's Sky Ranch Airport,2310,NA,US,US-CA,Julian,,,04CL,04CL,33.08169937133789, -116.44100189208984
04CT,heliport,Shingle Mill Heliport,880,NA,US,US-CT,Harwinton,,,04CT,04CT,41.75510025024414, -73.05239868164062
04FA,small_airport,Richards Field,9,NA,US,US-FL,Homestead,,,04FA,04FA,25.558700561523438, -80.51509857177734
04FD,heliport,Tampa General Hospital Brandon Healthplex Heliport,37,NA,US,US-FL,Brandon,,,04FD,04FD,27.929372, -82.336981
04FL,small_airport,Cross Creek Farms Airport,30,NA,US,US-FL,Ormond Beach,,,04FL,04FL,29.240353, -81.222525
04GA,heliport,Verge Towers Heliport,753,NA,US,US-GA,Monroe,,,04GA,04GA,33.832365, -83.562335
04I,small_airport,Columbus Southwest Airport,920,NA,US,US-OH,Columbus,,,K04I,04I,39.91151, -83.188577
04IA,small_airport,Middlekoop Airport,801,NA,US,US-IA,Packwood,,,04IA,04IA,41.08829879760742, -92.05460357666016
04ID,small_airport,Lanham Field,2343,NA,US,US-ID,Emmett,,,04ID,04ID,43.877015, -116.538365
04IL,small_airport,Schertz Aerial Service - Hudson Airport,755,NA,US,US-IL,Hudson,,,04IL,04IL,40.6375007629, -89.0070037842
04IN,seaplane_base,Lake Gage Seaplane Base,954,NA,US,US-IN,Angola,,,04IN,04IN,41.701389, -85.113056
04IS,small_airport,Van Gorder Airport,728,NA,US,US-IL,Mansfield,,,04IS,04IS,40.1786003112793, -88.56900024414062
04KY,small_airport,Natchez Trace Farm Airport,710,NA,US,US-KY,Hiseville,,,04KY,04KY,37.135101318359375, -85.78939819335938
04LA,heliport,Saint James Parish Hospital Heliport,10,NA,US,US-LA,Lutcher,,,04LA,04LA,30.051001, -90.703848
04LS,heliport,La National Guard Heliport,52,NA,US,US-LA,Baton Rouge,,,04LS,04LS,30.44610023498535, -91.10530090332031
04MA,small_airport,Goddard Field,200,NA,US,US-MA,Haverhill,,,04MA,04MA,42.810908, -71.140959
04MD,heliport,Chesapeake City Heliport,40,NA,US,US-MD,Chesapeake City,,,04MD,04MD,39.51810073852539, -75.82140350341797
04ME,small_airport,Beech Hill Airport,625,NA,US,US-ME,Mercer,,,04ME,04ME,44.66669845581055, -69.8938980102539
04MI,small_airport,Rapids Airway Airport,880,NA,US,US-MI,Eaton Rapids,,,04MI,04MI,42.53450012207031, -84.62830352783203
04MN,small_airport,Helblad Airport,1195,NA,US,US-MN,Kelliher,,,04MN,04MN,47.985801696777344, -94.68689727783203
04MS,small_airport,Nick's Flying Service Inc Airport,100,NA,US,US-MS,Rolling Fork,,,04MS,04MS,32.940537, -90.836683
04MT,small_airport,Pluhar Airport,2715,NA,US,US-MT,Cohagen,,,04MT,04MT,47.13749777779999, -106.488095
04NC,heliport,Western Wake Medical Center Heliport,445,NA,US,US-NC,Cary,,,04NC,04NC,35.739200592, -78.7822036743
04NE,small_airport,Mc Connell Field Airport,3035,NA,US,US-NE,Sarben,,,04NE,04NE,41.159999847399995, -101.299003601
04NJ,small_airport,Emmanuel Airport,155,NA,US,US-NJ,Elmer,,,04NJ,04NJ,39.596801757799994, -75.2334976196
04NR,heliport,McGee 04 Heliport,40,NA,US,US-NC,Jacksonville,,,04NR,04NR,34.775671, -77.392244
04NV,small_airport,Kingston Ranch Airport,2620,NA,US,US-NV,Sandy Valley,,,04NV,04NV,35.7555007935, -115.665000916
04NY,small_airport,Klaverack Airport,250,NA,US,US-NY,Hudson,,,04NY,04NY,42.262298584, -73.6961975098
04OG,heliport,Teufel Heliport,185,NA,US,US-OR,Forest Grove,,,04OG,04OG,45.530833, -123.085556
04OK,heliport,Stillwater Medical Center Heliport,984,NA,US,US-OK,Stillwater,,,04OK,04OK,36.1152992249, -97.079498291
04OR,small_airport,Collins Landing Strip,1500,NA,US,US-OR,Mitchell,,,04OR,04OR,44.7499008179, -120.200996399
04PA,heliport,S & C Distribution Center Heliport,50,NA,US,US-PA,Philadelphia,,,04PA,04PA,39.87929916379999, -75.2287979126
04PN,heliport,Strawbridge & Clothier Exton Heliport,320,NA,US,US-PA,Exton,,,04PN,04PN,40.0306619, -75.63021
04SC,heliport,Emergency Helipad,994,NA,US,US-SC,Easley,,,04SC,04SC,34.842188, -82.60714
04SD,heliport,Cheyenne River Health Center Heliport,2437,NA,US,US-SD,Eagle Butte,,,04SD,04SD,44.993013, -101.24311
04TE,heliport,Veterans Affairs Medical Center Heliport,49,NA,US,US-TX,Houston,,,04TE,04TE,29.699687, -95.39069
04TN,small_airport,Hensley Airpark,1430,NA,US,US-TN,Chuckey,,,04TN,04TN,36.183300018299995, -82.67890167239999
04TS,heliport,Hummingbird Heliport,690,NA,US,US-TX,Round Rock,,,04TS,04TS,30.553284, -97.605358
04TT,small_airport,4D Ranch Airport,1550,NA,US,US-TX,Utopia,,,04TT,04TT,29.713072, -99.545642
04TX,small_airport,Pocock Airport,565,NA,US,US-TX,China Spring,,,04TX,04TX,31.732779, -97.369326
04UT,small_airport,Navajo Mountain Airport,6160,NA,US,US-UT,Navajo Mountain,,,04UT,04UT,37.006689, -110.794701
04V,small_airport,Saguache Municipal Airport,7826,NA,US,US-CO,Saguache,,,K04V,04V,38.099083, -106.174389
04VA,heliport,Russell County Medical Center Heliport,2004,NA,US,US-VA,Lebanon,,,04VA,04VA,36.898246, -82.078477
04VG,small_airport,Manquin Flight Park Ultralightport,50,NA,US,US-VA,Manquin,,,04VG,04VG,37.706546, -77.201621
04VT,small_airport,Lightning Bolt Field Airport,2156,NA,US,US-VT,Cabot,,,04VT,04VT,44.4011001587, -72.26360321039999
04W,small_airport,Field of Dreams Airport,1021,NA,US,US-MN,Hinckley,,,K04W,04W,46.0228, -92.895401
04WA,small_airport,Ox Meadows Airport,2345,NA,US,US-WA,Spokane,,,04WA,04WA,47.581795, -117.437131
04WI,small_airport,Dutch Gap Airstrip,760,NA,US,US-WI,Bristol,,,04WI,04WI,42.523399353, -88.0167007446
04WN,small_airport,Stillwater Creek Airport,1510,NA,US,US-WA,Royal City,,,04WN,04WN,46.95835, -119.63864
04WV,heliport,West Virginia Univ. Hosp. Inc. Gnd. Pad #2 Heliport,1137,NA,US,US-WV,Morgantown,,,04WV,04WV,39.6536111111, -79.9561111111
04XA,small_airport,Pecan Field,1130,NA,US,US-TX,Jermyn,,,04XA,04XA,33.283933, -98.402861
05AK,small_airport,Wasilla Creek Airpark,620,NA,US,US-AK,Palmer,,,05AK,05AK,61.66830063, -149.1880035
05AL,heliport,Allen Stagefield Army Heliport,365,NA,US,US-AL,Fort Rucker/Wicksburg,,,05AL,05AL,31.2311992645, -85.64969635010002
05AN,small_airport,Wetons Aerodrome,795,NA,US,US-AK,Fox,,,05AN,05AN,64.960472, -147.601092
05AR,small_airport,Ozark Skies Airpark,1900,NA,US,US-AR,Kingston,,,05AR,05AR,36.000633, -93.57025
05AZ,heliport,Yuma Regional Medical Center Heliport,200,NA,US,US-AZ,Yuma,,,05AZ,05AZ,32.683452, -114.634346
05B,seaplane_base,Van Buren Seaplane Base,440,NA,US,US-ME,Van Buren,,,,05B,47.158901, -67.931999
05CA,heliport,Lost Hills Sheriff's Station Heliport,888,NA,US,US-CA,Calabasas,,,05CA,05CA,34.136516, -118.714685
05CL,small_airport,Pope Valley Airport,618,NA,US,US-CA,Pope Valley,,,05CL,05CL,38.6106987, -122.39099884
05CO,small_airport,Rancho de Aereo Airport,4978,NA,US,US-CO,Mead,,,05CO,05CO,40.214984, -104.984423
05CT,heliport,O And G Heliport,600,NA,US,US-CT,Torrington,,,05CT,05CT,41.7737007141, -73.1162033081
05FA,small_airport,Melanie's Airport,295,NA,US,US-FL,Florala,,,05FA,05FA,30.918899536132812, -86.21829986572266
05FD,heliport,Aventura Heliport,6,NA,US,US-FL,North Miami Beach,,,05FD,05FD,25.960899353027344, -80.13919830322266
05FL,small_airport,Charlton Strip,36,NA,US,US-FL,La Belle,,,05FL,05FL,26.52018, -81.41031
05GA,small_airport,Raju Airport,625,NA,US,US-GA,Richland,,,05GA,05GA,32.0713996887207, -84.71440124511719
05IA,small_airport,Spotts Field,1155,NA,US,US-IA,Nora Springs,,,05IA,05IA,43.13750076293945, -93.06829833984375
05ID,small_airport,Running Creek Ranch Airport,2969,NA,US,US-ID,Elk City,,,05ID,05ID,45.914101, -114.835999
05IL,small_airport,Classic Landings Airport,635,NA,US,US-IL,Bonfield,,,05IL,05IL,41.156700134277344, -88.0167007446289
05IN,small_airport,Cooper Airport,860,NA,US,US-IN,Belleville,,,05IN,05IN,39.641998291015625, -86.50420379638672
05IS,small_airport,Hardy Airport,605,NA,US,US-IL,Mount Auburn,,,05IS,05IS,39.72589874267578, -89.26399993896484
05KS,small_airport,Darbro Field,945,NA,US,US-KS,Elk City,,,05KS,05KS,37.26620101928711, -95.95919799804688
05KT,small_airport,High Point Farm Airport,880,NA,US,US-KY,Frankfort,,,05KT,05KT,38.187091, -84.93011
05KY,small_airport,Cartersville Airport,1070,NA,US,US-KY,Paint Lick,,,05KY,05KY,37.53575, -84.407303
05LA,small_airport,Greg's Flying Service Airport,76,NA,US,US-LA,Winnsboro,,,05LA,05LA,32.265301, -91.6978
05LL,heliport,Midwest Heliport,710,NA,US,US-IL,Willowbrook,,,05LL,05LL,41.749228, -87.935783
05LS,small_airport,Grass Roots Airport,83,NA,US,US-LA,Alexandria,,,05LS,05LS,31.252148, -92.47569
05M,heliport,Pauls Valley General Hospital Heliport,911,NA,US,US-OK,Pauls Valley,,,,,34.71979, -97.214237
05MA,heliport,Bentley Heliport,80,NA,US,US-MA,Ipswich,,,05MA,05MA,42.691200256347656, -70.91230010986328
05MD,small_airport,Breezecroft Airport,20,NA,US,US-MD,Chestertown,,,05MD,05MD,39.244232, -76.198661
05ME,small_airport,Drisko Airport,70,NA,US,US-ME,Jonesboro,,,05ME,05ME,44.65700149536133, -67.55919647216797
05MI,heliport,Beaumont Hospital Taylor Heliport,621,NA,US,US-MI,Taylor,,,05MI,05MI,42.236433, -83.276421
05MN,heliport,Northern Pines Medical Center Heliport,1446,NA,US,US-MN,Aurora,,,05MN,05MN,47.5175001, -92.2302778
05MS,heliport,VA Medical Center Jackson Heliport,359,NA,US,US-MS,Jackson,,,05MS,05MS,32.32973, -90.16273
05MT,small_airport,Jones Landing Airport,4364,NA,US,US-MT,Belgrade,,,05MT,05MT,45.815368, -111.152163
05NE,small_airport,Mc Kay Airport,2010,NA,US,US-NE,Spalding,,,05NE,05NE,41.7221984863, -98.3089981079
05NH,heliport,Stumpfield Heliport,200,NA,US,US-NH,Kensington,,,05NH,05NH,42.92390060424805, -70.95140075683594
05NJ,heliport,Paulus Hook Pier Heliport,7,NA,US,US-NJ,Jersey City,,,05NJ,05NJ,40.713385, -74.03203
05NR,small_airport,Gary Fox Airport,675,NA,US,US-NC,Mebane,,,05NR,05NR,36.168415, -79.276908
05NV,small_airport,Baker Ranches Airport,5180,NA,US,US-NV,Baker,,,05NV,05NV,39.0311, -114.088219
05NY,heliport,Oswego County At Pulaski Heliport,445,NA,US,US-NY,Pulaski,,,05NY,05NY,43.551998138427734, -76.09020233154297
05OG,heliport,Drill Field Pad Heliport,415,NA,US,US-OR,Eugene,,,05OG,05OG,44.059531, -123.118951
05OH,small_airport,Eaglecrest Field,968,NA,US,US-OH,Conesville,,,05OH,05OH,40.184513, -81.920564
05OI,small_airport,Dorlon Airpark,830,NA,US,US-OH,Columbia Station,,,05OI,05OI,41.28839874267578, -81.96260070800781
05OR,small_airport,Peacock Ranch Airport,3500,NA,US,US-OR,Enterprise,,,05OR,05OR,45.44428, -117.34722
05PA,heliport,PECO Mob. Heliport,110,NA,US,US-PA,Philadelphia,,,05PA,05PA,39.9548, -75.178201
05PN,heliport,State Police Area Iii Heliport,485,NA,US,US-PA,Harrisburg,,,05PN,05PN,40.30009841918945, -76.85800170898438
05PS,small_airport,Mills Brothers Airport,1210,NA,US,US-PA,Neelyton,,,05PS,05PS,40.143075, -77.86221
05S,small_airport,Vernonia Airfield,647,NA,US,US-OR,Vernonia,,,05S,05S,45.85150146484375, -123.24199676513672
05TA,small_airport,Brandes Air Field,276,NA,US,US-TX,Sealy,,,05TA,05TA,29.809099197387695, -96.26509857177734
05TE,small_airport,Hilde-Griff Field,950,NA,US,US-TX,Georgetown,,,05TE,05TE,30.72209930419922, -97.79139709472656
05TS,small_airport,Dew Drop Airport,750,NA,US,US-TX,Justin,,,05TS,05TS,33.12929916381836, -97.35859680175781
05TX,small_airport,Circle A Ranch Airport,608,NA,US,US-TX,Blum,,,05TX,05TX,32.128974, -97.404582
05V,small_airport,Blanca Airport,7720,NA,US,US-CO,Blanca,,,K05V,05V,37.411098, -105.552002
05VA,small_airport,Providence Airport,445,NA,US,US-VA,Farmville,,,05VA,05VA,37.22420120239258, -78.4186019897461
05VT,heliport,Port of Highgate Springs Heliport,68,NA,US,US-VT,Highgate Springs,,,05VT,05VT,45.013301849365234, -73.08670043945312
05WA,heliport,Sacred Heart Medical Center Helistop,2220,NA,US,US-WA,Spokane,,,05WA,05WA,47.64820098876953, -117.41400146484375
05WI,small_airport,Ames Private Airport,958,NA,US,US-WI,Darien,,,05WI,05WI,42.651100158691406, -88.74590301513672
05WN,small_airport,Flat Creek Field,1570,NA,US,US-WA,Kettle Falls,,,05WN,05WN,48.702222, -118.0475
05XA,heliport,Moore County Hospital District Heliport,3664,NA,US,US-TX,Dumas,,,05XA,05XA,35.863631, -101.970944
05XS,small_airport,Johnson Memorial Airport,105,NA,US,US-AR,Wilmot,,,05XS,05XS,33.079498, -91.561391
05Y,small_airport,Henning Municipal Airport,1455,NA,US,US-MN,Henning,,,05Y,05Y,46.303799, -95.439499
06AA,small_airport,Twisted Sisters Airport,260,NA,US,US-AK,Sterling,,,06AA,06AA,60.540256, -150.813827
06AK,small_airport,June Lake Airpark,425,NA,US,US-AK,Wasilla,,,06AK,06AK,61.627619, -149.575331
06AL,heliport,Brown Stagefield Army Heliport,415,NA,US,US-AL,Fort Rucker/New Brockton,,,06AL,06AL,31.388399124145508, -85.97239685058594
06AR,small_airport,Bondair Airport,499,NA,US,US-AR,Higden,,,06AR,06AR,35.544498443603516, -92.18489837646484
06AZ,heliport,Mercy Gilbert Medical Center Heliport,1280,NA,US,US-AZ,Gilbert,,,06AZ,06AZ,33.287759, -111.751454
06B,seaplane_base,Lucky Landing Marina and Seaplane Base,115,NA,US,US-ME,Glenburn,,,,06B,44.907001, -68.805
06CA,heliport,SCE Solar I Heliport,1942,NA,US,US-CA,Daggett,,,06CA,06CA,34.868942, -116.832024
06CL,heliport,ABC7-TV Heliport,520,NA,US,US-CA,Glendale,,,06CL,06CL,34.15732, -118.2888
06CO,small_airport,Jecan Airport,5100,NA,US,US-CO,Branson,,,06CO,06CO,37.385754, -103.691482
06FA,small_airport,William P Gwinn Airport,28,NA,US,US-FL,Jupiter,,,06FA,06FA,26.90839958190918, -80.32890319824219
06FD,small_airport,Grass Roots Airpark,105,NA,US,US-FL,Mascotte,,,06FD,06FD,28.641700744628906, -81.88500213623047
06FL,heliport,Morton Plant Hospital Heliport,3,NA,US,US-FL,Clearwater,,,06FL,06FL,27.953527, -82.806222
06GA,heliport,Smith Heliport,1065,NA,US,US-GA,Redan,,,06GA,06GA,33.75339889526367, -84.16210174560547
06I,seaplane_base,Patoka Reservoir Landing Area Seaplane Base,536,NA,US,US-IN,French Lick,,,06I,06I,38.43339920043945, -86.69110107421875
06IA,small_airport,Rich Field,880,NA,US,US-IA,Walford,,,06IA,06IA,41.841400146484375, -91.83429718017578
06ID,small_airport,Larkin Airport,2750,NA,US,US-ID,Kuna,,,06ID,06ID,43.46269989013672, -116.35900115966797
06IL,small_airport,Humm Airport,708,NA,US,US-IL,Earlville,,,06IL,06IL,41.5994987487793, -88.86990356445312
06IS,small_airport,Sinele Strip,695,NA,US,US-IL,Nauvoo,,,06IS,06IS,40.5463981628418, -91.27429962158203
06KS,heliport,Riverside Hospital Airlift Heliport,1332,NA,US,US-KS,Wichita,,,06KS,06KS,37.69580078125, -97.37249755859375
06LA,heliport,Panther Helicopters Inc Heliport,,NA,US,US-LA,Belle Chasse,,,06LA,06LA,29.84606, -90.03216
06LS,heliport,Tembec Heliport,85,NA,US,US-LA,St Francisville,,,06LS,06LS,30.70789909362793, -91.32019805908203
06MA,heliport,The Barn Heliport,210,NA,US,US-MA,Pepperell,,,06MA,06MA,42.69060134887695, -71.60900115966797
06MD,heliport,Johns Hopkins Bayview Hospital Heliport,132,NA,US,US-MD,Baltimore,,,06MD,06MD,39.291401, -76.546303
06ME,heliport,Barker Heliport,649,NA,US,US-ME,Bethel,,,06ME,06ME,44.415247, -70.844275
06MI,heliport,Henry Ford Jackson Hospital Heliport,978,NA,US,US-MI,Jackson,,,06MI,06MI,42.251025, -84.391319
06MO,small_airport,Noahs Ark Airport,755,NA,US,US-MO,Waldron,,,06MO,06MO,39.23059844970703, -94.80439758300781
06MT,small_airport,Torgerson Airport,3541,NA,US,US-MT,Ethridge,,,06MT,06MT,48.558696, -112.117095
06N,small_airport,Randall Airport,523,NA,US,US-NY,Middletown,,,K06N,06N,41.431999, -74.391602
06NC,small_airport,Tailwinds Airport,163,NA,US,US-NC,St. Pauls,,,06NC,06NC,34.82749938964844, -78.9302978515625
06ND,small_airport,Fitterer's Strip,2180,NA,US,US-ND,Glen Ullin,,,06ND,06ND,46.7489013671875, -101.66899871826172
06NE,heliport,St Marys Hospital Heliport,1015,NA,US,US-NE,Nebraska City,,,06NE,06NE,40.68000030517578, -95.86170196533203
06NH,small_airport,Cole Farm Airport,160,NA,US,US-NH,Kensington,,,06NH,06NH,42.92839813232422, -70.97309875488281
06NV,small_airport,Silver Creek Airport,5556,NA,US,US-NV,Baker,,,06NV,06NV,39.098333, -114.150277
06NY,small_airport,Murphy Field,1100,NA,US,US-NY,Auburn,,,06NY,06NY,42.836797, -76.437614
06O1,heliport,Saint Elizabeth Medical Center Heliport,1020,NA,US,US-OH,Youngstown,,,06O1,06O1,41.11479949951172, -80.65699768066406
06OH,small_airport,Hal Joy Airfield,1160,NA,US,US-OH,Williamsfield,,,06OH,06OH,41.50979995727539, -80.59120178222656
06OI,small_airport,Green Acres Airport,915,NA,US,US-OH,New Lebanon,,,06OI,06OI,39.734798431396484, -84.3822021484375
06OK,heliport,Albert Lodge Heliport,900,NA,US,US-OK,Grove,,,06OK,06OK,36.54169845581055, -94.83360290527344
06OR,small_airport,Hayden Mountain Airport,850,NA,US,US-OR,Forest Grove,,,06OR,06OR,45.4650993347168, -123.08000183105469
06PA,small_airport,Freefall Oz Airport,1440,NA,US,US-PA,Ceres,,,06PA,06PA,41.995792, -78.288152
06PN,heliport,Schiavoni Heliport,727,NA,US,US-PA,Harrisburg,,,06PN,06PN,40.382733, -76.772533
06PS,closed,Cherokee Island Castle Heliport,760,NA,US,US-PA,West Homestead,,,,,40.402302, -79.921303
06TA,small_airport,Glaser Field,480,NA,US,US-TX,Buckholts,,,06TA,06TA,30.90850067138672, -97.11689758300781
06TE,small_airport,Ainsworth Airport,129,NA,US,US-TX,Cleveland,,,06TE,06TE,30.312700271606445, -95.02690124511719
06TN,small_airport,Hunter Airport,640,NA,US,US-TN,Columbia,,,06TN,06TN,35.696962, -86.957767
06TT,small_airport,6 Mile Airpark,2165,NA,US,US-TX,Fort McKavett,,,06TT,06TT,30.860024, -100.201996
06TX,small_airport,Diamond N Ranch Airport,215,NA,US,US-TX,Hockley,,,06TX,06TX,30.057919, -95.812489
06VA,small_airport,Mount Horeb Field,1160,NA,US,US-VA,Grottoes,,,06VA,06VA,38.249000549316406, -78.85530090332031
06WA,heliport,N A Degerstrom Yard Heliport,2013,NA,US,US-WA,Spokane,,,06WA,06WA,47.68629837036133, -117.197998046875
06WN,small_airport,Western Airpark,394,NA,US,US-WA,Yelm,,,06WN,06WN,46.92499923706055, -122.5530014038086
06XA,small_airport,J & W Windy Hill Airport,784,NA,US,US-TX,Van Alstyne,,,06XA,06XA,33.445914, -96.57079
06XS,small_airport,Campbell Field,546,NA,US,US-TX,Aubrey,,,06XS,06XS,33.322933, -97.045019
06Y,small_airport,Herman Municipal Airport,1068,NA,US,US-MN,Herman,,,06Y,06Y,45.83000183105469, -96.16059875488281
07AA,small_airport,Pan Lake Strip Airport,357,NA,US,US-AK,Willow,,,07AA,07AA,61.695964, -149.954903
07AL,heliport,Tac X Stagefield Army Heliport,132,NA,US,US-AL,Fort Rucker/Samson,,,07AL,07AL,31.125200271606445, -85.9791030883789
07AN,small_airport,Bro Majors Airfield,1408,NA,US,US-AK,Trapper Creek,,,07AN,07AN,62.825556, -149.910807
07AR,small_airport,Morrilton Airport,300,NA,US,US-AR,Morrilton,,,07AR,07AR,35.194339, -92.802473
07B,small_airport,Blue Hill Airport,360,NA,US,US-ME,Blue Hill,,,07B,07B,44.448001861572266, -68.5697021484375
07CL,small_airport,Richvale Airport,100,NA,US,US-CA,Richvale,,,07CL,07CL,39.49769973754883, -121.77100372314453
07CO,small_airport,Comanche Creek Airport,6620,NA,US,US-CO,Kiowa,,,07CO,07CO,39.26359939575195, -104.427001953125
07FA,medium_airport,Ocean Reef Club Airport,8,NA,US,US-FL,Key Largo,,OCA,07FA,07FA,25.325399, -80.274803
07GA,small_airport,Alcovy Airport,750,NA,US,US-GA,Covington,,,07GA,07GA,33.674263, -83.764637
07GE,small_airport,Pope Pate Field,335,NA,US,US-GA,Ocilla,,,07GE,07GE,31.555662, -83.27849
07I,seaplane_base,Lake Monroe Seaplane Base,538,NA,US,US-IN,Bloomington,,,07I,07I,39.05870056152344, -86.44609832763672
07IA,small_airport,Hoskins Landing,971,NA,US,US-IA,Shambaugh,,,07IA,07IA,40.647888, -95.02135
07II,heliport,St Vincent Jennings Hospital Heliport,740,NA,US,US-IN,North Vernon,,,07II,07II,39.01060104370117, -85.64080047607422
07IN,small_airport,Gray Airport,750,NA,US,US-IN,Boggstown,,,07IN,07IN,39.573699951171875, -85.91390228271484
07K,small_airport,Central City Municipal - Larry Reineke Field,1717,NA,US,US-NE,Central City,,,07K,07K,41.1125984192, -98.0516967773
07KS,small_airport,Heape Field,1321,NA,US,US-KS,Augusta,,,07KS,07KS,37.73419952392578, -96.93669891357422
07KY,small_airport,Blue Lick Airport,532,NA,US,US-KY,Louisville,,,07KY,07KY,38.08060073852539, -85.69329833984375
07LS,heliport,Louisiana State Police Troop F Heliport,80,NA,US,US-LA,Monroe,,,07LS,07LS,32.51825, -91.989093
07MA,heliport,West Pond Heliport,149,NA,US,US-MA,Plymouth,,,07MA,07MA,41.91699981689453, -70.70950317382812
07MD,small_airport,Baugher's Orchard Airport,700,NA,US,US-MD,Westminster,,,07MD,07MD,39.608299255371094, -77.0519027709961
07ME,heliport,Westbrook Heliport,250,NA,US,US-ME,Westbrook,,,07ME,07ME,43.73830032348633, -70.33920288085938
07MI,small_airport,Scott Airstrip,1065,NA,US,US-MI,Lake,,,07MI,07MI,43.864200592041016, -85.0239028930664
07MN,small_airport,Dairyview Airport,1680,NA,US,US-MN,Hadley,,,07MN,07MN,44.05500030517578, -95.90950012207031
07MO,small_airport,Lake Sexton Airport,880,NA,US,US-MO,Warrensburg,,,07MO,07MO,38.655553, -93.624458
07MT,small_airport,Glasgow Industrial Airport,2762,NA,US,US-MT,Glasgow,,,07MT,07MT,48.421101, -106.528
07N,small_airport,Bermudian Valley Airpark,470,NA,US,US-PA,Washington Township,,,K07N,07N,40.0168, -77.003899
07NC,small_airport,Hawks Meadow Airport,625,NA,US,US-NC,Waxhaw,,,07NC,07NC,34.83319854736328, -80.7511978149414
07NH,seaplane_base,Diving Rock Seaplane Base,1404,NA,US,US-NH,Washington,,,07NH,07NH,43.17559814453125, -72.06390380859375
07NJ,heliport,Hackensack UMC Palisades Heliport,10,NA,US,US-NJ,North Bergen,,,07NJ,07NJ,40.793666, -73.994863
07NV,small_airport,Border Line Farm Airport,5120,NA,US,US-NV,Baker,,,07NV,07NV,39.102239, -114.053472
07NY,heliport,Mmc Heliport,1320,NA,US,US-NY,Monticello,,,07NY,07NY,42.66640090942383, -74.76499938964844
07OK,small_airport,Pleasant Valley Airport,1322,NA,US,US-OK,Snyder,,,07OK,07OK,34.633399963378906, -99.03369903564453
07OR,small_airport,Bruce's Airport,250,NA,US,US-OR,Milwaukie,,,07OR,07OR,45.42179870605469, -122.62000274658203
07PN,small_airport,Folmar Airport,1690,NA,US,US-PA,Grassflat,,,07PN,07PN,40.998889, -78.125278
07PR,heliport,Advanced Public Health of Isabela Heliport,289,NA,PR,PR-U-A,Isabela,,,07PR,07PR,18.489403, -67.026333
07TA,small_airport,Salaika Aviation Airport,30,NA,US,US-TX,Danbury,,,07TA,07TA,29.240519, -95.344658
07TE,closed,Naval Auxiliary Air Station Cuddihy Field,39,NA,US,US-TX,Corpus Christi,,,,,27.721288, -97.51217
07TS,small_airport,Cross-Country Estates Airport,690,NA,US,US-TX,Hutto,,,07TS,07TS,30.625381, -97.571425
07TX,heliport,Pecks Heliport,660,NA,US,US-TX,Princeton,,,07TX,07TX,33.20998, -96.46039
07UT,small_airport,E Northrop Grumman Airport,4480,NA,US,US-UT,Howell,,,07UT,07UT,41.716667, -112.447222
07VA,small_airport,Alpha Hotel Airport,350,NA,US,US-VA,Clover,,,07VA,07VA,36.81959915161133, -78.78309631347656
07VT,small_airport,Meadow STOLport,801,NA,US,US-VT,Jericho,,,07VT,07VT,44.447200775146484, -72.91470336914062
07WA,heliport,Multicare Deaconess Hospital Heliport,2110,NA,US,US-WA,Spokane,,,07WA,07WA,47.651637, -117.424477
07WY,small_airport,Stallions Airport,4074,NA,US,US-WY,Sheridan,,,07WY,07WY,44.960084, -106.105925
07XA,heliport,Luecke Heliport,451,NA,US,US-TX,Smithville,,,07XA,07XA,29.906488, -97.214397
07XS,heliport,Allen Ponderosa Heliport,840,NA,US,US-TX,Crowley,,,07XS,07XS,32.542198181152344, -97.3917007446289
07Y,small_airport,Hill City-Quadna Mountain Airport,1289,NA,US,US-MN,Hill City,,,07Y,07Y,46.955501556396484, -93.5969009399414
08AK,small_airport,Fisher Airport,200,NA,US,US-AK,Big Lake,,,08AK,08AK,61.568743, -149.725757
08AL,seaplane_base,Little Lagoon Seaplane Base,8,NA,US,US-AL,Gulf Shores,,,08AL,08AL,30.243717, -87.754678
08AN,small_airport,Base Camp Airstrip,892,NA,US,US-AK,Palmer,,,08AN,08AN,61.704295, -149.212506
08AZ,heliport,Mesa Police Heliport,1240,NA,US,US-AZ,Mesa,,,08AZ,08AZ,33.417669, -111.838835
08B,small_airport,Merrymeeting Field,65,NA,US,US-ME,Bowdoinham,,,08B,08B,44, -69.88710021972656
08CA,heliport,PG&E Placerville Service Center Heliport,1810,NA,US,US-CA,Placerville,,,08CA,08CA,38.695211, -120.826086
08CL,small_airport,Kistler Ranch Airport,1025,NA,US,US-CA,Jamestown,,,08CL,08CL,37.858272, -120.552079
08CN,heliport,Tulare Motor Sports #1 Heliport,270,NA,US,US-CA,Tulare,,,08CN,08CN,36.172031, -119.306181
08CO,small_airport,Terra Firma Airport,5600,NA,US,US-CO,Rush,,,08CO,08CO,38.73249816894531, -104.04100036621094
08CT,seaplane_base,Seavair's Landing Seaplane Base,881,NA,US,US-CT,Winsted,,,08CT,08CT,41.895999908447266, -73.09310150146484
08F,small_airport,City of Coalgate Airport,615,NA,US,US-OK,Coalgate,,,08F,08F,34.53179931640625, -96.23310089111328
08FA,small_airport,Duda Airstrip,35,NA,US,US-FL,La Belle,,,08FA,08FA,26.57979965209961, -81.48370361328125
08FD,small_airport,Sunniland Ranch Airport,65,NA,US,US-FL,Okeechobee,,,08FD,08FD,27.363100051879883, -80.77279663085938
08FL,small_airport,J. H. Hendrie Farms Airport,103,NA,US,US-FL,Lake Placid,,,08FL,08FL,27.08449935913086, -81.32869720458984
08G,closed,Salt Fork Lodge Heliport,960,NA,US,US-OH,Cambridge,,,,,40.110901, -81.526199
08GA,small_airport,Sapelo Island Airport,12,NA,US,US-GA,Darien,,,08GA,08GA,31.425800323486328, -81.28589630126953
08GE,heliport,Hyundai Motor Group Metaplant America Heliport,76,NA,US,US-GA,Ellabell,,,08GE,08GE,32.169936, -81.453836
08ID,small_airport,Symms Airport,2680,NA,US,US-ID,Marsing,,,08ID,08ID,43.56930160522461, -116.7770004272461
08II,heliport,Parkview Lagrange Hospital Heliport,943,NA,US,US-IN,Lagrange,,,08II,08II,41.645085, -85.426386
08IN,seaplane_base,Winona Lake Seaplane Base,812,NA,US,US-IN,Winona Lake,,,K02D,02D,41.223056, -85.830556
08IS,small_airport,Hemmer RLA Restricted Landing Area,400,NA,US,US-IL,Du Quoin,,,08IS,08IS,37.977798461899994, -89.20290374759999
08KS,small_airport,Alderson Airport,1250,NA,US,US-KS,Bennington,,,08KS,08KS,39.034698486328125, -97.58000183105469
08KT,heliport,Deaconess Union County Hospital Heliport,435,NA,US,US-KY,Morganfield,,,08KT,08KT,37.628414, -87.946994
08KY,small_airport,Boss Airport,820,NA,US,US-KY,Burnside,,,08KY,08KY,36.972599029541016, -84.6260986328125
08LA,heliport,Air Oil Inc Nr 2 Heliport,4,NA,US,US-LA,Harahan,,,08LA,08LA,29.952999114990234, -90.18260192871094
08LL,small_airport,Sauer Airport,665,NA,US,US-IL,Dwight,,,08LL,08LL,41.074423, -88.488693
08LS,small_airport,Aeleron Airport,51,NA,US,US-LA,Sunset,,,08LS,08LS,30.40829, -92.033444
08MA,small_airport,Wormid Airport,360,NA,US,US-MA,Southborough,,,08MA,08MA,42.29399871826172, -71.49620056152344
08MD,heliport,UM Saint Joseph Medical Center Heliport,470,NA,US,US-MD,Towson,,,08MD,08MD,39.388411, -76.610815
08ME,small_airport,Lindbergh Airport,554,NA,US,US-ME,Avon,,,08ME,08ME,44.81539, -70.34851
08MI,heliport,Sparrow Hospital Heliport,1019,NA,US,US-MI,Lansing,,,08MI,08MI,42.734474, -84.536046
08MN,seaplane_base,Christenson Point Seaplane Base,1372,NA,US,US-MN,Chisholm/Hibbing,,,08MN,08MN,47.66939926147461, -93.05439758300781
08MO,small_airport,Twin Oaks Airport,955,NA,US,US-MO,Jasper,,,08MO,08MO,37.395599, -94.283798
08MS,small_airport,Midsouth Airpark,345,NA,US,US-MS,Coldwater,,,08MS,08MS,34.661506, -89.869628
08MT,small_airport,Matovich Airport,3450,NA,US,US-MT,Grass Range,,,08MT,08MT,47.065679, -108.809624
08N,small_airport,Keller Brothers Airport,550,NA,US,US-PA,Lebanon,,,08N,08N,40.291801, -76.328796
08NC,small_airport,Whiteheart Farm Airport,750,NA,US,US-NC,Lewisville,,,08NC,08NC,36.06760025024414, -80.4655990600586
08ND,small_airport,Brecht Strip,1990,NA,US,US-ND,Golden Valley,,,08ND,08ND,47.32310104370117, -102.0979995727539
08NE,small_airport,Laurel Municipal Airport,1467,NA,US,US-NE,Laurel,,,08NE,08NE,42.430484, -97.078731
08NH,heliport,Memorial Hospital Heliport,574,NA,US,US-NH,North Conway,,,08NH,08NH,44.0612983704, -71.1358032227
08NJ,heliport,St Barnabas Medical Center Heliport,429,NA,US,US-NJ,Livingston,,,08NJ,08NJ,40.76259994506836, -74.30400085449219
08NR,small_airport,Bell Mountain Airport,2150,NA,US,US-NC,Zirconia,,,08NR,08NR,35.217541, -82.426
08NY,small_airport,Md1 Airport,650,NA,US,US-NY,Middletown,,,08NY,08NY,41.368099212646484, -74.50559997558594
08OH,small_airport,Kenley Airport,1230,NA,US,US-OH,Hartford,,,08OH,08OH,41.29169845581055, -80.5636978149414
08OK,small_airport,Parks Airport,635,NA,US,US-OK,Wilburton,,,08OK,08OK,34.93149948120117, -95.25830078125
08OL,small_airport,Broken B Airport,1518,NA,US,US-OK,Hydro,,,08OL,08OL,35.408087, -98.605477
08OR,small_airport,Saxon Sycan Airport,4990,NA,US,US-OR,Summer Lake,,,08OR,08OR,42.838, -121.11509
08PA,heliport,Pocono Raceway Heliport,1812,NA,US,US-PA,Long Pond,,,08PA,08PA,41.055358, -75.512039
08PN,heliport,Thomson Heliport,310,NA,US,US-PA,Lancaster,,,08PN,08PN,40.0458984375, -76.28079986572266
08R,small_airport,Richmond Airport,130,NA,US,US-RI,West Kingston,,,,08R,41.489498, -71.620598
08SD,heliport,Douglas County Memorial Hospital Heliport,1523,NA,US,US-SD,Armour,,,08SD,08SD,43.325923, -98.345152
08TA,heliport,Rancho Del Lago Heliport,1208,NA,US,US-TX,Fischer,,,08TA,08TA,29.97842, -98.258418
08TN,small_airport,PTC Airport,820,NA,US,US-TN,Fayetteville,,,08TN,08TN,35.298914, -86.474357
08TT,small_airport,LZ Tango Charlie Airport,2054,NA,US,US-TX,Fredericksburg,,,08TT,08TT,30.308803, -99.022228
08TX,small_airport,Cross Wind Airport,1040,NA,US,US-TX,Weatherford,,,08TX,08TX,32.85789, -97.744303
08U,small_airport,Stevens-Crosby Airport,6397,NA,US,US-NV,Elko,,,K08U,08U,41.515701, -115.860001
08UT,small_airport,Pinelodge Runway,7175,NA,US,US-UT,La Sal,,,08UT,08UT,38.335017, -109.135176
08VA,small_airport,Springwood Airstrip,1000,NA,US,US-VA,Buchanan,,,08VA,08VA,37.55400085449219, -79.74980163574219
08XA,small_airport,Knolle Ranch Airport,280,NA,US,US-TX,Snook,,,08XA,08XA,30.479253, -96.504031
08XS,small_airport,Peterson Airport,45,NA,US,US-TX,Old Ocean,,,08XS,08XS,29.10810089111328, -95.77749633789062
09AA,heliport,Sheldon Chalet Heliport,5742,NA,US,US-AK,Talkeetna,,,09AA,09AA,62.969888, -150.75375
09AK,small_airport,West Beaver Airport,228,NA,US,US-AK,Big Lake,,,09AK,09AK,61.589361, -149.847333
09AL,heliport,Greene County Hospital & Nursing Home Heliport,218,NA,US,US-AL,Eutaw,,,09AL,09AL,32.842385, -87.890523
09AR,heliport,Magnolia Hospital Heliport,310,NA,US,US-AR,Magnolia,,,09AR,09AR,33.27320098876953, -93.23989868164062
09AZ,small_airport,Stronghold Airport,4970,NA,US,US-AZ,St David,,,09AZ,09AZ,31.924848, -110.040007
09CA,heliport,Mee Memorial Hospital Heliport,320,NA,US,US-CA,King City,,,09CA,09CA,36.205514, -121.132541
09CL,small_airport,Alta Sierra Airport,2275,NA,US,US-CA,Grass Valley,,,09CL,09CL,39.113800048828125, -121.05699920654297
09CN,heliport,Tulare Motor Sports #2 Heliport,272,NA,US,US-CA,Tulare,,,09CN,09CN,36.182556, -119.313572
09CO,small_airport,Cottonwood Field,4180,NA,US,US-CO,Rocky Ford,,,09CO,09CO,38.055275, -103.650769
09FA,small_airport,Placid Lakes Airport,130,NA,US,US-FL,Lake Placid,,,09FA,09FA,27.2455997467041, -81.41310119628906
09FD,small_airport,Cheryl-Lane Landings Airport,71,NA,US,US-FL,Bushnell,,,09FD,09FD,28.671100616455078, -82.0873031616211
09FL,heliport,Hard Rock Stadium West Heliport,7,NA,US,US-FL,Miami Gardens,,,09FL,09FL,25.960056, -80.241806
09GA,small_airport,Sunbelt Strip,230,NA,US,US-GA,Moultrie,,,09GA,09GA,31.120995, -83.67063
09I,seaplane_base,International Falls Seaplane Base,1110,NA,US,US-MN,International Falls,,,09I,09I,48.60580062866211, -93.37079620361328
09IA,small_airport,Skydive Iowa Airport,820,NA,US,US-IA,Brooklyn,,,09IA,09IA,41.745441, -92.411547
09ID,small_airport,Taylor Ranch Landing Area Airport,3835,NA,US,US-ID,Moscow,,,09ID,09ID,45.10390090942383, -114.8550033569336
09II,small_airport,Gibbons Field,880,NA,US,US-IN,Valeene,,,09II,09II,38.44729995727539, -86.44499969482422
09IN,small_airport,Gordon Airport,850,NA,US,US-IN,Columbia City,,,09IN,09IN,41.123265, -85.42496
09IS,heliport,Swedish American Heliport,874,NA,US,US-IL,Rockford,,,09IS,09IS,42.26499938964844, -89.07430267333984
09KS,small_airport,Coffman Airport,970,NA,US,US-KS,Wellsville,,,09KS,09KS,38.707000732421875, -95.13829803466797
09KY,heliport,Baptist Hospital East Heliport,531,NA,US,US-KY,Louisville,,,09KY,09KY,38.23899841308594, -85.63939666748047
09LA,heliport,Era Helicopters Fourchon Helibase Heliport,2,NA,US,US-LA,Golden Meadow,,,09LA,09LA,29.126972, -90.206659
09LL,small_airport,Pine Hill Airport,1000,NA,US,US-IL,Capron,,,09LL,09LL,42.468101501464844, -88.74320220947266
09LS,heliport,West Feliciana Sheriff's Office Heliport,181,NA,US,US-LA,St Francisville,,,09LS,09LS,30.824399948120117, -91.38459777832031
09MA,small_airport,Kallander Field,403,NA,US,US-MA,Southborough,,,09MA,09MA,42.304298400878906, -71.50589752197266
09MD,heliport,Fly Deep Creek Heliport,2628,NA,US,US-MD,McHenry,,,09MD,09MD,39.576412, -79.372047
09ME,small_airport,Perrotti Skyranch Airfield,260,NA,US,US-ME,Berwick,,,09ME,09ME,43.34080123901367, -70.85469818115234
09MI,heliport,Michigan National Guard Headquarters Heliport,842,NA,US,US-MI,Lansing,,,09MI,09MI,42.708099365234375, -84.56079864501953
09MO,small_airport,Hogue Farm Airport,1210,NA,US,US-MO,Willard,,,09MO,09MO,37.37839889526367, -93.36329650878906
09MT,small_airport,Paint Creek Ranch Airport,5060,NA,US,US-MT,Sula,,,09MT,09MT,45.909346, -113.763183
09N,small_airport,Airhaven Airport,450,NA,US,US-NY,Staatsburg,,,09N,09N,41.83259963989258, -73.8759994506836
09NC,small_airport,William Irving Lewis Airport,310,NA,US,US-NC,Broadway,,,09NC,09NC,35.32929992675781, -79.02999877929688
09NE,small_airport,Summer Hill Farm Airport,1250,NA,US,US-NE,Bennington,,,09NE,09NE,41.33330154418945, -96.193603515625
09NJ,heliport,Stonebridge Farm Helistop,100,NA,US,US-NJ,Somerville,,,09NJ,09NJ,40.65370178222656, -74.6865005493164
09NR,small_airport,Dakota Air Ranch Airport,561,NA,US,US-NC,Ramseur,,,09NR,09NR,35.650122, -79.650311
09NV,heliport,West Henderson Hospital Heliport,2374,NA,US,US-NV,Henderson,,,09NV,09NV,35.979689, -115.150183
09NY,heliport,Spring Lake Fire Department Heliport,254,NA,US,US-NY,Kingston,,,09NY,09NY,41.92890167236328, -74.04889678955078
09OK,small_airport,Ragtime Aerodrome,700,NA,US,US-OK,Collinsville,,,09OK,09OK,36.35449981689453, -95.86389923095703
09OR,heliport,Mid-Columbia Medical Center Heliport,487,NA,US,US-OR,The Dalles,,,09OR,09OR,45.587235, -121.163827
09PA,small_airport,Eagle Field,1780,NA,US,US-PA,Port Matilda,,,09PA,09PA,40.82699966430664, -77.98809814453125
09PN,heliport,Hundley Residence Heliport,480,NA,US,US-PA,Kintersville,,,09PN,09PN,40.5620002746582, -75.1427001953125
09S,small_airport,Sullivan Lake State Airport,2614,NA,US,US-WA,Metaline Falls,,,09S,09S,48.84090042114258, -117.28399658203125
09TA,small_airport,Lazy G Bar Ranch Airport,923,NA,US,US-TX,Decatur,,,K09T,09T,33.280768, -97.496703
09TE,small_airport,Running M Ranch Airport,787,NA,US,US-TX,Glen Rose,,,09TE,09TE,32.262923, -97.863764
09TN,heliport,Univ of Tennessee Medical Center Heliport,924,NA,US,US-TN,Knoxville,,,09TN,09TN,35.94169998168945, -83.94400024414062
09TS,small_airport,Pitcock Rosillos Mountain Ranch Airport,3100,NA,US,US-TX,Marathon,,,09TS,09TS,29.48240089416504, -103.16500091552734
09TX,small_airport,Smokey Mountain Ranch Airport,2522,NA,US,US-TX,Sheffield,,,09TX,09TX,30.737626, -102.02332
09VA,small_airport,Alum Ridge STOLport,2375,NA,US,US-VA,Floyd,,,09VA,09VA,36.97650146484375, -80.493896484375
09VG,heliport,Augusta Medical Center Heliport,1390,NA,US,US-VA,Fishersville,,,09VG,09VG,38.09080123901367, -78.98500061035156
09W,heliport,South Capitol Street Heliport,10,NA,US,US-DC,Washington,,,K09W,09W,38.868612, -77.008367
09WA,heliport,Holy Family Hospital Heliport,2081,NA,US,US-WA,Spokane,,,09WA,09WA,47.71039962768555, -117.40699768066406
09WI,small_airport,Parkway Farm Strip,705,NA,US,US-WI,Holmen,,,09WI,09WI,44.00360107421875, -91.30760192871094
09XS,heliport,Baptist Medical Center Heliport,710,NA,US,US-TX,San Antonio,,,09XS,09XS,29.433000564575195, -98.49220275878906
09Y,seaplane_base,Wipline Seaplane Base,687,NA,US,US-MN,Inver Grove Hgts,,,09Y,09Y,44.81660079956055, -93.0155029296875
0AA6,heliport,Big Salmon Heliport,292,NA,US,US-AK,Haines,,,0AA6,0AA6,59.403055, -136.013611
0AA7,small_airport,Kalifornsky Meadows Airport,65,NA,US,US-AK,Kenai,,,0AA7,0AA7,60.491537, -151.235253
0AK0,small_airport,Scotts Airport,800,NA,US,US-AK,Salcha,,,0AK0,0AK0,64.39214, -146.861823
0AK1,small_airport,Anderson Lake Airport,463,NA,US,US-AK,Wasilla,,,0AK1,0AK1,61.616966, -149.320893
0AK2,small_airport,Yentna Bend Strip,81,NA,US,US-AK,Willow,,,0AK2,0AK2,61.725556, -150.678611
0AK3,small_airport,Parker Lake Airport,250,NA,US,US-AK,Montana Creek,,,0AK3,0AK3,62.0359001159668, -150.49400329589844
0AK5,small_airport,Young Creek Airport,1580,NA,US,US-AK,May Creek,,,0AK5,0AK5,61.355352, -142.731832
0AK6,small_airport,Victory Airport,1800,NA,US,US-AK,Victory Bible Camp,,,0AK6,0AK6,61.80108, -147.945156
0AK7,small_airport,Bradley Lake Hydroelectric Project Airstrip,18,NA,US,US-AK,Homer,,,0AK7,0AK7,59.776005, -150.963285
0AK9,small_airport,Falcon Lake Strip,110,NA,US,US-AK,Point Mackenzie,,,0AK9,0AK9,61.33259963989258, -150.0590057373047
0AL0,heliport,Huntsville Field,619,NA,US,US-AL,Huntsville,,,0AL0,0AL0,34.68840026855469, -86.58889770507812
0AL1,small_airport,Resort Airport,97,NA,US,US-AL,Foley,,,0AL1,0AL1,30.443899154663086, -87.65689849853516
0AL2,heliport,Clay County Hospital Heliport,1040,NA,US,US-AL,Ashland,,,0AL2,0AL2,33.275001525878906, -85.83329772949219
0AL3,heliport,Hospital Pad Heliport,295,NA,US,US-AL,Evergreen,,,0AL3,0AL3,31.430599212646484, -86.94029998779297
0AL4,heliport,Dekalb Regional Medical Center Heliport,870,NA,US,US-AL,Fort Payne,,,0AL4,0AL4,34.442141, -85.755793
0AL5,small_airport,Flomaton Airport,247,NA,US,US-AL,Flomaton,,,0AL5,0AL5,31.03219985961914, -87.25279998779297
0AL6,heliport,D.W. Mcmillian Memorial Hospital Heliport,155,NA,US,US-AL,Brewton,,,0AL6,0AL6,31.127199172973633, -87.07330322265625
0AL7,heliport,Gadsden Regl Medical Center Heliport,621,NA,US,US-AL,Gadsden,,,0AL7,0AL7,34.00830078125, -85.96530151367188
0AL8,heliport,Brookwood Medical Center Heliport,763,NA,US,US-AL,Birmingham,,,0AL8,0AL8,33.46390151977539, -86.77310180664062
0AL9,small_airport,Wilson Creek Airport,590,NA,US,US-AL,Florence,,,0AL9,0AL9,34.850546, -87.633513
0AR0,heliport,Northwest Medical Center Springdale Heliport,1352,NA,US,US-AR,Springdale,,,0AR0,0AR0,36.181509, -94.137252
0AR2,small_airport,Mission Field-Marotti Memorial Airport,217,NA,US,US-AR,Crawfordsville,,,0AR2,0AR2,35.18853, -90.30359
0AR4,heliport,Ozarks Community Hospital Heliport,1251,NA,US,US-AR,Gravette,,,0AR4,0AR4,36.40929, -94.46005
0AR5,heliport,Rgnl Medical Center Heliport,382,NA,US,US-AR,Jonesboro,,,0AR5,0AR5,35.83620071411133, -90.70179748535156
0AR6,heliport,Ami National Park Medical Center Heliport,547,NA,US,US-AR,Hot Springs,,,0AR6,0AR6,34.48149871826172, -93.03099822998047
0AR8,heliport,Howard Memorial Hospital Heliport,437,NA,US,US-AR,Nashville,,,0AR8,0AR8,33.94884, -93.88024
0AR9,heliport,Eureka Springs Hospital Heliport,1540,NA,US,US-AR,Eureka Springs,,,0AR9,0AR9,36.40010070800781, -93.74349975585938
0AZ0,heliport,Arizona Heart Hospital Heliport,1161,NA,US,US-AZ,Phoenix,,,0AZ0,0AZ0,33.481187, -112.03976
0AZ2,small_airport,Western Sky Airport,1930,NA,US,US-AZ,Salome,,,0AZ2,0AZ2,33.778166, -113.640625
0AZ4,small_airport,Flying Bucket Ranch Airport,1505,NA,US,US-AZ,Maricopa,,,0AZ4,0AZ4,32.9823, -112.287003
0AZ5,small_airport,Castle Well Airport,2080,NA,US,US-AZ,Morristown,,,0AZ5,0AZ5,33.865944, -112.603265
0AZ6,heliport,St Joseph's Hospital Heliport,1213,NA,US,US-AZ,Phoenix,,,0AZ6,0AZ6,33.482963, -112.079301
0B2,small_airport,Brewer Airport,124,NA,US,US-ME,Brewer,,,K0B2,0B2,44.763699, -68.767799
0B7,small_airport,Warren-Sugarbush Airport,1470,NA,US,US-VT,Warren,,,K0B7,0B7,44.117724, -72.826867
0C1,small_airport,Triple R Airport,1000,NA,US,US-MO,Dearborn,,,K0C1,0C1,39.487801, -94.780502
0C2,small_airport,Hinckley Airport,760,NA,US,US-IL,Hinckley,,,K0C2,0C2,41.770901, -88.7034
0C5,small_airport,Canadian Lakes Airport,960,NA,US,US-MI,Canadian Lakes,,,K0C5,0C5,43.575666, -85.284182
0C7,small_airport,Grandpas' Farm Mendota Airport,727,NA,US,US-IL,Mendota,,,IL22,IL22,41.521999, -89.132599
0C8,small_airport,Cushing Field Ltd Airport,640,NA,US,US-IL,Newark,,,K0C8,0C8,41.51885, -88.605079
0C9,heliport,Coach & Paddock Heliport,320,NA,US,US-NJ,Clinton,,,0C9,0C9,40.63819885253906, -74.97570037841797
0CA2,heliport,VA Greater Los Angeles Health Care Center Heliport,294,NA,US,US-CA,Los Angeles,,,0CA2,0CA2,34.049778, -118.456257
0CA3,small_airport,Crawford Airport,570,NA,US,US-CA,Santa Ynez,,,0CA3,0CA3,34.587501525878906, -120.01300048828125
0CA4,small_airport,Shepherd Farm Airport,660,NA,US,US-CA,Santa Ynez,,,0CA4,0CA4,34.6222, -120.065002
0CA5,small_airport,Hoffman Private Airport,3100,NA,US,US-CA,Santa Ysabel,,,0CA5,0CA5,33.14310073852539, -116.74500274658203
0CA6,small_airport,Emory Ranch Airport,480,NA,US,US-CA,Ocotillo,,,0CA6,0CA6,32.7494444, -116.0161111
0CA9,small_airport,Blech Ranch Airport,1140,NA,US,US-CA,Shandon,,,0CA9,0CA9,35.592797, -120.338058
0CD0,heliport,Delta County Memorial Hospital Heliport,5000,NA,US,US-CO,Delta,,,0CD0,0CD0,38.745155, -108.047973
0CD1,heliport,Colorado Plains Medical Center Heliport,4356,NA,US,US-CO,Fort Morgan,,,0CD1,0CD1,40.2610917, -103.7963389
0CD2,small_airport,Foxx Valley Airport,5800,NA,US,US-CO,Yoder,,,0CD2,0CD2,38.652500152600005, -104.23400116
0CD4,heliport,Kauffman Heliport,5120,NA,US,US-CO,Denver,,,0CD4,0CD4,40.1463012695, -104.887001038
0CD5,small_airport,Piñon Canyon Airport,5686,NA,US,US-CO,Model,,,0CD5,0CD5,37.490501, -104.143997
0CD6,heliport,Exempla Good Samaritan Heliport,5204,NA,US,US-CO,Lafayette,,,0CD6,0CD6,39.970843, -105.08741
0CD7,small_airport,Fox Hole Airport,5135,NA,US,US-CO,Lafayette,,,0CD7,0CD7,40.003917, -105.07185
0CD8,heliport,Prowers Medical Center Heliport,3575,NA,US,US-CO,Lamar,,,0CD8,0CD8,38.0710983276, -102.60900116
0CD9,heliport,Swedish S.W. Medical Heliport,5563,NA,US,US-CO,Littleton,,,0CD9,0CD9,39.603099823, -105.091003418
0CL0,small_airport,Yosemite Hidden Lake Ranch Airport,500,NA,US,US-CA,Raymond,,,0CL0,0CL0,37.11800003049999, -119.913002014
0CL1,small_airport,Krey Field Airport,3042,NA,US,US-CA,Adelanto,,,0CL1,0CL1,34.5694007874, -117.555999756
0CL3,small_airport,John Nichols Field Airport,490,NA,US,US-CA,Jamul,,,0CL3,0CL3,32.633457, -116.890565
0CL4,heliport,Glen Fed Heliport,770,NA,US,US-CA,Glendale,,,0CL4,0CL4,34.157179, -118.254637
0CL5,heliport,The Atrium Heliport,46,NA,US,US-CA,Irvine,,,0CL5,0CL5,33.6706008911, -117.858001709
0CL6,small_airport,Bohunk's Airpark,2410,NA,US,US-CA,Lancaster,,,0CL6,0CL6,34.694584, -118.277106
0CL7,heliport,Good Samaritan Hospital Heliport,473,NA,US,US-CA,Los Angeles,,,0CL7,0CL7,34.054901, -118.264967
0CL8,small_airport,Tera Ultralightport,2510,NA,US,US-CA,Ridgecrest,,,0CL8,0CL8,35.591104, -117.631323
0CL9,heliport,Sce San Jacinto Valley Service Center Heliport,1482,NA,US,US-CA,Romoland,,,0CL9,0CL9,33.741100311299995, -117.151000977
0CN1,small_airport,Fiorini Ranch Airport,140,NA,US,US-CA,Delhi,,,0CN1,0CN1,37.452178, -120.764758
0CN2,small_airport,Sutter Butte Dusters Airport,67,NA,US,US-CA,Live Oak,,,0CN2,0CN2,39.228622, -121.688265
0CO0,heliport,Longmont United Hospital Heliport,5047,NA,US,US-CO,Longmont,,,0CO0,0CO0,40.181606, -105.124774
0CO1,small_airport,Dave's Airport,5170,NA,US,US-CO,Louisville,,,0CO1,0CO1,40.0332984924, -105.124000549
0CO2,small_airport,Crested Butte Airpark,8980,NA,US,US-CO,Crested Butte,,CSE,0CO2,0CO2,38.851918, -106.928341
0CO4,heliport,Geo-Seis Helicopters Heliport,4935,NA,US,US-CO,Fort Collins,,,0CO4,0CO4,40.5899009705, -105.04599762
0CO6,small_airport,Flying M & M Ranch Airport,8000,NA,US,US-CO,Norwood,,,0CO6,0CO6,38.2193984985, -108.212997437
0CO7,heliport,Century Helicopters Heliport,4935,NA,US,US-CO,Fort Collins,,,0CO7,0CO7,40.5854988098, -105.040000916
0CO8,small_airport,Cartwheel Airport,5010,NA,US,US-CO,Mead,,,0CO8,0CO8,40.2083015442, -105.013000488
0CO9,small_airport,Van Treese Airport,7613,NA,US,US-CO,Monte Vista,,,0CO9,0CO9,37.6582984924, -106.033996582
0CT0,heliport,Sharon Hospital Heliport,640,NA,US,US-CT,Sharon,,,0CT0,0CT0,41.881232, -73.480699
0CT1,heliport,Bristol-Myers Squibb Company Heliport,350,NA,US,US-CT,Wallingford,,,0CT1,0CT1,41.484798431396484, -72.7562026977539
0CT2,heliport,Windham Hospital Heliport,330,NA,US,US-CT,Willimantic,,,0CT2,0CT2,41.71699905395508, -72.22589874267578
0CT3,heliport,N B G H Heliport,431,NA,US,US-CT,New Britain,,,0CT3,0CT3,41.661598205566406, -72.78790283203125
0CT4,heliport,Burke Heliport,400,NA,US,US-CT,Prospect,,,0CT4,0CT4,41.50619888305664, -72.9397964477539
0CT5,heliport,St Francis Hospital Heliport,184,NA,US,US-CT,Hartford,,,0CT5,0CT5,41.77450180053711, -72.6989974975586
0CT6,heliport,Middletown Heliport,113,NA,US,US-CT,Middletown,,,0CT6,0CT6,41.5968017578125, -72.70449829101562
0CT7,heliport,Bridgeport Hospital Heliport,80,NA,US,US-CT,Bridgeport,,,0CT7,0CT7,41.188408, -73.1667
0CT8,heliport,Danbury Hospital Heliport,510,NA,US,US-CT,Danbury,,,0CT8,0CT8,41.405297, -73.445165
0CT9,heliport,Hartford Hospital Heliport,211,NA,US,US-CT,Hartford,,,0CT9,0CT9,41.75450134277344, -72.67870330810547
0D7,small_airport,Ada Airport,949,NA,US,US-OH,Ada,,,K0D7,0D7,40.7906, -83.829102
0D9,small_airport,Air Park North,1170,NA,US,US-MI,Elmira,,,MI30,MI30,44.958035, -84.958859
0E9,small_airport,Corydon Airport,1020,NA,US,US-IA,Corydon,,,K0E9,0E9,40.754734, -93.242447
0FA0,heliport,Doral Resort & Country Club Heliport,6,NA,US,US-FL,Miami,,,0FA0,0FA0,25.81734, -80.340416
0FA1,small_airport,Ott's Landing Airport,65,NA,US,US-FL,Arcadia,,,0FA1,0FA1,27.3039, -81.880403
0FA2,heliport,Doctors Memorial Hospital Heliport,57,NA,US,US-FL,Perry,,,0FA2,0FA2,30.119424, -83.592746
0FA3,heliport,Brighton Helipad,24,NA,US,US-FL,Brighton,,,60FA,60FA,27.075744, -81.071125
0FA5,seaplane_base,Briley Farm Seaplane Base,66,NA,US,US-FL,Oakland,,,0FA5,0FA5,28.5727778, -81.6286111
0FA6,heliport,Immokalee Helipad,72,NA,US,US-FL,Immokalee,,,0FA6,0FA6,26.39841, -81.414667
0FD0,small_airport,The 2A Ranch Airport,40,NA,US,US-FL,Ormond Beach,,,0FD0,0FD0,29.26757, -81.223331
0FD1,heliport,Panhandle Helicopter LLC Heliport,20,NA,US,US-FL,Panama City Beach,,,0FD1,0FD1,30.213844, -85.871916
0FD2,heliport,Dolphin Stadium Heliport,8,NA,US,US-FL,Miami,,,0FD2,0FD2,25.960055, -80.240248
0FD3,small_airport,Dugger Field,70,NA,US,US-FL,Freeport,,,0FD3,0FD3,30.496400833129883, -86.09380340576172
0FD5,small_airport,Breezy Knoll Airport,235,NA,US,US-FL,Defuniak Springs,,,0FD5,0FD5,30.820199966430664, -86.34439849853516
0FD6,seaplane_base,Fulton Seaplane Base,,NA,US,US-FL,Sebastian,,,0FD6,0FD6,27.907499313354492, -80.48639678955078
0FD9,small_airport,Joy Farms Airport,290,NA,US,US-FL,Defuniak Springs,,,0FD9,0FD9,30.652099609375, -86.1093978881836
0FL0,small_airport,Harper's Fly-In Ranch Airport,30,NA,US,US-FL,Clewiston,,,0FL0,0FL0,26.707834, -81.175549
0FL1,heliport,Tampa General Hospital South Helipad,97,NA,US,US-FL,Tampa,,,0FL1,0FL1,27.93805, -82.460367
0FL2,seaplane_base,Alligator Drink Seaplane Base,19,NA,US,US-FL,Geneva,,,0FL2,0FL2,28.787799835205078, -81.16419982910156
0FL3,heliport,Old Town Ems Heliport,25,NA,US,US-FL,Old Town,,,0FL3,0FL3,29.602800369262695, -82.98169708251953
0FL4,heliport,Jackson Heliport,110,NA,US,US-FL,Alford,,,0FL4,0FL4,30.704999923706055, -85.37830352783203
0FL5,seaplane_base,Lake Conway South Seaplane Base,80,NA,US,US-FL,Belle Isle,,,0FL5,0FL5,28.458599090576172, -81.34970092773438
0FL6,small_airport,Stanchester Airport,96,NA,US,US-FL,Lithia,,,27FA,27FA,27.806199, -82.141365
0FL7,heliport,Wcpx Tv-6 Heliport,114,NA,US,US-FL,Orlando,,,0FL7,0FL7,28.610300064086914, -81.41940307617188
0FL8,seaplane_base,Gary Gale Seaplane Base,,NA,US,US-FL,Jacksonville,,,0FL8,0FL8,30.193899154663086, -81.68190002441406
0FL9,small_airport,Mc Daniel Ranch Inc. Airport,18,NA,US,US-FL,Clewiston,,,0FL9,0FL9,26.393051, -81.02874
0G0,small_airport,North Buffalo Suburban Airport,588,NA,US,US-NY,Lockport,,,K0G0,0G0,43.103199, -78.7033
0G5,seaplane_base,Grand Marais/Cook County Seaplane Base,1635,NA,US,US-MN,Grand Marais,,,K0G5,0G5,47.8263, -90.3835
0GA0,small_airport,Halls Flying Ranch Airport,800,NA,US,US-GA,Hampton,,,0GA0,0GA0,33.356201171875, -84.36710357666016
0GA1,small_airport,Mustang Field,693,NA,US,US-GA,Hartwell,,,0GA1,0GA1,34.477901458740234, -82.89710235595703
0GA3,small_airport,Ayresouth Airport,1287,NA,US,US-GA,Temple,,,0GA3,0GA3,33.77009963989258, -85.06079864501953
0GA4,small_airport,Paradise Falls Airport,736,NA,US,US-GA,Good Hope,,,,,33.812901, -83.505699
0GA5,heliport,Big Canoe Heliport,1475,NA,US,US-GA,Jasper,,,0GA5,0GA5,34.45479965209961, -84.28910064697266
0GA6,small_airport,Sunset Strip,780,NA,US,US-GA,Jersey,,,0GA6,0GA6,33.7333984375, -83.81880187988281
0GA8,small_airport,Paso Fino Farm Airport,200,NA,US,US-GA,Valdosta,,,0GA8,0GA8,30.88031, -83.414443
0GA9,small_airport,Roberta Industrial Park Airport,505,NA,US,US-GA,Roberta,,,0GA9,0GA9,32.71390151977539, -84.02749633789062
0GE0,small_airport,Pinewood Airport,1085,NA,US,US-GA,Douglasville,,,0GE0,0GE0,33.782100677490234, -84.80079650878906
0GE1,small_airport,Crystal Lake Airpark,327,NA,US,US-GA,Irwinville,,,0GE1,0GE1,31.66550064086914, -83.44709777832031
0GE3,small_airport,Lookout Mountain Airport,563,NA,US,US-GA,Wildwood,,,0GE3,0GE3,34.904701, -85.459702
0GE4,small_airport,Pecan Patch Airstrip,860,NA,US,US-GA,Sunnyside,,,0GE4,0GE4,33.33140182495117, -84.2667007446289
0GE5,small_airport,Mountain Airpark,1438,NA,US,US-GA,Cleveland,,,0GE5,0GE5,34.561798095703125, -83.7135009765625
0GE7,small_airport,Carpenter Airport,450,NA,US,US-GA,Appling,,,0GE7,0GE7,33.520301818847656, -82.37249755859375
0GE9,small_airport,Pegasus Ranch Airport,230,NA,US,US-GA,Rocky Ford,,,0GE9,0GE9,32.69390106201172, -81.79859924316406
0H7,small_airport,Kahoka Municipal Airport,700,NA,US,US-MO,Kahoka,,,K0H7,0H7,40.4216, -91.706299
0I2,small_airport,Brazil Clay County Airport,645,NA,US,US-IN,Brazil,,,K0I2,0I2,39.4767, -87.099701
0IA,seaplane_base,Barbee Lake Seaplane Base,838,NA,US,US-IN,Warsaw,,,0IA,0IA,41.284675, -85.703814
0IA0,heliport,Knoxville Area Community Hospital Heliport,927,NA,US,US-IA,Knoxville,,,0IA0,0IA0,41.316898345947266, -93.09600067138672
0IA1,heliport,St Anthony Regional Hospital Heliport,1300,NA,US,US-IA,Carroll,,,0IA1,0IA1,42.05830001831055, -94.86830139160156
0IA2,heliport,Audubon County Memorial Hospital Heliport,1320,NA,US,US-IA,Audubon,,,0IA2,0IA2,41.71549987792969, -94.9385986328125
0IA4,small_airport,Sharar Field,700,NA,US,US-IA,Mediapolis,,,0IA4,0IA4,41.027897, -91.063442
0IA5,small_airport,Moore Private Airport,1060,NA,US,US-IA,Millerton,,,0IA5,0IA5,40.87220001220703, -93.26270294189453
0IA7,heliport,Cromwell Heliport,1300,NA,US,US-IA,Cromwell,,,0IA7,0IA7,41.03889846801758, -94.46690368652344
0IA8,small_airport,Hannen Airport,925,NA,US,US-IA,Center Point,,,0IA8,0IA8,42.22800064086914, -91.7509994506836
0IA9,heliport,Army Reserve Heliport,725,NA,US,US-IA,Middleton,,,0IA9,0IA9,40.83340072631836, -91.30010223388672
0ID0,small_airport,South Fork Ranch Airport,4861,NA,US,US-ID,Featherville,,,0ID0,0ID0,43.60639953613281, -115.10700225830078
0ID1,small_airport,Ziggy's Airport,3225,NA,US,US-ID,Filer,,,0ID1,0ID1,42.64120101928711, -114.6050033569336
0ID2,small_airport,Flying Joseph Ranch Airport,5600,NA,US,US-ID,May,,,0ID2,0ID2,44.442901611299995, -113.773002625
0ID3,small_airport,Coyote Run Airport,3150,NA,US,US-ID,Mountain Home,,,0ID3,0ID3,43.075801849365234, -115.6729965209961
0ID4,small_airport,Black Butte Ranch Airport,4020,NA,US,US-ID,Shoshone,,,0ID4,0ID4,43.047698974609375, -114.47000122070312
0ID5,small_airport,Ez Lope Ranch Airport,3130,NA,US,US-ID,Oreana,,,0ID5,0ID5,43.0531005859375, -116.46199798583984
0ID6,heliport,Steele Memorial Heliport,4004,NA,US,US-ID,Salmon,,,67ID,67ID,45.173791, -113.891423
0ID7,small_airport,Z X Ranch Airport,3820,NA,US,US-ID,Murphy,,,0ID7,0ID7,43.230308, -116.763192
0ID8,small_airport,Pinnacle Airport,3800,NA,US,US-ID,Grangeville,,,0ID8,0ID8,45.775705, -116.180463
0ID9,small_airport,Corral Creek Airport,2895,NA,US,US-ID,Helmer,,,0ID9,0ID9,46.785278, -116.471131
0II0,small_airport,Chuck's Airport,955,NA,US,US-IN,Albany,,,0II0,0II0,40.258381, -85.253348
0II2,small_airport,Creighton Airport,820,NA,US,US-IN,Bremen,,,0II2,0II2,41.457298278808594, -86.12439727783203
0II5,small_airport,Marshall Field,705,NA,US,US-IN,Chalmers,,,0II5,0II5,40.65950012207031, -86.8572006225586
0II7,small_airport,Frost Field,900,NA,US,US-IN,Greenfield,,,0II7,0II7,39.79560089111328, -85.78610229492188
0II8,small_airport,Sutton's Field,740,NA,US,US-IN,Lowell,,,0II8,0II8,41.324798583984375, -87.47589874267578
0II9,small_airport,Winters Airport,755,NA,US,US-IN,Martinsville,,,0II9,0II9,39.532612, -86.576729
0IL0,heliport,Hamilton Memorial Hospital Heliport,440,NA,US,US-IL,Mc Leansboro,,,0IL0,0IL0,38.086700439453125, -88.53890228271484
0IL1,heliport,Loyola University Medical Center Heliport,623,NA,US,US-IL,Broadview,,,0IL1,0IL1,41.86090087890625, -87.8364028930664
0IL2,small_airport,Griffin Airport,541,NA,US,US-IL,Alma,,,0IL2,0IL2,38.803056, -88.997778
0IL4,heliport,Advocate Good Samaritan Hospital Heliport,772,NA,US,US-IL,Downers Grove,,,0IL4,0IL4,41.818743, -88.007677
0IL5,heliport,OSF St Luke Medical Center Heliport,849,NA,US,US-IL,Kewanee,,,0IL5,0IL5,41.221865, -89.947788
0IL6,heliport,Northwestern Memorial Healthcare Heliport,852,NA,US,US-IL,DeKalb,,,0IL6,0IL6,41.960636, -88.721781
0IL7,small_airport,Davis Restricted Landing Area,682,NA,US,US-IL,Hammond,,,0IL7,0IL7,39.782917, -88.546708
0IL8,closed,Walter Airport,890,NA,US,US-IL,DeKalb,,,,,41.871416, -88.723473
0IL9,small_airport,Jack W Watson Airport,880,NA,US,US-IL,DeKalb,,,0IL9,0IL9,41.853699, -88.786513
0IN1,small_airport,Snider Field,400,NA,US,US-IN,Decker,,,0IN1,0IN1,38.5, -87.59590148925781
0IN2,small_airport,The Lazy K Airport,835,NA,US,US-IN,Tocsin,,,0IN2,0IN2,40.82780075073242, -85.08609771728516
0IN4,small_airport,Air Park Field,750,NA,US,US-IN,New Haven,,,0IN4,0IN4,41.127405, -84.953306
0IN5,small_airport,Byrne Field,800,NA,US,US-IN,Byrneville,,,0IN5,0IN5,38.329378, -86.033431
0IN9,small_airport,Parrish Airport,390,NA,US,US-IN,Mount Vernon,,,0IN9,0IN9,37.99322, -87.94855
0IS0,heliport,Trinity Medical Center West Heliport,664,NA,US,US-IL,Rock Island,,,0IS0,0IS0,41.48109817504883, -90.57140350341797
0IS2,heliport,Evanston/Glenbrook Heliport,678,NA,US,US-IL,Glenview,,,0IS2,0IS2,42.093101501464844, -87.85260009765625
0IS3,small_airport,Cady Aerial Restricted Landing Area,630,NA,US,US-IL,Rock Falls,,,0IS3,0IS3,41.660089, -89.694443
0IS6,heliport,Dongola Heliport,383,NA,US,US-IL,Dongola,,,0IS6,0IS6,37.3656005859375, -89.1635971069336
0IS8,heliport,Blessing Hospital At 11th St Heliport,650,NA,US,US-IL,Quincy,,,0IS8,0IS8,39.936012, -91.398659
0IS9,heliport,Bernardin Heliport,830,NA,US,US-IL,West Brooklyn,,,0IS9,0IS9,41.70840072631836, -89.2029037475586
0J0,small_airport,Abbeville Municipal Airport,468,NA,US,US-AL,Abbeville,,,K0J0,0J0,31.600093, -85.238353
0J8,small_airport,Flying Ten Airport,85,NA,US,US-FL,Archer,,,K0J8,0J8,29.618954, -82.508769
0JY9,heliport,Fleming County Hospital Heliport,943,NA,US,US-KY,Flemingsburg,,,0JY9,0JY9,38.422373, -83.752604
0K6,small_airport,Dobie's Airport,610,NA,US,US-OK,Inola,,,K0K6,0K6,36.179737, -95.5804
0KS0,small_airport,J V Ranch Airport,1180,NA,US,US-KS,Osage City,,,0KS0,0KS0,38.63330078125, -95.92530059814453
0KS4,small_airport,Norris Airport,1065,NA,US,US-KS,Lawrence,,,0KS4,0KS4,38.807239, -95.370056
0KS5,small_airport,Oasis Aerodrome,1914,NA,US,US-KS,Great Bend,,,0KS5,0KS5,38.450666, -98.797646
0KS7,small_airport,Mono Aircraft Airport,1450,NA,US,US-KS,Cheney,,,0KS7,0KS7,37.69279861450195, -97.88639831542969
0KS8,small_airport,Pearce Field,950,NA,US,US-KS,Parsons,,,0KS8,0KS8,37.38249969482422, -95.37470245361328
0KS9,small_airport,Lmn 120 Airport,1330,NA,US,US-KS,Douglas,,,0KS9,0KS9,37.515899658203125, -96.9197998046875
0KY0,small_airport,Owen Air Park,890,NA,US,US-KY,Owenton,,,0KY0,0KY0,38.622798919677734, -84.77890014648438
0KY1,small_airport,Arnemann Farms Airport,504,NA,US,US-KY,Franklin,,,0KY1,0KY1,36.76559829711914, -86.61830139160156
0KY4,small_airport,Cambron Field,427,NA,US,US-KY,Owensboro,,,0KY4,0KY4,37.56439971923828, -87.08190155029297
0KY5,small_airport,Boyce Wafer Farm Airport,600,NA,US,US-KY,Alvaton,,,,0KY5,36.812346, -86.377427
0KY7,small_airport,Clinton-Hickman County Airport,360,NA,US,US-KY,Clinton,,,0KY7,0KY7,36.63610076904297, -88.99859619140625
0L4,small_airport,Lida Junction Airport,4684,NA,US,US-NV,Goldfield,,,K0L4,0L4,37.490909, -117.188848
0L5,small_airport,Goldfield Airport,5680,NA,US,US-NV,Goldfield,,,1A8,1A8,37.722114, -117.236363
0L6,heliport,Winn Parish Medical Center Heliport,140,NA,US,US-LA,Winnfield,,,K0L6,0L6,31.923824, -92.646091
0LA0,heliport,West Hackberry Heliport,10,NA,US,US-LA,Hackberry,,,0LA0,0LA0,30.003515, -93.401005
0LA1,small_airport,Double H Ranch Airport,15,NA,US,US-LA,Gonzales,,,0LA1,0LA1,30.229400634765625, -90.97339630126953
0LA3,small_airport,Belcher Airpatch Airport,280,NA,US,US-LA,Belcher,,,0LA3,0LA3,32.749298095703125, -93.87349700927734
0LA4,heliport,North Caddo Medical Center Heliport,200,NA,US,US-LA,Vivian,,,0LA4,0LA4,32.86410140991211, -93.98899841308594
0LA5,heliport,Conoco Inc Heliport,3,NA,US,US-LA,Grand Isle,,,0LA5,0LA5,29.258868, -89.964541
0LA7,heliport,Exxon Heliport,6,NA,US,US-LA,Grand Isle,,,0LA7,0LA7,29.254738, -89.96732
0LA8,heliport,Jackson Parish Hospital Heliport,183,NA,US,US-LA,Jonesboro,,,0LA8,0LA8,32.252942, -92.718795
0LA9,small_airport,Rebel Field,74,NA,US,US-LA,Watson,,,0LA9,0LA9,30.586299896240234, -90.86150360107422
0LL0,small_airport,Kaufield Airport,783,NA,US,US-IL,Belvidere,,,0LL0,0LL0,42.265259, -88.727754
0LL1,small_airport,Jerseyville Aviation Inc Airport,604,NA,US,US-IL,Jerseyville,,,0LL1,0LL1,39.094200134277344, -90.31340026855469
0LL2,small_airport,Murk's Strip,700,NA,US,US-IL,St. Augustine,,,0LL2,0LL2,40.738899231, -90.38069915770001
0LL3,small_airport,Koenig Airport,614,NA,US,US-IL,Jerseyville,,,0LL3,0LL3,39.05500030517578, -90.34210205078125
0LL4,small_airport,Flaherty Field,664,NA,US,US-IL,La Salle,,,0LL4,0LL4,41.419592, -89.121394
0LL5,small_airport,Busboom RLA Restricted Landing Area,675,NA,US,US-IL,St Joseph,,,0LL5,0LL5,40.1100006104, -88.07839965820001
0LL6,small_airport,Gord Airport,710,NA,US,US-IL,Sandwich,,,0LL6,0LL6,41.69839859008789, -88.60759735107422
0LL7,heliport,Northwestern Medicine Valley West Hospital Heliport,670,NA,US,US-IL,Sandwich,,,0LL7,0LL7,41.657994, -88.621297
0LS0,small_airport,Theriot Field,13,NA,US,US-LA,Thibodaux,,,0LS0,0LS0,29.74970054626465, -90.73580169677734
0LS3,heliport,Evergreen Venice Heliport,,NA,US,US-LA,Venice,,,0LS3,0LS3,29.29669952392578, -89.37439727783203
0LS5,small_airport,Trahan Ultralightport,40,NA,US,US-LA,Carencro,,,0LS5,0LS5,30.303775, -92.130547
0LS6,small_airport,Dufour Airport,42,NA,US,US-LA,Morrow,,,0LS6,0LS6,30.787700653076172, -92.05039978027344
0LS7,small_airport,Morgan Field,36,NA,US,US-LA,New Roads,,,0LS7,0LS7,30.61280059814453, -91.48419952392578
0LS8,small_airport,Lonesome Dove Airfield,34,NA,US,US-LA,Woodlawn,,,0LS8,0LS8,30.28580093383789, -92.94129943847656
0LS9,small_airport,Huenefeld Airport,72,NA,US,US-LA,Monroe,,,0LS9,0LS9,32.513603, -91.98657
0MA1,heliport,Massachusetts General Hospital Heliport,214,NA,US,US-MA,Boston,,,0MA1,0MA1,42.363656, -71.069142
0MA2,heliport,Healthalliance Hospital-Leominster Heliport,450,NA,US,US-MA,Leominster,,,0MA2,0MA2,42.54090118408203, -71.76280212402344
0MA3,heliport,Reh Heliport,100,NA,US,US-MA,Rehoboth,,,0MA3,0MA3,41.786224, -71.231437
0MA4,heliport,Boston Medical Center Hospital Heliport,19,NA,US,US-MA,Boston,,,0MA4,0MA4,42.333804, -71.071352
0MA5,heliport,Brockton Usar Center Heliport,85,NA,US,US-MA,Brockton,,,0MA5,0MA5,42.05590057373047, -71.05590057373047
0MA6,heliport,Wbz Heliport,9,NA,US,US-MA,Boston,,,0MA6,0MA6,42.3651008605957, -71.13259887695312
0MA9,heliport,Lleia Kyle O'Meara Heliport,1230,NA,US,US-MA,Westminster,,,0MA9,0MA9,42.50310134887695, -71.90840148925781
0MD0,heliport,Baltimore Washington Medical Center Heliport,77,NA,US,US-MD,Glen Burnie,,,0MD0,0MD0,39.1375999451, -76.623298645
0MD1,small_airport,Taylor Field,75,NA,US,US-MD,Sudlersville,,,0MD1,0MD1,39.18730163574219, -75.7927017211914
0MD2,small_airport,Squier Landing Airport,16,NA,US,US-MD,Newburg,,,0MD2,0MD2,38.287781, -76.867575
0MD4,small_airport,Pond View Private Airport,47,NA,US,US-MD,Chestertown,,,0MD4,0MD4,39.26679992675781, -76.18720245361328
0MD6,small_airport,Walters Airport,750,NA,US,US-MD,Mount Airy,,,0MD6,0MD6,39.38119888305664, -77.10579681396484
0MD7,heliport,The Aspen Institute Heliport,20,NA,US,US-MD,Queenstown,,,0MD7,0MD7,38.9093017578125, -76.11969757080078
0MD8,heliport,Security Ford Heliport,30,NA,US,US-MD,Arbutus,,,0MD8,0MD8,39.24589920043945, -76.67610168457031
0MD9,heliport,Calvert Memorial Hospital Heliport,143,NA,US,US-MD,Prince Frederick,,,0MD9,0MD9,38.560846, -76.595979
0ME4,small_airport,Peasley Field,271,NA,US,US-ME,Otis,,,0ME4,0ME4,44.742469, -68.474403
0ME7,seaplane_base,Sebago Lake Basin Seaplane Base,266,NA,US,US-ME,North Windham,,,0ME7,0ME7,43.839716, -70.462016
0MI1,small_airport,Sugar Springs Airpark,940,NA,US,US-MI,Gladwin,,,K5M6,5M6,44.140301, -84.4375
0MI3,small_airport,Kelleys Airport,1000,NA,US,US-MI,Grayling,,,0MI3,0MI3,44.633399963378906, -84.4833984375
0MI4,small_airport,Lesterson-Dempsey Airstrip,1120,NA,US,US-MI,Gwinn,,,0MI4,0MI4,46.270198, -87.386496
0MI6,small_airport,Young's Airport,800,NA,US,US-MI,Hulbert,,,0MI6,0MI6,46.38750076293945, -85.18399810791016
0MI7,heliport,Four Star Heliport,603,NA,US,US-MI,Carleton,,,0MI7,0MI7,42.042987, -83.35895
0MI8,small_airport,Twin Lakes Airport,1275,NA,US,US-MI,Lewiston,,,,MI55,44.894115, -84.297818
0MI9,heliport,Henry Ford Hospital Heliport,633,NA,US,US-MI,Detroit,,,0MI9,0MI9,42.36750030517578, -83.08439636230469
0MN0,seaplane_base,Winner's Landing Seaplane Base,690,NA,US,US-MN,St Paul Park,,,0MN0,0MN0,44.79690170288086, -92.98410034179688
0MN2,seaplane_base,Grindstone Lake Seaplane Base,1025,NA,US,US-MN,Sandstone,,,0MN2,0MN2,46.13330078125, -93.00299835205078
0MN3,seaplane_base,Lower Hay Lake Seaplane Base,1230,NA,US,US-MN,Jenkins,,,0MN3,0MN3,46.677799224853516, -94.2925033569336
0MN4,seaplane_base,Paul's Seaplane Base,1200,NA,US,US-MN,Nisswa,,,0MN4,0MN4,46.47719955444336, -94.3031005859375
0MN6,closed,Matson Field,1365,NA,US,US-MN,Spring Valley,,,,,43.662201, -92.404297
0MN7,heliport,Ely Bloomenson Community Hospital Heliport,1450,NA,US,US-MN,Ely,,,0MN7,0MN7,47.89910125732422, -91.87300109863281
0MN9,heliport,Triple H Heliport,980,NA,US,US-MN,Big Lake,,,0MN9,0MN9,45.31330108642578, -93.71759796142578
0MO0,small_airport,Ferros Ranch-Aero Airport,775,NA,US,US-MO,Clinton,,,0MO0,0MO0,38.410301208496094, -93.8501968383789
0MO1,small_airport,Flying G Airport,920,NA,US,US-MO,La Tour,,,0MO1,0MO1,38.54652, -94.096629
0MO2,small_airport,Short-N-Ruff Airport,950,NA,US,US-MO,Caledonia,,,0MO2,0MO2,37.78670120239258, -90.78009796142578
0MO4,heliport,Bert Walter Berkowitz Heliport,890,NA,US,US-MO,Kansas City,,,0MO4,0MO4,39.08530044555664, -94.57379913330078
0MO5,small_airport,Joe D Lewis Airport,780,NA,US,US-MO,Edina,,,0MO5,0MO5,40.133399963378906, -92.1001968383789
0MO7,heliport,St Joseph Hospital West Heliport,531,NA,US,US-MO,Lake Saint Louis,,,0MO7,0MO7,38.80329895019531, -90.77629852294922
0MO8,small_airport,Sloan's Airport,437,NA,US,US-MO,Elsberry,,,0MO8,0MO8,39.14059829711914, -90.73680114746094
0MS0,small_airport,Topton Air Estates Airport,453,NA,US,US-MS,Meridian,,,0MS0,0MS0,32.474998474121094, -88.61669921875
0MS2,small_airport,Morgan Field,300,NA,US,US-MS,Seminary,,,0MS2,0MS2,31.541799545288086, -89.3917007446289
0MS3,heliport,Baptist Memorial Hospital-North Ms Heliport,430,NA,US,US-MS,Oxford,,,0MS3,0MS3,34.347801208496094, -89.51899719238281
0MS4,heliport,Sheriff's Courthouse Heliport,50,NA,US,US-MS,Gulfport,,,0MS4,0MS4,30.375999450683594, -89.08619689941406
0MS6,heliport,Levert Heliport,25,NA,US,US-MS,Pass Christian,,,0MS6,0MS6,30.301300048828125, -89.2344970703125
0MS8,small_airport,Catfish Point Airport,154,NA,US,US-MS,Benoit,,,0MS8,0MS8,33.695352, -91.163484
0MS9,small_airport,Shenandoah Valley Farms Airport,300,NA,US,US-MS,Houston,,,0MS9,0MS9,33.80070114135742, -89.02729797363281
0MT1,small_airport,Williams Field,4070,NA,US,US-MT,Augusta,,,0MT1,0MT1,47.497501373291016, -112.39099884033203
0MT2,heliport,Big Sandy Medical Center Heliport,2750,NA,US,US-MT,Big Sandy,,,0MT2,0MT2,48.1796989440918, -110.10900115966797
0MT3,heliport,Stock Farm Heliport,3920,NA,US,US-MT,Hamilton,,,0MT3,0MT3,46.25080108642578, -114.06700134277344
0MT4,small_airport,Kimp Airport,3510,NA,US,US-MT,Hamilton,,,0MT4,0MT4,46.27859878540039, -114.14099884033203
0MT5,small_airport,Cottonwood Airport,3350,NA,US,US-MT,Laurel,,,0MT5,0MT5,45.633771, -108.848248
0MT6,small_airport,Hanson Airport,3900,NA,US,US-MT,Marion,,,0MT6,0MT6,48.037607, -114.674478
0MT7,small_airport,Pinehurst Ranch Airport,2460,NA,US,US-MT,Thompson Falls,,,0MT7,0MT7,47.66080093383789, -115.40399932861328
0MT8,heliport,Glacier Heli Tours Heliport,3300,NA,US,US-MT,West Glacier,,,0MT8,0MT8,48.486698150634766, -113.99800109863281
0MT9,small_airport,Lone Hawk Airport,3284,NA,US,US-MT,White Fish,,,0MT9,0MT9,48.481172, -114.481659
0MU0,small_airport,Eagle Field,784,NA,US,US-MO,Ellington,,,0MU0,0MU0,37.23469924926758, -91.09359741210938
0MU1,small_airport,Sunderland Airport,1027,NA,US,US-MO,Avilla,,,0MU1,0MU1,37.246700286865234, -94.17389678955078
0MU2,heliport,Christian Hospital Northeast Heliport,520,NA,US,US-MO,Saint Louis,,,0MU2,0MU2,38.77692, -90.24151
0MU3,heliport,Hannibal Regional Hospital Heliport,744,NA,US,US-MO,Hannibal,,,0MU3,33MO,39.7111, -91.451934
0MU4,small_airport,Slaughter Airport,800,NA,US,US-MO,Marceline,,,0MU4,0MU4,39.6161003112793, -92.86689758300781
0MU5,heliport,Holden Heliport,865,NA,US,US-MO,Holden,,,0MU5,0MU5,38.71969985961914, -93.99440002441406
0MU6,heliport,Bradbury-Rolf Memorial Heliport,815,NA,US,US-MO,Higginsville,,,0MU6,0MU6,39.073299407958984, -93.73590087890625
0MU7,small_airport,Lambs Field,1070,NA,US,US-MO,Lone Jack,,,0MU7,0MU7,38.875, -94.13970184326172
0MU8,small_airport,Prince STOLport,582,NA,US,US-MO,Millersville,,,0MU8,0MU8,37.43870162963867, -89.75900268554688
0MU9,small_airport,RPM Airport,1282,NA,US,US-MO,Fair Grove,,,0MU9,0MU9,37.337894, -93.164084
0MY0,heliport,Kenyon Heliport,1500,NA,US,US-MN,Kenyon,,,0MY0,0MY0,44.333900451660156, -92.94329833984375
0MY1,heliport,Bozeman Deaconess Hospital Heliport,4925,NA,US,US-MT,Bozeman,,,0MY1,0MY1,45.66999816894531, -111.01899719238281
0N0,small_airport,Roosterville Airport,1004,NA,US,US-MO,Liberty,,,0N0,0N0,39.291099548339844, -94.44219970703125
0N4,small_airport,Chandelle Airport,22,NA,US,US-DE,Dover,,,K0N4,0N4,39.202301, -75.485497
0N5,heliport,Deldot Helistop,30,NA,US,US-DE,Dover,,,K0N5,0N5,39.148231, -75.503451
0N6,small_airport,Albanna Aviation Airport,50,NA,US,US-DE,Felton,,,,28DE,39.012602, -75.533501
0NA1,small_airport,Goerger Airport,1045,NA,US,US-ND,Barney,,,0NA1,0NA1,46.245356, -97.038174
0NA5,small_airport,Sorlie Airport,1580,NA,US,US-ND,Maddock,,,0NA5,0NA5,48.0010986328125, -99.56289672851562
0NA9,small_airport,Boyd's Turf Airport,2750,NA,US,US-ND,Golva,,,0NA9,0NA9,46.75, -103.801003
0NC0,heliport,Wayne Memorial Hospital Inc. Heliport,106,NA,US,US-NC,Goldsboro,,,0NC0,0NC0,35.398799896240234, -77.94969940185547
0NC2,heliport,Moore Regional Hospital Heliport,460,NA,US,US-NC,Pinehurst,,,0NC2,0NC2,35.204973, -79.458234
0NC3,heliport,Washington County Hospital Heliport,19,NA,US,US-NC,Plymouth,,,0NC3,0NC3,35.87519836425781, -76.69969940185547
0NC4,heliport,Wake Medical Center Heliport,245,NA,US,US-NC,Raleigh,,,0NC4,0NC4,35.786800384521484, -78.58580017089844
0NC5,heliport,Nash General Hospital Heliport,156,NA,US,US-NC,Rocky Mount,,,0NC5,0NC5,35.91889953613281, -77.78919982910156
0NC6,heliport,Our Community Hospital Heliport,113,NA,US,US-NC,Scotland Neck,,,0NC6,0NC6,36.13130187988281, -77.41889953613281
0NC7,small_airport,Lindsay Airport,700,NA,US,US-NC,Madison,,,0NC7,0NC7,36.36481, -79.99614
0NC8,small_airport,Flying S Ranch Airport,830,NA,US,US-NC,Cleveland,,,0NC8,0NC8,35.755699, -80.735298
0NC9,heliport,Maria Parham Health DLP Affiliate Heliport,465,NA,US,US-NC,Henderson,,,0NC9,0NC9,36.3307, -78.449699
0ND0,small_airport,Gilbertson Field,1550,NA,US,US-ND,Flora,,,0ND0,0ND0,47.92919921875, -99.40039825439453
0ND6,small_airport,Schumacher Strip,2020,NA,US,US-ND,Hague,,,0ND6,0ND6,46.05500030517578, -99.91709899902344
0ND7,small_airport,Saville Private Airport,1961,NA,US,US-ND,Hazelton,,,0ND7,0ND7,46.465301513671875, -100.1050033569336
0NE0,small_airport,Merrihew Airport,3815,NA,US,US-NE,Ashby,,,0NE0,0NE0,41.849998474121094, -101.94999694824219
0NE1,small_airport,Runner Landing Area Airport,3760,NA,US,US-NE,Ashby,,,0NE1,0NE1,42.40719985961914, -101.93199920654297
0NE3,heliport,Syracuse Hospital Heliport,1120,NA,US,US-NE,Syracuse,,,0NE3,0NE3,40.676069, -96.181467
0NE4,heliport,Franklin County Memorial Hospital Heliport,1950,NA,US,US-NE,Franklin,,,0NE4,0NE4,40.097198486328125, -98.95040130615234
0NE6,small_airport,Frager Field,1765,NA,US,US-NE,Fairfield,,,0NE6,0NE6,40.43330001831055, -98.07060241699219
0NH7,heliport,Leinsing Heliport,10,NA,US,US-NH,Dover,,,0NH7,0NH7,43.151831, -70.846902
0NJ0,heliport,Atlantic City Medical Center Heliport,82,NA,US,US-NJ,Atlantic City,,,0NJ0,0NJ0,39.3589702498, -74.4346717
0NJ1,heliport,Berkeley Township Police Heliport,54,NA,US,US-NJ,Bayville,,,0NJ1,0NJ1,39.90729904174805, -74.23490142822266
0NJ2,heliport,Ballymere Heliport,280,NA,US,US-NJ,Morristown,,,0NJ2,0NJ2,40.752899169921875, -74.43990325927734
0NJ3,heliport,Mount Holly Heliport,45,NA,US,US-NJ,Mount Holly,,,0NJ3,0NJ3,39.966800689697266, -74.79959869384766
0NJ4,heliport,Weichert Headquarters Heliport,103,NA,US,US-NJ,Morris Plains,,,0NJ4,0NJ4,40.94070053100586, -74.46150207519531
0NJ5,small_airport,Fla-Net Airport,1040,NA,US,US-NJ,Netcong,,,0NJ5,0NJ5,40.88589859008789, -74.70570373535156
0NJ6,small_airport,Dix Field,8,NA,US,US-NJ,Linwood,,,0NJ6,0NJ6,39.31679916381836, -74.63289642333984
0NJ7,heliport,Essex Generating Station Heliport,8,NA,US,US-NJ,Newark,,,0NJ7,0NJ7,40.737818, -74.118655
0NJ8,heliport,Port Newark Helistop,10,NA,US,US-NJ,Newark,,,0NJ8,0NJ8,40.702301025390625, -74.15070343017578
0NJ9,heliport,Jersey Tpke New Brunswick Helistop,70,NA,US,US-NJ,New Brunswick,,,0NJ9,0NJ9,40.477298736572266, -74.40789794921875
0NK0,small_airport,Berdick Field,1690,NA,US,US-NY,Cattaraugus,,,0NK0,0NK0,42.33399963378906, -78.79090118408203
0NK1,small_airport,Spring Brook Airport,450,NA,US,US-NY,Central Square,,,0NK1,0NK1,43.361698150634766, -76.22019958496094
0NK2,small_airport,Westwind Farm Airport,800,NA,US,US-NY,Charlton,,,0NK2,0NK2,42.9833984375, -74.01619720458984
0NK3,small_airport,Seven Gullies Airport,600,NA,US,US-NY,Groveland,,,0NK3,0NK3,42.695653, -77.792451
0NK4,heliport,Nassau University Medical Center Heliport,80,NA,US,US-NY,Hempstead,,,0NK4,0NK4,40.726482, -73.552773
0NK6,small_airport,Cochran Airport,1280,NA,US,US-NY,Marathon,,,NY92,NY92,42.438421, -76.089272
0NK7,heliport,King Street Heliport,470,NA,US,US-NY,Armonk,,,0NK7,0NK7,41.10279, -73.725087
0NM0,small_airport,Columbus Airport,4024,NA,US,US-NM,Columbus,,CUS,0NM0,0NM0,31.823898, -107.629924
0NM7,small_airport,Negrito Airstrip,8143,NA,US,US-NM,Reserve,,,0NM7,0NM7,33.527901, -108.541001
0NV1,heliport,Summerlin Medical Center Heliport,2745,NA,US,US-NV,Las Vegas,,,0NV1,0NV1,36.18192, -115.31647
0NY0,small_airport,Bennetts Airport,1040,NA,US,US-NY,North Creek,,,0NY0,0NY0,43.692973, -73.978013
0NY1,small_airport,Russell Field,260,NA,US,US-NY,Northumberland,,,0NY1,0NY1,43.139198303222656, -73.6531982421875
0NY2,heliport,Amar Heliport,507,NA,US,US-NY,Stony Point,,,0NY2,0NY2,41.231009, -74.047353
0NY3,small_airport,Kermizian Airport,1440,NA,US,US-NY,Ohio,,,0NY3,0NY3,43.31399917602539, -74.93209838867188
0NY4,heliport,Bridgeview Heliport,133,NA,US,US-NY,Kingston,,,0NY4,0NY4,41.982698, -73.963206
0NY6,heliport,New York State Police Troop E Zone 2 Auburn Heliport,600,NA,US,US-NY,Auburn,,,0NY6,0NY6,42.928843, -76.615734
0NY7,small_airport,Murphys Landing Strip,940,NA,US,US-NY,Amsterdam,,,0NY7,0NY7,43.026623, -74.177055
0NY8,small_airport,Wenskoski Field,800,NA,US,US-NY,Perth,,,0NY8,0NY8,42.99729919433594, -74.24539947509766
0O0,seaplane_base,San Luis Reservoir Seaplane Base,544,NA,US,US-CA,Los Banos,,,0O0,0O0,37.05830001831055, -121.1259994506836
0O4,small_airport,Corning Municipal Airport,292,NA,US,US-CA,Corning,,,K0O4,0O4,39.944555, -122.170851
0O9,small_airport,Ward Field,356,NA,US,US-CA,Gasquet,,,0O9,0O9,41.845699310302734, -123.98500061035156
0OH1,heliport,Cirino Heliport,1250,NA,US,US-OH,Chagrin Falls,,,0OH1,0OH1,41.44390106201172, -81.32759857177734
0OH3,heliport,Hamilton County Sheriff's Patrol Heliport,865,NA,US,US-OH,Forest Park,,,0OH3,0OH3,39.27920150756836, -84.564697265625
0OH4,heliport,Upper Valley Medical Center Heliport,867,NA,US,US-OH,Troy,,,0OH4,0OH4,40.085621, -84.228562
0OH6,small_airport,Fry Field,775,NA,US,US-OH,Spring Valley,,,0OH6,0OH6,39.60060119628906, -84.01969909667969
0OH7,closed,Apple Airport,1000,NA,US,US-OH,Piqua,,,,,40.152721, -84.173355
0OH8,small_airport,Fry Airport,900,NA,US,US-OH,Piqua,,,0OH8,0OH8,40.18840026855469, -84.256103515625
0OI0,heliport,Foltz Heliport,1012,NA,US,US-OH,East Canton,,,0OI0,0OI0,40.73590087890625, -81.2468032836914
0OI2,small_airport,Unger Field,940,NA,US,US-OH,Greenfield,,,0OI2,0OI2,39.359798431396484, -83.4177017211914
0OI3,small_airport,Galloway Airport,643,NA,US,US-OH,Sandusky,,,0OI3,0OI3,41.38209915161133, -82.71610260009766
0OI6,small_airport,Victor's Landing Airport,860,NA,US,US-OH,Kingsville,,,0OI6,0OI6,41.83810043334961, -80.6436996459961
0OI9,small_airport,Hidden Quarry Airport,830,NA,US,US-OH,Lucasville,,,0OI9,0OI9,38.894500732421875, -83.1135025024414
0OK1,small_airport,Mckey Airport,1056,NA,US,US-OK,Elmore City,,,0OK1,0OK1,34.65700149536133, -97.40170288085938
0OK3,small_airport,McKinley Ranch Airport,1420,NA,US,US-OK,Geary,,,0OK3,0OK3,35.614465, -98.534403
0OK4,small_airport,Rock Creek Farm Airport,730,NA,US,US-OK,Coal Gate,,,0OK4,0OK4,34.66059875488281, -96.25360107421875
0OK5,small_airport,Chappell Airport,1070,NA,US,US-OK,Guthrie,,,0OK5,0OK5,35.88890075683594, -97.40029907226562
0OK6,small_airport,Ellis/Harvey Airport,1220,NA,US,US-OK,Guthrie,,,0OK6,0OK6,35.801700592041016, -97.38610076904297
0OK7,heliport,Shattuck Hospital Heliport,2200,NA,US,US-OK,Shattuck,,,0OK7,0OK7,36.25, -99.87539672851562
0OK9,small_airport,Crystal Airport,1016,NA,US,US-OK,Jennings,,,0OK9,0OK9,36.213401794433594, -96.63700103759766
0OR0,heliport,Providence Medford Medical Center Heliport,1350,NA,US,US-OR,Medford,,,0OR0,0OR0,42.338804, -122.86282
0OR2,heliport,Hendershots Heliport,1200,NA,US,US-OR,Merlin,,,0OR2,0OR2,42.133201599121094, -123.45099639892578
0OR3,small_airport,Long Ranch Airport,4090,NA,US,US-OR,Merrill,,,0OR3,0OR3,42.01900100708008, -121.7040023803711
0OR4,heliport,Round Butte Heliport,2125,NA,US,US-OR,Metolius,,,0OR4,0OR4,44.61650085449219, -121.26799774169922
0OR6,small_airport,Rome Service Airport,3387,NA,US,US-OR,Jordan Valley,,,0OR6,0OR6,42.834, -117.628998
0OR7,small_airport,Marr Field,275,NA,US,US-OR,Monmouth,,,0OR7,0OR7,44.854000091552734, -123.26399993896484
0OR8,small_airport,Sutton on Rogue Airport,1260,NA,US,US-OR,White City,,,0OR8,0OR8,42.484563, -122.866435
0OR9,small_airport,Hanel Field,1626,NA,US,US-OR,Mount Hood,,,0OR9,0OR9,45.59260177612305, -121.54900360107422
0P1,small_airport,Van Pak Airport,2213,NA,US,US-KS,Prairie View,,,0P1,0P1,39.83213, -99.568784
0P2,small_airport,Shoestring Aviation Airfield,1000,NA,US,US-PA,Stewartstown,,,K0P2,0P2,39.795243, -76.647678
0PA0,small_airport,Philadelphia Gliderport,670,NA,US,US-PA,Hilltown,,,3PA2,3PA2,40.331227, -75.248125
0PA1,heliport,Phoenix Technologies Heliport,252,NA,US,US-PA,Norristown,,,0PA1,0PA1,40.11819839477539, -75.40129852294922
0PA2,small_airport,Haunstein Ultralightport,600,NA,US,US-PA,Shermans Dale,,,0PA2,0PA2,40.31679916379999, -77.1247024536
0PA3,small_airport,Robbins Farm Airport,1207,NA,US,US-PA,Troy,,,0PA3,0PA3,41.747319, -76.760624
0PA4,small_airport,Ecko Field,380,NA,US,US-PA,Hummelstown,,,0PA4,0PA4,40.23759841918945, -76.72470092773438
0PA5,small_airport,Fisher Airport,1500,NA,US,US-PA,Franklin,,,0PA5,0PA5,41.49449920654297, -79.83090209960938
0PA6,small_airport,Hostetler Airport,760,NA,US,US-PA,Huntingdon,,,0PA6,0PA6,40.63090133666992, -77.85030364990234
0PA8,heliport,Geisinger Community Medical Center Heliport,508,NA,US,US-PA,Scranton,,,0PA8,0PA8,41.399909, -75.646682
0PA9,heliport,Carson Heliport,415,NA,US,US-PA,Perkasie,,,0PA9,0PA9,40.33340072631836, -75.21630096435547
0PN0,small_airport,Fletcher Airport,1335,NA,US,US-PA,Hadley,,,0PN0,0PN0,41.441875, -80.15537
0PN1,seaplane_base,Pete's Water Landing Seaplane Base,757,NA,US,US-PA,Freeport,,,0PN1,0PN1,40.69940185546875, -79.618896484375
0PN2,small_airport,Flying Acres Airport,1247,NA,US,US-PA,Slippery Rock,,,0PN2,0PN2,41.07310104370117, -80.07029724121094
0PN3,heliport,Wyeth-Ayerst Nr Heliport,186,NA,US,US-PA,Collegeville,,,0PN3,0PN3,40.15869903564453, -75.4634017944336
0PN4,small_airport,Kitner Airport,960,NA,US,US-PA,New Bloomfield,,,0PN4,0PN4,40.4128990173, -77.24140167239999
0PN5,small_airport,Nichols Airport,1761,NA,US,US-PA,Spartansburg,,,0PN5,0PN5,41.77920150756836, -79.59839630126953
0PN6,small_airport,Memmi Airport,1138,NA,US,US-PA,Three Springs,,,0PN6,0PN6,40.16899871826172, -77.99250030517578
0PN7,small_airport,Drillmore Acres Airport,680,NA,US,US-PA,Newburg,,,0PN7,0PN7,40.128299713134766, -77.63140106201172
0PN8,small_airport,Shriver Airport,1560,NA,US,US-PA,Titusville,,,0PN8,0PN8,41.606394, -79.684181
0PS0,small_airport,Frederick Airpark,1560,NA,US,US-PA,Tylersburg,,,0PS0,0PS0,41.37089920043945, -79.3416976928711
0PS3,small_airport,Carsonville Airport,800,NA,US,US-PA,Carsonville,,,0PS3,0PS3,40.49039840698242, -76.7666015625
0PS4,small_airport,Old Orchard Airport,1980,NA,US,US-PA,Curwensville,,,0PS4,0PS4,41.009746, -78.561838
0PS5,heliport,Used Parts Heliport,660,NA,US,US-PA,East Bangor,,,0PS5,0PS5,40.87929916381836, -75.19270324707031
0PS6,heliport,Herbst Heliport,485,NA,US,US-PA,East Prospect,,,0PS6,0PS6,39.949501037597656, -76.55329895019531
0PS7,small_airport,Harman Airport,720,NA,US,US-PA,Elizabethville,,,0PS7,0PS7,40.522396, -76.846297
0PS8,heliport,Bayfront Garage Heliport,1130,NA,US,US-PA,Erie,,,0PS8,0PS8,42.132598876953125, -80.08619689941406
0PS9,heliport,Jefferson Health Bucks County Campus Heliport,141,NA,US,US-PA,Fairless Hills,,,0PS9,0PS9,40.182734, -74.868028
0Q3,small_airport,Sonoma Valley Airport,10,NA,US,US-CA,Schellville/Sonoma,,,0Q3,0Q3,38.223499, -122.449997
0Q4,small_airport,Selma Airport,305,NA,US,US-CA,Selma,,,0Q4,0Q4,36.581600189208984, -119.65799713134766
0Q9,small_airport,Sonoma Skypark Airport,20,NA,US,US-CA,Sonoma,,,0Q9,0Q9,38.257702, -122.433998
0R2,small_airport,Lincoln Municipal Airport,940,NA,US,US-MO,Lincoln,,,0R2,0R2,38.4039, -93.333
0R7,small_airport,The Red River Airport,177,NA,US,US-LA,Coushatta,,,0R7,0R7,31.990699768066406, -93.30740356445312
0S1,small_airport,Meadow Creek USFS Airport,3984,NA,US,US-MT,Hungry Horse,,,K0S1,0S1,47.847956, -113.416758
0S5,small_airport,Nezperce Municipal Airport,3201,NA,US,US-ID,Nezperce,,,0S5,0S5,46.238574, -116.23857
0SD0,small_airport,Lenling Airport,2142,NA,US,US-SD,Glencross,,,0SD0,0SD0,45.42499923706055, -100.89199829101562
0SD1,small_airport,Lodi Airport,1200,NA,US,US-SD,Wakonda,,,0SD1,0SD1,42.971995, -96.979857
0SD2,heliport,Prairie Lakes West Heliport,1799,NA,US,US-SD,Watertown,,,0SD2,0SD2,44.91109848022461, -97.11949920654297
0SD3,small_airport,Bledsoe Ranch Airport,2872,NA,US,US-SD,Hoover,,,0SD3,0SD3,45.26940155029297, -103.21700286865234
0SD4,heliport,Brookings Health System Heliport,1670,NA,US,US-SD,Brookings,,,0SD4,0SD4,44.307053, -96.765425
0SD5,heliport,The Fort Heliport,5800,NA,US,US-SD,Custer,,,0SD5,0SD5,43.806400299072266, -103.63700103759766
0SD7,small_airport,Porch Ranch Airport,2775,NA,US,US-SD,Wanblee,,,0SD7,0SD7,43.52432, -101.734714
0SD8,small_airport,Juhnke Airport,1900,NA,US,US-SD,Vivian,,,0SD8,0SD8,43.782798767089844, -100.29299926757812
0SD9,heliport,Crazy Horse Heliport,5900,NA,US,US-SD,Custer,,,0SD9,0SD9,43.82500076293945, -103.63600158691406
0TA0,heliport,HCA Houston Healthcare Mainland Heliport,16,NA,US,US-TX,Texas City,,,0TA0,0TA0,29.39501, -94.986355
0TA2,small_airport,Smith Farms Airport,3487,NA,US,US-TX,Halfway,,,0TA2,0TA2,34.213702, -101.923342
0TA4,small_airport,Erco Field,395,NA,US,US-TX,Kaufman,,,0TA4,0TA4,32.49789810180664, -96.27050018310547
0TA5,heliport,Metro Heli-Pad Heliport,57,NA,US,US-TX,Houston,,,0TA5,0TA5,29.614700317382812, -95.35489654541016
0TA7,small_airport,Alta Vista Ranch Airport,4702,NA,US,US-TX,Marfa,,,0TA7,0TA7,30.153167, -103.89978
0TA9,heliport,Houston Oil & Minerals Port Bolivar Nr 2 Heliport,8,NA,US,US-TX,Port Bolivar,,,0TA9,0TA9,29.39109992980957, -94.76409912109375
0TE0,small_airport,Robertson Ranch Airport,1663,NA,US,US-TX,Comstock,,,0TE0,0TE0,29.69300079345703, -101.16200256347656
0TE1,heliport,Christus Spohn Hospital Memorial Heliport,38,NA,US,US-TX,Corpus Christi,,,0TE1,0TE1,27.780069, -97.414811
0TE2,heliport,Bell Helicopter Hurst Heliport,524,NA,US,US-TX,Hurst,,,0TE2,0TE2,32.80009841918945, -97.16699981689453
0TE4,small_airport,Hilltop Lakes Airport,501,NA,US,US-TX,Hilltop Lakes,,,0TE4,0TE4,31.08099937438965, -96.21520233154297
0TE5,small_airport,Santa Maria Ranch Airport,516,NA,US,US-TX,Laredo,,,0TE5,0TE5,27.433799743652344, -99.18589782714844
0TE6,small_airport,Gorman Airport,1452,NA,US,US-TX,Gorman,,,0TE6,0TE6,32.20429992675781, -98.66560363769531
0TE7,small_airport,LBJ Ranch Airport,1515,NA,US,US-TX,Stonewall,,JCY,0TE7,0TE7,30.251801, -98.622498
0TN0,small_airport,R & S Buzzard Airport,810,NA,US,US-TN,Spring Hill,,,0TN0,0TN0,35.676700592041016, -86.89669799804688
0TN1,seaplane_base,Tims Ford Seaplane Base,785,NA,US,US-TN,Tullahoma,,,0TN1,0TN1,35.2223014831543, -86.22000122070312
0TN2,small_airport,Village Airport,920,NA,US,US-TN,Greenback,,,0TN2,0TN2,35.65589904785156, -84.18550109863281
0TN3,heliport,Park West Heliport,1000,NA,US,US-TN,Knoxville,,,0TN3,0TN3,35.917598724365234, -84.1001968383789
0TN4,heliport,Physicians Medical Regional Center Heliport,790,NA,US,US-TN,Knoxville,,,0TN4,0TN4,35.991209, -83.927278
0TN5,small_airport,McDonald Airport,600,NA,US,US-TN,Murfreesboro,,,0TN5,0TN5,35.867729, -86.497907
0TN6,small_airport,Riner Farm Airport,1125,NA,US,US-TN,Norris,,,0TN6,0TN6,36.18339920043945, -84.0990982055664
0TN7,heliport,Horne Properties Heliport,975,NA,US,US-TN,Knoxville,,,0TN7,0TN7,35.92359924316406, -84.09110260009766
0TN8,heliport,Erlanger Medical Center Heliport,745,NA,US,US-TN,Chattanooga,,,0TN8,0TN8,35.049198150634766, -85.29049682617188
0TN9,heliport,East Tennessee Children's Hospital Heliport,1003,NA,US,US-TN,Knoxville,,,0TN9,0TN9,35.956199645996094, -83.93820190429688
0TS1,small_airport,Dooley Airport,650,NA,US,US-TX,Justin,,,0TS1,0TS1,33.098732, -97.272517
0TS4,small_airport,Ullrich Airport,410,NA,US,US-TX,Ledbetter,,,0TS4,0TS4,30.091673, -96.794078
0TS5,small_airport,Lake Bay Gall Airport,230,NA,US,US-TX,Cleveland,,,0TS5,0TS5,30.4419002532959, -95.1863021850586
0TS6,heliport,Harris County Courthouse Heliport,105,NA,US,US-TX,Houston,,,0TS6,0TS6,29.716100692749023, -95.47689819335938
0TS7,small_airport,Flying U Airport,978,NA,US,US-TX,Mineral Wells,,,0TS7,0TS7,32.834578, -98.125677
0TS8,small_airport,Flying 'K' Ranch Ultralightport,81,NA,US,US-TX,Mercedes,,,0TS8,0TS8,26.150400161743164, -97.88359832763672
0TX0,small_airport,Nassau Bay Airport,714,NA,US,US-TX,Granbury,,,0TX0,0TX0,32.41960144042969, -97.71279907226562
0TX1,small_airport,Pecan Plantation Airport,710,NA,US,US-TX,Granbury,,,0TX1,0TX1,32.353325, -97.676225
0TX2,heliport,Heliport-Facility 5a Heliport,546,NA,US,US-TX,Grand Prairie,,,0TX2,0TX2,32.76259994506836, -97.05860137939453
0TX3,heliport,UT Health East Texas Carthage Hospital Heliport,296,NA,US,US-TX,Carthage,,,0TX3,0TX3,32.166429, -94.346098
0TX4,heliport,Aerospatiale Helicopter Corp Heliport,535,NA,US,US-TX,Grand Prairie,,,0TX4,0TX4,32.711700439453125, -97.0271987915039
0TX5,heliport,Shiloh Heliport,635,NA,US,US-TX,Flower Mound,,,0TX5,0TX5,33.023382, -97.120589
0TX6,small_airport,Elm Creek Airpark,550,NA,US,US-TX,Seguin,,,0TX6,0TX6,29.505199432373047, -97.99690246582031
0TX9,small_airport,Card Aerodrome,540,NA,US,US-TX,Greenville,,,0TX9,0TX9,33.250099182128906, -96.11689758300781
0U0,small_airport,Landmark US Forest Service Airport,6662,NA,US,US-ID,Landmark,,,K0U0,0U0,44.642399, -115.532997
0U1,small_airport,Warm Springs Creek Airport,4831,NA,US,US-ID,Lowman,,,K0U1,0U1,44.142093, -115.314312
0U2,small_airport,Copper Basin Airport,7920,NA,US,US-ID,Mackay,,,K0U2,0U2,43.8017, -113.831146
0U3,small_airport,Mahoney Creek USFS Airport,4618,NA,US,US-ID,Challis,,,K0U3,0U3,44.74457, -114.921404
0U7,small_airport,Hollow Top Airport,5359,NA,US,US-ID,Martin,,,K0U7,0U7,43.32358, -113.59033
0U8,small_airport,May Airport,5324,NA,US,US-ID,May,,,K0U8,0U8,44.610513, -113.89596
0U9,small_airport,Lee Williams Memorial Airport,2617,NA,US,US-ID,Midvale,,,K0U9,0U9,44.461257, -116.757964
0VA1,small_airport,Johnson Fox Field,900,NA,US,US-VA,Bedford,,,0VA1,0VA1,37.23350143432617, -79.58529663085938
0VA2,small_airport,Riverwood Airport,1020,NA,US,US-VA,Iron Gate,,,0VA2,0VA2,37.79650115966797, -79.7667007446289
0VA3,small_airport,Hunt Airport,150,NA,US,US-VA,King William,,,0VA3,0VA3,37.698799, -77.095299
0VA4,small_airport,Worley Field,1219,NA,US,US-VA,Rocky Mount,,,0VA4,0VA4,36.95009994506836, -79.87950134277344
0VA6,heliport,Mc Guire Va Medical Center Pad Heliport,178,NA,US,US-VA,Richmond,,,0VA6,0VA6,37.49599838259999, -77.46219635010002
0VA7,small_airport,Flatrock Air Strip,425,NA,US,US-VA,Richmond,,,0VA7,0VA7,37.52320098876953, -77.81939697265625
0VA8,small_airport,Jayarz Airport,210,NA,US,US-VA,Amelia Court House,,,0VA8,0VA8,37.285801, -77.791199
0VA9,small_airport,Handy Strip,8,NA,US,US-VA,Gloucester Court House,,,0VA9,0VA9,37.4473991394043, -76.45379638671875
0VI1,small_airport,Brooklyn Airport,145,NA,US,US-VA,King William,,,0VI1,0VI1,37.6889, -77.101402
0W0,seaplane_base,Seattle Seaplanes Seaplane Base,14,NA,US,US-WA,Seattle,,,K0W0,0W0,47.632212, -122.327653
0W7,seaplane_base,Floathaven Seaplane Base,307,NA,US,US-WA,Bellingham,,,K0W7,0W7,48.728199, -122.335999
0WA0,heliport,Streamline Heliport,116,NA,US,US-WA,Machias,,,0WA0,0WA0,47.982898712158, -122.03800201416
0WA1,small_airport,Dwight Field,350,NA,US,US-WA,Chehalis,,,0WA1,0WA1,46.61709976196289, -122.82599639892578
0WA2,small_airport,Curtis Airport,254,NA,US,US-WA,Chehalis,,,0WA2,0WA2,46.589748, -123.105011
0WA4,heliport,Macon Heliport,1250,NA,US,US-WA,East Wenatchee,,,0WA4,0WA4,47.436238, -120.279515
0WA5,heliport,Ware Mountain Heliport,750,NA,US,US-WA,Mount Vernon,,,0WA5,0WA5,48.37929916381836, -122.28800201416016
0WA6,heliport,Stevens Memorial Hospital Heliport,370,NA,US,US-WA,Edmonds,,,0WA6,0WA6,47.8036994934082, -122.33399963378906
0WA7,heliport,Shamrock Port Heliport,2172,NA,US,US-WA,Newman Lake,,,0WA7,0WA7,47.77690124511719, -117.08399963378906
0WA8,heliport,Childrens Hospital Emergency Heliport,125,NA,US,US-WA,Seattle,,,0WA8,0WA8,47.66400146484375, -122.28099822998047
0WA9,heliport,Naval Station Everett Heliport,5,NA,US,US-WA,Everett,,,0WA9,0WA9,47.986460601, -122.224295139
0WI0,heliport,Aurora St Luke's Medical Center Heliport,761,NA,US,US-WI,Milwaukee,,,0WI0,0WI0,42.98889923095703, -87.95149993896484
0WI1,small_airport,Mort's Landing Airport,1255,NA,US,US-WI,Comstock,,,0WI1,0WI1,45.507198333699996, -92.1418991089
0WI2,small_airport,Doering Farms Airfield,910,NA,US,US-WI,Monches,,,0WI2,0WI2,43.20140075683594, -88.3333969116211
0WI3,heliport,Aurora Lakeland Medical Center Heliport,1040,NA,US,US-WI,Elkhorn,,,0WI3,0WI3,42.661291, -88.497861
0WI4,small_airport,Snow Crest Ranch Airport,810,NA,US,US-WI,Montello,,,0WI4,0WI4,43.82939910888672, -89.35260009765625
0WI5,closed,Crash In International Airport,755,NA,US,US-WI,Husher,,,,,42.795372, -87.889395
0WI6,closed,Simandl Field/Private Airport,805,NA,US,US-WI,Muskego,,,,,42.8736, -88.157898
0WI7,small_airport,With Wings And A Halo Airport,760,NA,US,US-WI,Neenah,,,0WI7,0WI7,44.1335983276, -88.4992980957
0WI8,small_airport,Oconomowoc Airport,885,NA,US,US-WI,Oconomowoc,,,0WI8,0WI8,43.13890075683594, -88.47229766845703
0WI9,small_airport,Mc Manus Hoonch-Na-Shee-Kaw Airport,931,NA,US,US-WI,Oregon,,,0WI9,0WI9,42.9314002991, -89.3386993408
0WN0,small_airport,Rucilla's Roost Airport,15,NA,US,US-WA,Sequim,,,0WN0,0WN0,48.137298583984375, -123.11299896240234
0WN1,small_airport,Shangri-La Airport,1500,NA,US,US-WA,Selah,,,0WN1,0WN1,46.75189971923828, -120.60199737548828
0WN2,small_airport,Coopers Landing Airport,435,NA,US,US-WA,Kennewick,,,0WN2,0WN2,46.127573, -119.014273
0WN4,heliport,Olympia Heliport,200,NA,US,US-WA,Olympia,,,0WN4,0WN4,46.9640007019043, -122.89199829101562
0WN5,small_airport,Potts Field,815,NA,US,US-WI,North Cape,,,0WN5,0WN5,42.79970169067383, -88.04869842529297
0WN6,heliport,L-Z Blue Thunder Heliport,75,NA,US,US-WA,Blaine,,,0WN6,0WN6,48.952522, -122.818136
0WN7,heliport,St Elizabeth Hospital Heliport,700,NA,US,US-WA,Enumclaw,,,0WN7,0WN7,47.209449, -121.987726
0WN8,heliport,Sheldon Heliport,2129,NA,US,US-ID,Coeur D'Alene,,,0WN8,0WN8,47.2510986328125, -116.85199737548828
0WS7,small_airport,Rockdale Airport,825,NA,US,US-WI,Rockdale,,,0WS7,0WS7,42.970979, -89.028482
0WY0,small_airport,Freedom Air Ranch Airport,5698,NA,US,US-WY,Freedom,,,0WY0,0WY0,43.039722, -111.038056
0WY1,small_airport,Dorsey Creek Ranch Airport,4017,NA,US,US-WY,Basin,,,0WY1,0WY1,44.411111, -108.163333
0XA0,heliport,Parkland Hospital Nr 2 Heliport,548,NA,US,US-TX,Dallas,,,,,32.811537, -96.838976
0XA1,heliport,Kothmann Ranch Heliport,2347,NA,US,US-TX,Fort McKavett,,,0XA1,0XA1,30.678963, -100.130183
0XA2,heliport,Fort Duncan Medical Center Heliport,884,NA,US,US-TX,Eagle Pass,,,0XA2,0XA2,28.713889, -100.454728
0XA3,heliport,Midstream Freeport Heliport,6,NA,US,US-TX,Freeport,,,0XA3,0XA3,28.969255, -95.285207
0XA4,small_airport,Seven Cs Ranch Airport,331,NA,US,US-TX,Encinal,,,0XA4,0XA4,27.996901, -98.882202
0XA5,small_airport,74 Ranch Airport,320,NA,US,US-TX,Campbellton,,,0XA5,0XA5,28.684900283813477, -98.38279724121094
0XA6,heliport,Jaxon Landing Heliport,3270,NA,US,US-TX,Lubbock,,,0XA6,0XA6,33.45000076293945, -101.93900299072266
0XA7,small_airport,Bar 3 Ranch Airport,744,NA,US,US-TX,Georgetown,,,0XA7,0XA7,30.662345, -97.62276
0XA9,heliport,Methodist Mansfield Medical Center Heliport,633,NA,US,US-TX,Mansfield,,,0XA9,0XA9,32.567223, -97.095596
0XS0,small_airport,Diamond H Ranch Airport,511,NA,US,US-TX,Catarina,,,0XS0,0XS0,28.400299072265625, -99.55870056152344
0XS1,small_airport,Rodgers Roost Airport,129,NA,US,US-TX,El Campo,,,0XS1,0XS1,29.287799835205078, -96.34970092773438
0XS2,small_airport,John Fields Ranch Airport,2342,NA,US,US-TX,Sonora,,,0XS2,0XS2,30.555675, -100.53084
0XS3,heliport,South Texas Project East Heliport,32,NA,US,US-TX,Sargent,,,0XS3,0XS3,28.792291, -96.041895
0XS4,heliport,Eds Heliport,602,NA,US,US-TX,Allen,,,0XS4,0XS4,33.09170150756836, -96.68609619140625
0XS6,small_airport,Lakeside Beach Airport,800,NA,US,US-TX,Spicewood,,,0XS6,0XS6,30.500841, -98.147448
0XS7,small_airport,Anacacho Ranch Airport,1067,NA,US,US-TX,Brackettville,,,0XS7,0XS7,29.193679, -100.280027
0XS8,small_airport,Dunbar Ranch Airport,958,NA,US,US-TX,Brackettville,,,0XS8,0XS8,29.07695, -100.371609
0XS9,small_airport,French Field,540,NA,US,US-TX,Bullard,,,0XS9,0XS9,32.13169, -95.33959
0Y4,closed,Lambert Fechter Municipal Airport,1452,NA,US,US-IA,Hartley,,,,,43.1642, -95.470001
0Y6,small_airport,Lake Mills Municipal Airport,1260,NA,US,US-IA,Lake Mills,,,K0Y6,0Y6,43.41329, -93.512019
0Z3,seaplane_base,Shannons Pond Seaplane Base,80,NA,US,US-AK,Dillingham,,,AA15,AA15,59.049905, -158.581682
10AK,small_airport,Hunt Strip,200,NA,US,US-AK,Wasilla,,,10AK,10AK,61.592052, -149.677598
10AL,heliport,North Jackson Hospital Heliport,650,NA,US,US-AL,Bridgeport,,,10AL,10AL,34.91400146484375, -85.7708969116211
10AZ,small_airport,Pierce Airport,860,NA,US,US-AZ,Buckeye,,,10AZ,10AZ,33.36640167236328, -112.61799621582031
10CA,heliport,William E Poole Heliport,3120,NA,US,US-CA,Apple Valley,,,,,34.602292, -117.172462
10CN,heliport,Adventist Health St Helena Heliport,581,NA,US,US-CA,St Helena,,,10CN,10CN,38.543333, -122.475
10CT,heliport,Steel Pointe Harbor Heliport,16,NA,US,US-CT,Bridgeport,,,10CT,10CT,41.176296, -73.180857
10D,small_airport,Winsted Municipal Airport,1030,NA,US,US-MN,Winsted,,,K10D,10D,44.953837, -94.065062
10F,small_airport,Rosser Ranch Airport,1112,NA,US,US-TX,Graham,,,10TT,10TT,33.0154, -98.626
10FA,small_airport,Flying Baron Estates Airport,75,NA,US,US-FL,Leesburg,,,10FA,10FA,28.797500610351562, -81.93589782714844
10FD,small_airport,Seven Feathers Airport,68,NA,US,US-FL,Dunnellon,,,10FD,10FD,29.00659942626953, -82.40460205078125
10FL,heliport,Fishermen's Hospital Emergency Helistop,5,NA,US,US-FL,Marathon,,,10FL,10FL,24.710399627685547, -81.09449768066406
10GA,small_airport,Beaverbrook Aerodrome,910,NA,US,US-GA,Griffin,,,10GA,10GA,33.32509994506836, -84.29830169677734
10IA,small_airport,Flyers Airport,830,NA,US,US-IA,Waterloo,,,10IA,10IA,42.41669845581055, -92.25019836425781
10ID,small_airport,Flat Top Airstrip,5841,NA,US,US-ID,Muldoon,,,10ID,10ID,43.49440002441406, -113.9219970703125
10II,heliport,Franciscan Health Rensselaer Heliport,660,NA,US,US-IN,Rensselaer,,,10II,10II,40.934997, -87.138159
10IL,heliport,Riverside Medical Center Heliport,620,NA,US,US-IL,Kankakee,,,10IL,10IL,41.123600006103516, -87.88529968261719
10KS,heliport,University of Kansas Hospital Heliport,958,NA,US,US-KS,Kansas City,,,10KS,10KS,39.056277, -94.608892
10LA,small_airport,Industrial Helicopters Inc. Airport,35,NA,US,US-LA,Scott,,,10LA,10LA,30.250725, -92.095728
10MA,seaplane_base,Beaver Lake Seaplane Base,384,NA,US,US-MA,Ware,,,10MA,10MA,42.26259994506836, -72.30699920654297
10ME,heliport,Penobscot Valley Hospital Heliport,368,NA,US,US-ME,Lincoln,,,10ME,10ME,45.348713, -68.516636
10MI,heliport,Ascension St Mary's Hospital Heliport,595,NA,US,US-MI,Saginaw,,,10MI,10MI,43.425969, -83.939356
10MN,seaplane_base,Lookout Lake Seaplane Base,1200,NA,US,US-MN,Ironton,,,10MN,10MN,46.4375, -93.95610046386719
10MT,small_airport,Hoolie Airport,2526,NA,US,US-MT,Haxby,,,10MT,10MT,47.834433, -106.472795
10MU,heliport,Freeman Neosho Hospital Heliport,1110,NA,US,US-MO,Neosho,,,10MU,10MU,36.865843, -94.369848
10NC,small_airport,Johnston Farm Airport,60,NA,US,US-NC,Jackson,,,10NC,10NC,36.340711, -77.508974
10ND,small_airport,Smith Strip,2200,NA,US,US-ND,Halliday,,,10ND,10ND,47.1875, -102.36199951171875
10NH,heliport,Clark Heliport,320,NA,US,US-NH,Hampstead,,,10NH,10NH,42.87409973144531, -71.17970275878906
10NK,heliport,Glens Falls Hospital Heliport,328,NA,US,US-NY,Glens Falls,,,10NK,10NK,43.307336, -73.646211
10NR,heliport,Atrium Health Union Heliport,581,NA,US,US-NC,Monroe,,,10NR,10NR,34.976678, -80.522055
10OH,small_airport,Zoellner Airport,617,NA,US,US-OH,Huron,,,10OH,10OH,41.402517, -82.629333
10OK,small_airport,Hickory Hills Airport,1175,NA,US,US-OK,Norman,,,10OK,10OK,35.16669845581055, -97.21700286865234
10PA,heliport,Piac Heliport,8,NA,US,US-PA,Essington,,,10PA,10PA,39.86259841918945, -75.31050109863281
10PN,heliport,One Meridian Plaza Heliport,560,NA,US,US-PA,Philadelphia,,,10PN,10PN,39.93069839477539, -75.24410247802734
10SC,heliport,Hartness Heliport,890,NA,US,US-SC,Greenville,,,10SC,10SC,34.840013, -82.252927
10SD,heliport,Wanblee Health Center Heliport,2654,NA,US,US-SD,Wanblee,,,10SD,10SD,43.563836, -101.660223
10TA,heliport,Bear Creek Heliport,100,NA,US,US-TX,Houston,,,10TA,10TA,29.792200088500977, -95.63490295410156
10TN,small_airport,Flatwood Field,600,NA,US,US-TN,Lebanon,,,10TN,10TN,36.0718994140625, -86.35440063476562
10TX,heliport,SMC Aerospace Heliport,15,NA,US,US-TX,Ingleside,,,10TX,10TX,27.8447, -97.2239
10UT,heliport,Gilbert Development Corp Heliport,3300,NA,US,US-UT,Hurricane,,,10UT,10UT,37.172778, -113.434444
10VA,small_airport,Nashs Airport,785,NA,US,US-VA,Appomattox,,,10VA,10VA,37.38629913330078, -78.81310272216797
10VG,heliport,WAVY TV Heliport,20,NA,US,US-VA,Portsmouth,,,10VG,10VG,36.829702, -76.298344
10WI,small_airport,Buds Landing Airport,850,NA,US,US-WI,Pound,,,10WI,10WI,45.11579895019531, -88.18949890136719
10WY,small_airport,Willow Creek Ranch Airport,5521,NA,US,US-WY,Kaycee,,,10WY,10WY,43.423333, -106.823611
10XA,small_airport,Sterling Airport,30,NA,US,US-TX,Port Lavaca,,,10XA,10XA,28.680794, -96.661647
10XS,small_airport,Flying S Air Ranch Airport,1447,NA,US,US-TX,Brownwood,,,10XS,10XS,31.779499053955078, -98.9093017578125
11AK,small_airport,Rocking T Ranch Airport,1190,NA,US,US-AK,Delta Junction,,,11AK,11AK,64.001932, -145.501585
11AL,heliport,Ech Stagefield Army Heliport,268,NA,US,US-AL,Fort Rucker/Ozark,,,11AL,11AL,31.393699645996094, -85.75150299072266
11AR,heliport,CHI St. Vincent Hospital Hot Springs Heliport,558,NA,US,US-AR,Hot Springs,,,11AR,11AR,34.468846, -93.065766
11AZ,small_airport,Whetstone Airport,4250,NA,US,US-AZ,Huachuca City,,,11AZ,11AZ,31.683588, -110.290053
11CA,small_airport,Turner Field,300,NA,US,US-CA,Fowler,,,11CA,11CA,36.673301696777344, -119.72200012207031
11CL,small_airport,Hansen Airport,2885,NA,US,US-CA,Adelanto,,,11CL,11CL,34.630001068115234, -117.65299987792969
11CN,heliport,Shasta Regional Medical Center Heliport,622,NA,US,US-CA,Redding,,,11CN,11CN,40.585095, -122.387899
11CO,heliport,Middle Park Health Fraser Campus Heliport,8738,NA,US,US-CO,Fraser,,,11CO,11CO,39.926861, -105.790317
11FA,small_airport,B & L Farms Airport,9,NA,US,US-FL,Homestead,,,11FA,11FA,25.582892, -80.498993
11FD,heliport,North Okaloosa Medical Center Heliport,230,NA,US,US-FL,Crestview,,,11FD,11FD,30.734808, -86.562293
11FL,small_airport,Williams Field,88,NA,US,US-FL,Middleburg,,,11FL,11FL,30.043724, -81.885217
11GE,heliport,Apple 1 Heliport,1273,NA,US,US-GA,Cumming,,,11GE,11GE,34.26029968261719, -84.06639862060547
11IA,small_airport,Koch Field,988,NA,US,US-IA,Hudson,,,11IA,11IA,42.349636, -92.513316
11II,small_airport,Himsel Army Airfield,708,NA,US,US-IN,Nineveh,,,KHBE,HBE,39.33933, -86.02983
11IL,heliport,Presence St Mary's Hospital - Kankakee Heliport,610,NA,US,US-IL,Kankakee,,,11IL,11IL,41.120718, -87.873075
11IN,small_airport,JR's Airport,950,NA,US,US-IN,Danville,,,11IN,11IN,39.819183, -86.538234
11IS,heliport,St Anthony Memorial Hospital Heliport,593,NA,US,US-IL,Effingham,,,11IS,11IS,39.125, -88.55059814453125
11KY,heliport,Southwest Hospital Heliport,500,NA,US,US-KY,Louisville,,,11KY,11KY,38.11589813232422, -85.83609771728516
11LA,seaplane_base,Tiger Pass Seaplane Base,,NA,US,US-LA,Venice,,,11LA,11LA,29.258800506591797, -89.35299682617188
11LL,small_airport,Thacker Airport,720,NA,US,US-IL,Chenoa,,,11LL,11LL,40.722514, -88.769108
11LS,small_airport,Jasmine Hill Airport,120,NA,US,US-LA,Glenmora,,,11LS,11LS,30.976321, -92.56888
11M,closed,Fulton-Itawamba County Airport,450,NA,US,US-MS,Fulton,,,,,34.352001, -88.377296
11MA,small_airport,Bulljump Airport,60,NA,US,US-MA,Wareham,,,11MA,11MA,41.80730056762695, -70.7583999633789
11MD,small_airport,Tim's Airport,42,NA,US,US-MD,Salisbury,,,11MD,11MD,38.42002, -75.63168
11MO,small_airport,Redgate Ranch Airport,820,NA,US,US-MO,Williamsburg,,,11MO,11MO,38.90169906616211, -91.63520050048828
11MT,small_airport,Lammers Airport,4098,NA,US,US-MT,Shawmut,,,11MT,11MT,46.462777, -109.490555
11MU,small_airport,Rocky Top Airfield,1273,NA,US,US-MO,Gainesville,,,11MU,11MU,36.657916, -92.465578
11N,small_airport,Candlelight Farms Airport,675,NA,US,US-CT,New Milford,,,K11N,11N,41.56928, -73.462153
11NC,heliport,Sprint/Midatlantic Telecom Heliport,427,NA,US,US-NC,Youngsville,,,11NC,11NC,36.02149963378906, -78.5188980102539
11NJ,heliport,Southdown Heliport,128,NA,US,US-NJ,Pluckemin,,,11NJ,11NJ,40.64070129394531, -74.66419982910156
11NK,small_airport,Hop House Airpark,530,NA,US,US-NY,Fort Plain,,,11NK,11NK,42.91389846801758, -74.61170196533203
11NR,heliport,Dosher Heliport,19,NA,US,US-NC,Southport,,,11NR,11NR,33.9280833, -78.0203889
11OA,small_airport,Hide-A-Way Hills Resort Airport,780,NA,US,US-OH,Bremen,,,11OA,11OA,39.64310073852539, -82.466796875
11OG,small_airport,Unity Airport,3975,NA,US,US-OR,Unity,,,11OG,11OG,44.451255, -118.186419
11OH,heliport,Fayette County Memorial Hospital Heliport,977,NA,US,US-OH,Washington Court House,,,11OH,11OH,39.547753, -83.427914
11PN,small_airport,Eakin Airport,1489,NA,US,US-PA,Cranberry,,,11PN,11PN,41.351265, -79.733527
11S,small_airport,Sekiu Airport,355,NA,US,US-WA,Sekiu,,,K11S,11S,48.266102, -124.314003
11TE,small_airport,Flying M Ranch Airport,700,NA,US,US-TX,Grandview,,,11TE,11TE,32.30009841918945, -97.20449829101562
11TS,small_airport,PT Enterprise D&W Ranch Airport,526,NA,US,US-TX,Mexia,,,11TS,11TS,31.6579, -96.4114
11TX,small_airport,Butler Airport,840,NA,US,US-TX,Sherman,,,11TX,11TX,33.667813, -96.691971
11UT,small_airport,Flying R Airport,5060,NA,US,US-UT,Huntsville,,,11UT,11UT,41.2538528, -111.7110611
11VA,heliport,Chesapeake General Hospital Heliport,21,NA,US,US-VA,Chesapeake,,,11VA,11VA,36.741798400878906, -76.24410247802734
11VG,small_airport,Devil's Reach Landing Airport,28,NA,US,US-VA,Colonial Beach,,,11VG,11VG,38.209455, -77.001092
11WA,small_airport,Homeport Airport,2320,NA,US,US-WA,Cheney,,,11WA,11WA,47.523693, -117.469554
11WN,seaplane_base,Diedrich Seaplane Base,774,NA,US,US-WI,Lodi,,,11WN,11WN,43.35419845581055, -89.57119750976562
11XS,heliport,Speed Shore Company Headquarters Heliport,64,NA,US,US-TX,Pearland,,,11XS,11XS,29.597045, -95.369421
11Y,small_airport,Flying Feathers Airport,940,NA,US,US-WI,Chilton,,,K11Y,11Y,44.063409, -88.192872
12A,small_airport,Arkavalley Airport,329,NA,US,US-AR,Conway,,,K12A,12A,35.177483, -92.33509
12AL,heliport,Goldberg Stagefield Army Heliport,362,NA,US,US-AL,Midland City,,,12AL,12AL,31.416064, -85.463591
12AR,small_airport,Gibbons Airport,178,NA,US,US-AR,Marvell,,,12AR,12AR,34.515387, -90.97352
12AZ,small_airport,Ranta Strip,1840,NA,US,US-AZ,Morristown,,,12AZ,12AZ,33.853901, -112.653001
12CA,small_airport,Faber Vineyards Airport,70,NA,US,US-CA,Lodi,,,12CA,12CA,38.10960006713867, -121.16899871826172
12CL,small_airport,Newton Field,194,NA,US,US-CA,Stratford,,,12CL,12CL,36.156898498535156, -119.8499984741211
12CN,small_airport,Richter Airport,57,NA,US,US-CA,Maxwell,,,12CN,12CN,39.268306, -122.116689
12CO,small_airport,Omega 1 Airport,6409,NA,US,US-CO,Hotchkiss,,,12CO,12CO,38.835499, -107.815184
12FD,heliport,Osceola Regional Medical Center Heliport,59,NA,US,US-FL,Kissimmee,,,12FD,12FD,28.298854, -81.409872
12FL,seaplane_base,Timberlachen Seaplane Base,89,NA,US,US-FL,Orlando,,,12FL,12FL,28.59280014038086, -81.40390014648438
12GA,heliport,Eastside Medical Center Heliport,1065,NA,US,US-GA,Snellville,,,12GA,12GA,33.877261, -84.019827
12GE,seaplane_base,Harvest Lake Seaplane Base,4,NA,US,US-GA,Riceboro,,,12GE,12GE,31.73080062866211, -81.35970306396484
12I,seaplane_base,Brookville Reservoir Seaplane Base,748,NA,US,US-IN,Brookville,,,K12I,12I,39.5103, -85
12IA,small_airport,Plueger Airfield,1245,NA,US,US-IA,Lemars,,,12IA,12IA,42.800498962402344, -96.13780212402344
12ID,small_airport,Flying B Ranch Landing Strip,3647,NA,US,US-ID,Salmon,,,12ID,12ID,44.96799850463867, -114.73300170898438
12II,small_airport,Pentecost Airport,1020,NA,US,US-IN,Richmond,,,12II,12II,39.856272, -84.973464
12IL,small_airport,Hawker Airport,620,NA,US,US-IL,Kankakee,,,12IL,12IL,41.20000076293945, -88.0167007446289
12IN,small_airport,J & S Field,465,NA,US,US-IN,Darmstadt,,,12IN,12IN,38.11859893798828, -87.64749908447266
12IS,heliport,Mercer County Hospital Heliport,729,NA,US,US-IL,Aledo,,,12IS,12IS,41.206084, -90.759419
12JY,balloonport,Clinton Elks Lodge Balloonport,37,NA,US,US-NJ,Pittstown,,,12JY,12JY,40.604587, -74.921538
12KS,small_airport,Sooter Airport,1420,NA,US,US-KS,Sedgwick,,,12KS,12KS,37.935298919677734, -97.48780059814453
12KY,small_airport,John M. Foree Airport,853,NA,US,US-KY,New Castle,,,12KY,12KY,38.46030044555664, -85.1686019897461
12LA,small_airport,Kml Airport,20,NA,US,US-LA,Sulphur,,,12LA,12LA,30.27589988708496, -93.3573989868164
12LS,small_airport,Hains Airstrip,20,NA,US,US-LA,Rayne,,,12LS,12LS,30.178600311279297, -92.28500366210938
12MA,heliport,Mellen Street Heliport,275,NA,US,US-MA,Holliston,,,12MA,12MA,42.20709991455078, -71.44270324707031
12MD,heliport,Ascension Saint Agnes Hospital Heliport,141,NA,US,US-MD,Baltimore,,,12MD,12MD,39.270546, -76.673863
12ME,small_airport,Ridgeview Airport,240,NA,US,US-ME,Searsmont,,,12ME,12ME,44.32229995727539, -69.2072982788086
12MI,small_airport,John's Airport,820,NA,US,US-MI,Davison,,,12MI,12MI,43.052551, -83.48977
12MT,small_airport,Lincolns Field,2931,NA,US,US-MT,Hingham,,,12MT,12MT,48.774200439453125, -110.44200134277344
12NC,small_airport,Atlantic Field Marine Corps Outlying Field,20,NA,US,US-NC,Atlantic,,,12NC,12NC,34.892099, -76.349029
12ND,small_airport,Pietschtree Airstrip,1566,NA,US,US-ND,Burlington,,,12ND,12ND,48.2952995300293, -101.427001953125
12NE,small_airport,Reisig Brothers Airport,3985,NA,US,US-NE,Scottsbluff,,,12NE,12NE,41.90660095214844, -103.69999694824219
12NH,small_airport,Gile Pond Airport,485,NA,US,US-NH,Sanbornton,,,12NH,12NH,43.495278, -71.654444
12NK,small_airport,Westport Airport,276,NA,US,US-NY,Westport,,,12NK,12NK,44.15840148925781, -73.43289947509766
12NR,heliport,Brunswick Novant Medical Center Heliport,38,NA,US,US-NC,Supply,,,12NR,12NR,34.029945, -78.260572
12OA,heliport,ProMedica Defiance Regional Hospital Heliport,709,NA,US,US-OH,Defiance,,,12OA,12OA,41.298199, -84.377387
12OH,small_airport,McGregor Airfield,940,NA,US,US-OH,Brookville,,,12OH,12OH,39.834773, -84.333486
12OR,small_airport,Skinner Ranch Airport,4273,NA,US,US-OR,Jordan Valley,,,12OR,12OR,42.951302, -117.281998
12PA,heliport,Helicopter Applicators Inc Heliport,612,NA,US,US-PA,Gettysburg,,,12PA,12PA,39.849359, -77.184015
12PN,heliport,WCAU Heliport,230,NA,US,US-PA,Philadelphia,,,12PN,12PN,40.007112, -75.216197
12PR,heliport,Villamil-304 Ponce De Leon Heliport,148,NA,PR,PR-U-A,San Juan,,,12PR,12PR,18.42259979248047, -66.05699920654297
12PS,heliport,Siple Heliport,419,NA,US,US-PA,Lewisville,,,12PS,12PS,39.72380065917969, -75.88140106201172
12S,small_airport,Monument Municipal Airport,2323,NA,US,US-OR,Monument,,,K12S,12S,44.831558, -119.429685
12SC,small_airport,Over the Hill Airport,250,NA,US,US-SC,Elgin,,,12SC,12SC,34.14139938354492, -80.74669647216797
12T,heliport,Ferris Red Oak Municipal Heliport,510,NA,US,US-TX,Ferris,,,K12T,12T,32.529866, -96.731122
12TA,heliport,Channel Two Heliport,72,NA,US,US-TX,Houston,,,,,29.690201, -95.527702
12TE,heliport,Emory Fire Department Heliport,492,NA,US,US-TX,Emory,,,12TE,12TE,32.884745, -95.781461
12TN,small_airport,Meadowlake Airport,750,NA,US,US-TN,Kingston,,,12TN,12TN,35.8237, -84.538803
12TS,small_airport,Blo Airport,1050,NA,US,US-TX,Mineral Wells,,,12TS,12TS,32.908501, -97.977303
12TT,small_airport,D An P Farm Airport,771,NA,US,US-TX,Gainesville,,,12TT,12TT,33.593768, -97.100816
12TX,small_airport,Griffin Airport,1235,NA,US,US-TX,Bertram,,,12TX,12TX,30.821253, -98.081024
12VA,small_airport,Hop-Along Airport,1060,NA,US,US-VA,Clifton Forge,,,12VA,12VA,37.78810119628906, -79.7677993774414
12WA,small_airport,Fowlers Northwest 40 Airport,2313,NA,US,US-WA,Spokane,,,12WA,12WA,47.520577, -117.462827
12WI,heliport,Memorial Hospital of Taylor County Heliport,1435,NA,US,US-WI,Medford,,,12WI,12WI,45.13589859008789, -90.3563003540039
12WV,small_airport,Crazy Horse Airport,603,NA,US,US-WV,Hamlin,,,12WV,12WV,38.343301, -82.112149
12WY,small_airport,Black Diamond Airport,4400,NA,US,US-WY,Burlington,,,12WY,12WY,44.45, -108.384667
12XA,small_airport,Wood Farm Airfield,2950,NA,US,US-TX,Gardendale,,,12XA,12XA,32.0393333, -102.3485833
12XS,small_airport,Mc Croskey Field,253,NA,US,US-AR,Butlerville,,,12XS,12XS,34.954448, -91.837991
13AK,small_airport,Satterbergs Airport,350,NA,US,US-AK,Houston,,,13AK,13AK,61.654701232910156, -149.89999389648438
13AL,heliport,Hatch Stagefield Army Heliport,225,NA,US,US-AL,Fort Rucker/Ozark,,,13AL,13AL,31.358999252319336, -85.62049865722656
13AR,heliport,Jrmc Heliport,227,NA,US,US-AR,Pine Bluff,,,13AR,13AR,34.187599182128906, -92.01789855957031
13AZ,small_airport,Waltenberry Field Ultralightport,1213,NA,US,US-AZ,Tonopah,,,13AZ,13AZ,33.535, -112.853472222
13CA,heliport,MH15 Heaps Peak US Forest Service Heliport,6266,NA,US,US-CA,Lake Arrowhead,,,13CA,13CA,34.235211, -117.154799
13CL,small_airport,Maine Prairie Airport,40,NA,US,US-CA,Dixon,,,13CL,13CL,38.38130187988281, -121.8239974975586
13CO,heliport,Mann Heliport,7500,NA,US,US-CO,Steamboat Springs,,,13CO,13CO,40.555599212646484, -106.84400177001953
13D,heliport,Ponderosa Heliport,1017,NA,US,US-MI,Highland,,,K13D,13D,42.62912, -83.683065
13FA,small_airport,Earle Airpark,25,NA,US,US-FL,Hastings,,,13FA,13FA,29.68928, -81.50689
13FL,heliport,Gator Lake Heliport,110,NA,US,US-FL,Wesley Chapel,,,13FL,13FL,28.277826, -82.32045
13GA,small_airport,Oak Ridge Plantation Airport,350,NA,US,US-GA,Sumner,,,13GA,13GA,31.3666, -83.754898
13GE,small_airport,Holt Airpark,280,NA,US,US-GA,Oak Park,,,13GE,13GE,32.360801696777344, -82.31809997558594
13IA,small_airport,Hillside Stables Airport,760,NA,US,US-IA,Sabula,,,13IA,13IA,42.04570007324219, -90.19110107421875
13ID,small_airport,Silva Ranch Airport,6400,NA,US,US-ID,Stanley,,,13ID,13ID,44.2666015625, -115.0009994506836
13II,heliport,St Joseph Medical Center Heliport,845,NA,US,US-IN,Fort Wayne,,,13II,13II,41.07870101928711, -85.14969635009766
13IL,heliport,Midwest Medical Center Heliport,865,NA,US,US-IL,Galena,,,13IL,13IL,42.449757, -90.456925
13IN,small_airport,Gage Airport,814,NA,US,US-IN,Decatur,,,13IN,13IN,40.814484, -84.927803
13JY,heliport,Hess Port Reading Heliport,70,NA,US,US-NJ,Port Reading,,,13JY,13JY,40.64440155029297, -74.24530029296875
13KS,small_airport,Daniel's Landing Airport,1325,NA,US,US-KS,Andover,,,13KS,13KS,37.69779968261719, -97.11029815673828
13KY,small_airport,Miles Airport,407,NA,US,US-KY,Owensboro,,,13KY,13KY,37.704812, -87.158586
13LA,heliport,Evergreen Heliport,10,NA,US,US-LA,Cameron,,,13LA,13LA,29.783599853515625, -93.20850372314453
13LL,heliport,Henry Valve Company Heliport,640,NA,US,US-IL,Melrose Park,,,13LL,13LL,41.908889035799994, -87.87408247590001
13M,balloonport,Aeronut Park Balloonport,980,NA,US,US-MI,Howell,,,13M,13M,42.604198, -83.858597
13ME,small_airport,Socatean Bay Airport,1179,NA,US,US-ME,Rockwood,,,13ME,13ME,45.77640151977539, -69.8093032836914
13MI,heliport,Lee Memorial Hospital Heliport,748,NA,US,US-MI,Dowagiac,,,13MI,13MI,41.983699798583984, -86.11579895019531
13MO,small_airport,Domeyer Airport,1260,NA,US,US-MO,Lenox,,,13MO,13MO,37.67639923095703, -91.70649719238281
13MS,small_airport,Greener Pastures Airpark,180,NA,US,US-MS,Carriere,,,13MS,13MS,30.63330078125, -89.66390228271484
13MT,small_airport,Sorenson Airport,2873,NA,US,US-MT,Kremlin,,,13MT,13MT,48.52080154418945, -110.11299896240234
13NC,small_airport,Oak Grove Marine Corps Outlying Field,27,NA,US,US-NC,Pollocksville,,,13NC,13NC,35.025006, -77.255945
13NE,small_airport,Hock Airport,2777,NA,US,US-NE,Culbertson,,,13NE,13NE,40.31669998168945, -100.80899810791016
13NH,heliport,Coffin Brook Landing Heliport,705,NA,US,US-NH,Alton,,,13NH,13NH,43.423889, -71.248722
13NJ,heliport,Wyeth-Ayerst Research Heliport,117,NA,US,US-NJ,Princeton,,,13NJ,13NJ,40.3651008605957, -74.58290100097656
13NK,heliport,Quaker Valley Farm Heliport,1100,NA,US,US-NY,Pawling,,,13NK,13NK,41.59749984741211, -73.53150177001953
13NM,small_airport,Beaverhead Airstrip,7378,NA,US,US-NM,Magdalena,,,13NM,13NM,33.419437, -108.142216
13NR,small_airport,Dusenbury Field,646,NA,US,US-NC,Walnut Cove,,,13NR,13NR,36.297634, -80.16207
13NY,heliport,Stony Brook University Hospital Heliport,190,NA,US,US-NY,Stony Brook,,,13NY,13NY,40.909885, -73.11465
13OK,heliport,McAlester Regional Health Center Heliport,705,NA,US,US-OK,McAlester,,,13OK,13OK,34.936199, -95.748901
13OR,small_airport,Aubrey Mountain Airstrip,1680,NA,US,US-OR,Oakridge,,,13OR,13OR,43.740699768066406, -122.4260025024414
13PA,small_airport,Rigrtona Airport,1703,NA,US,US-PA,Tidioute,,,13PA,13PA,41.68259811401367, -79.4520034790039
13PN,small_airport,Richland Acres Ultralightport,550,NA,US,US-PA,Quakertown,,,13PN,13PN,40.45429992675781, -75.30460357666016
13PS,heliport,St. Luke's/Pennstar Flight Center Heliport,488,NA,US,US-PA,Nazareth,,,13PS,13PS,40.739200592041016, -75.33390045166016
13Q,small_airport,Jewett Mesa Airport,7681,NA,US,US-NM,Quemado,,,,13Q,34.004229, -108.67992
13S,seaplane_base,Lake Louise Seaplane Base,2362,NA,US,US-AK,Lake Louise,,,13S,13S,62.282901763916016, -146.5189971923828
13TE,small_airport,Varisco Airport,240,NA,US,US-TX,Bryan,,,13TE,13TE,30.6560001373291, -96.53829956054688
13TN,heliport,Bear Mountain Heliport,930,NA,US,US-TN,Vonore,,,13TN,13TN,35.59830093383789, -84.26750183105469
13TS,small_airport,Van Es Ranch Airport,830,NA,US,US-TX,Oilton,,,13TS,13TS,27.455299377441406, -98.92639923095703
13VA,heliport,State Police Area 48 Office Heliport,395,NA,US,US-VA,Fairfax,,,13VA,13VA,38.823853, -77.283073
13VG,heliport,May Heliport,1430,NA,US,US-VA,Salem,,,13VG,13VG,37.307899475097656, -80.10009765625
13W,small_airport,Camano Island Airfield,145,NA,US,US-WA,Stanwood,,,13W,13W,48.25699996948242, -122.43699645996094
13WI,small_airport,Nowatzski Field,920,NA,US,US-WI,Markesan,,,13WI,13WI,43.6963996887207, -88.99960327148438
13XA,small_airport,Flying 5B Ranch Airport,1010,NA,US,US-TX,Iredell,,,13XA,13XA,31.951789, -97.834888
13XS,heliport,Presbyterian Hospital Of Rockwall Heliport,532,NA,US,US-TX,Rockwall,,,13XS,13XS,32.884525, -96.464571
13Y,small_airport,Littlefork Muni/Hanover Airport,1145,NA,US,US-MN,Littlefork,,,13Y,13Y,48.41659927, -93.58630371
13Z,seaplane_base,Loring Seaplane Base,,NA,US,US-AK,Loring,,WLR,13Z,13Z,55.601299, -131.636993
14AK,small_airport,Four Corners Airport,300,NA,US,US-AK,Palmer,,,14AK,14AK,61.60150146484375, -149.2480010986328
14AL,heliport,Highbluff Stagefield Army Heliport,270,NA,US,US-AL,Hartford (Fort Rucker),,,14AL,14AL,31.15024, -85.736318
14AN,heliport,For Buddies Only Heliport,120,NA,US,US-AK,Anchor Point,,,14AN,14AN,59.782694, -151.851369
14AZ,small_airport,Ruby Star Airpark,4025,NA,US,US-AZ,Sahuarita,,,14AZ,14AZ,31.909494, -111.120293
14CA,heliport,Hoag Memorial Hospital Heliport,94,NA,US,US-CA,Newport Beach,,,14CA,14CA,33.625182, -117.930799
14CL,heliport,Foothill Presbyterian Hospital Heliport,730,NA,US,US-CA,Glendora,,,14CL,14CL,34.133487, -117.870677
14CO,closed,Good Pasture Airport,6000,NA,US,US-CO,Beulah,,,,,38.101267, -104.90818
14CT,heliport,Mashantucket Pequot Tribal Nation Heliport,124,NA,US,US-CT,Mashantucket,,,14CT,14CT,41.484699, -71.9729
14GA,heliport,Latham Creek Heliport,1120,NA,US,US-GA,Gainesville,,,14GA,14GA,34.33649826049805, -83.94349670410156
14GE,heliport,Stakely Heliport,1940,NA,US,US-GA,Trenton,,,14GE,14GE,34.785499572753906, -85.45369720458984
14IA,small_airport,East River Airport,1235,NA,US,US-IA,Armstrong,,,14IA,14IA,43.360281, -94.442364
14ID,small_airport,Peaceful Cove Airport,2920,NA,US,US-ID,Boise,,,14ID,14ID,43.670932, -116.211044
14IS,heliport,Marshall Browning Hospital Heliport,454,NA,US,US-IL,Du Quoin,,,14IS,14IS,38.025239, -89.237025
14KS,small_airport,G & S Space Port Airport,940,NA,US,US-KS,Parker,,,14KS,14KS,38.26919937133789, -94.90480041503906
14KY,small_airport,Blue Haven Farm Airport,985,NA,US,US-KY,Paris,,,14KY,14KY,38.17369842529297, -84.36830139160156
14L,heliport,Devonshire Area Heliport,1012,NA,US,US-CA,Los Angeles,,,,14L,34.256882, -118.531352
14LL,heliport,Gottlieb Heliport,688,NA,US,US-IL,Melrose Park,,,14LL,14LL,41.91138164349999, -87.843619287
14LS,heliport,Go Gulf Heliport,50,NA,US,US-LA,Baton Rouge,,,14LS,14LS,30.47330093383789, -91.04769897460938
14ME,closed,Ring Hill Airport,340,NA,US,US-ME,Carmel,,,,,44.79125, -69.071479
14MN,heliport,Riverwood Healthcare Center Heliport,1224,NA,US,US-MN,Aitkin,,,14MN,14MN,46.52920150756836, -93.69920349121094
14MS,small_airport,Rose Field,400,NA,US,US-MS,Hickory,,,14MS,14MS,32.345298767089844, -89.0342025756836
14N,small_airport,Beltzville Airport,899,NA,US,US-PA,Lehighton,,,,14N,40.844755, -75.634217
14NC,small_airport,Camp Davis Marine Corps Outlying Field,60,NA,US,US-NC,Holly Ridge,,,14NC,14NC,34.516458, -77.545109
14ND,small_airport,Hagen Private Airport,2810,NA,US,US-ND,Reeder,,,14ND,14ND,46.207801818847656, -102.90799713134766
14NH,heliport,Cheshire Medical Center Heliport,481,NA,US,US-NH,Keene,,,14NH,14NH,42.94889831542969, -72.28970336914062
14NJ,heliport,Wuerkers New Acres Farm Heliport,22,NA,US,US-NJ,Rio Grande,,,14NJ,14NJ,39.0092469445, -74.8879516125
14NK,small_airport,Mountain View Airport,243,NA,US,US-NY,Kingsbury,,,14NK,14NK,43.34000015258789, -73.47899627685547
14NR,heliport,UNC Hospital Chapel Hill Heliport,586,NA,US,US-NC,Chapel Hill,,,14NR,14NR,35.904587, -79.049111
14NY,heliport,Windy's Heliport,222,NA,US,US-NY,Melville,,,14NY,14NY,40.79755, -73.4179
14OH,small_airport,Heilman Airport,930,NA,US,US-OH,Kenton,,,14OH,14OH,40.66889953613281, -83.44349670410156
14OI,small_airport,Pleasant Home Gliding Club Gliderport,1050,NA,US,US-OH,Pleasant Home,,,14OI,14OI,40.9192008972168, -82.11399841308594
14P,small_airport,Boggs Field,927,NA,US,US-WV,Spencer,,,KUSW,USW,38.82378, -81.348843
14PA,small_airport,Dimascio Field,350,NA,US,US-PA,Pottstown,,,14PA,14PA,40.29090118408203, -75.65910339355469
14PR,heliport,Emp. Coco Beach Golf Club LLC Heliport,11,NA,PR,PR-U-A,Rio Grande,,,14PR,14PR,18.407301, -65.798751
14PS,small_airport,Hideaway Ultralightport,630,NA,US,US-PA,Quarryville,,,14PS,14PS,39.8843994140625, -76.11859893798828
14S,small_airport,Westport Airport,14,NA,US,US-WA,Westport,,,14S,14S,46.8969, -124.100998
14SC,heliport,Keowee Reserve Heliport,973,NA,US,US-SC,Sunset,,,14SC,14SC,34.881281, -82.886707
14SN,heliport,Colmery-O'Neil Vamc Heliport,950,NA,US,US-KS,Topeka,,,14SN,14SN,39.02640151977539, -95.72250366210938
14TE,small_airport,Smith I-Ranch Airport,1793,NA,US,US-TX,Menard,,,14TE,14TE,30.917624, -99.475771
14TN,heliport,News Channel 3 Heliport,300,NA,US,US-TN,Memphis,,,14TN,14TN,35.126399993896484, -90.07140350341797
14TS,small_airport,O S Wyatt Airport,532,NA,US,US-TX,Realitos,,,14TS,14TS,27.42169952392578, -98.60449981689453
14TT,small_airport,Mathers Field,2688,NA,US,US-TX,Canadian,,,14TT,14TT,36.047147, -100.520803
14TX,small_airport,Keyes Ranch Airport,1150,NA,US,US-TX,Dripping Springs,,,14TX,14TX,30.2894, -98.173897
14UT,heliport,Westlake Emergency Center Heliport,4594,NA,US,US-UT,Lehi,,,14UT,14UT,40.395919, -111.917105
14VA,small_airport,Krens Farm Airport,790,NA,US,US-VA,Hillsboro,,,14VA,14VA,39.229000091552734, -77.74669647216797
14VG,small_airport,Abilene Airport,590,NA,US,US-VA,Keysville,,,14VG,14VG,37.16913, -78.52092
14VT,small_airport,Crossroad Airport,837,NA,US,US-VT,Newport Center,,,14VT,14VT,44.926033, -72.331844
14WA,small_airport,Lz Ranch Airport,240,NA,US,US-WA,Olympia,,,14WA,14WA,46.970699310302734, -122.73699951171875
14WI,heliport,Cylon Heliport,1071,NA,US,US-WI,New Richmond,,,14WI,14WI,45.136944, -92.376667
14WS,small_airport,Lakewood Lodge Airport,1365,NA,US,US-WI,Stone Lake,,,14WS,14WS,45.77799987792969, -91.55850219726562
14WV,heliport,Snowshoe Resort/Topof the World Heliport,4792,NA,US,US-WV,Linwood,,,14WV,14WV,38.4006004333, -79.99579620360001
14XA,small_airport,Frog Pond Airport,686,NA,US,US-TX,Sherman,,,14XA,14XA,33.657888, -96.788285
14XS,small_airport,Isbell Ranch Airport,430,NA,US,US-TX,Davilla,,,14XS,14XS,30.808500289916992, -97.2739028930664
15A,small_airport,Mark Reynolds/North Mobile County Airport,60,NA,US,US-AL,Creola,,,K15A,15A,30.90937, -87.996111
15AK,small_airport,Golden North Airfield,2250,NA,US,US-AK,Cantwell,,,15AK,15AK,63.371995, -148.846915
15AL,heliport,Highfalls Stagefield Army Heliport,220,NA,US,US-AL,Fort Rucker/Hartford,,,15AL,15AL,31.093599319458008, -85.78790283203125
15AR,small_airport,Taylor Airport,220,NA,US,US-AR,Brickeys,,,15AR,15AR,34.827378, -90.545297
15CA,heliport,Stanford Health Care East Heliport,84,NA,US,US-CA,Palo Alto,,,15CA,15CA,37.435195, -122.174588
15CO,heliport,Swedish Medical Center Heliport,5374,NA,US,US-CO,Englewood,,,15CO,15CO,39.654701232910156, -104.97100067138672
15FA,heliport,Amistad Ranch Heliport,37,NA,US,US-FL,Okeechobee,,,15FA,15FA,27.215842, -80.684881
15FL,small_airport,Cannon Creek Airpark,125,NA,US,US-FL,Lake City,,,15FL,15FL,30.150584, -82.66785
15G,small_airport,Weltzien Skypark Airport,1210,NA,US,US-OH,Wadsworth,,,15G,15G,41.028278, -81.798077
15GA,small_airport,Darla's Airport,328,NA,US,US-GA,Kite,,,15GA,15GA,32.680199, -82.478996
15IA,small_airport,Stella Airport,625,NA,US,US-IA,Bellevue,,,15IA,15IA,42.235396, -90.406767
15ID,small_airport,Scanlon Airport,2000,NA,US,US-ID,Coeur D Alene,,,15ID,15ID,47.68560028076172, -117.03800201416016
15II,heliport,Findlay Heliport,670,NA,US,US-IN,Lafayette,,,15II,15II,40.33890151977539, -86.94080352783203
15IL,small_airport,Gittleson Farms Airport,836,NA,US,US-IL,Franklin Grove,,,15IL,15IL,41.797298431396484, -89.27320098876953
15IN,small_airport,Bugtown Airport,464,NA,US,US-IN,New Harmony,,,15IN,15IN,38.15060043334961, -87.84030151367188
15KS,small_airport,Sickler Airstrip,1200,NA,US,US-KS,Emporia,,,15KS,15KS,38.430599212646484, -96.08830261230469
15KT,heliport,Air Evac 109 Heliport,884,NA,US,US-KY,Manchester,,,15KT,15KT,37.133803, -83.758258
15KY,small_airport,Brennan Farm Airport,910,NA,US,US-KY,Paris,,,15KY,15KY,38.15700149536133, -84.30159759521484
15LL,small_airport,Cloverleaf Ranch Airport,807,NA,US,US-IL,Tiskilwa,,,15LL,15LL,41.23749923706055, -89.53669738769531
15LS,heliport,Port of Iberia Heliport,7,NA,US,US-LA,New Iberia,,,15LS,15LS,29.944700241088867, -91.83709716796875
15MA,small_airport,Canapitsit Airport,10,NA,US,US-MA,Gosnold,,,15MA,15MA,41.42251, -70.909295
15ME,small_airport,Eagle Field,150,NA,US,US-ME,North Yarmouth,,,15ME,15ME,43.81529998779297, -70.22920227050781
15MI,heliport,Grant Pad Heliport,638,NA,US,US-MI,Fraser,,,15MI,15MI,42.543411, -82.93342
15MN,small_airport,Tyler Farms Airport,1185,NA,US,US-MN,Watkins,,,15MN,15MN,45.26219940185547, -94.51069641113281
15MO,small_airport,Applegate Airport,999,NA,US,US-MO,Queen City,,,,5MO,40.391576, -92.564718
15MT,small_airport,Saubak Airport,2701,NA,US,US-MT,Lustre,,,15MT,15MT,48.50040054321289, -105.91000366210938
15N,small_airport,Jenkins Airport,53,NA,US,US-DE,Wyoming,,,15N,15N,39.119598, -75.583801
15NC,small_airport,Dragonfly Field,49,NA,US,US-NC,Ahoskie,,,15NC,15NC,36.239945, -76.973537
15NE,small_airport,Sindt Airport,1990,NA,US,US-NE,Upland,,,15NE,15NE,40.287886, -98.8282
15NH,heliport,Nashua Technology Park Heliport,235,NA,US,US-NH,Nashua,,,15NH,15NH,42.708333, -71.458333
15NJ,heliport,Werner Heliport,7,NA,US,US-NJ,Belford,,,15NJ,15NJ,40.42509841918945, -74.09960174560547
15NR,heliport,Atrium Health Anson Hospital Heliport,331,NA,US,US-NC,Wadesboro,,,15NR,15NR,34.977056, -80.110229
15NY,heliport,Peninsula Hospital Center Heliport,,NA,US,US-NY,Far Rockaway,,,15NY,15NY,40.591800689697266, -73.78009796142578
15OH,heliport,Twin City Hospital Heliport,940,NA,US,US-OH,Dennison,,,15OH,15OH,40.40230178833008, -81.33709716796875
15OI,heliport,Firelands Community Hospital Nr 1 Heliport,599,NA,US,US-OH,Sandusky,,,15OI,15OI,41.43619918823242, -82.71099853515625
15OR,heliport,Camp Rilea Heliport,32,NA,US,US-OR,Warrenton,,,15OR,15OR,46.1159964394, -123.931392431
15PN,heliport,Metropolitan Edison Heliport,280,NA,US,US-PA,Reading,,,15PN,15PN,40.375099182128906, -75.9384994506836
15PS,heliport,Jennersville Hospital Heliport,500,NA,US,US-PA,West Grove,,,15PS,15PS,39.822576, -75.888127
15SD,heliport,Watertown / Brownlee Heliport,1720,NA,US,US-SD,,,,15SD,,44.883264878199995, -97.1080899239
15TA,small_airport,J R Ranch Airport,1125,NA,US,US-TX,Briggs,,,15TA,15TA,30.9367, -97.89932
15TE,heliport,Arco High Island Heliport,5,NA,US,US-TX,High Island,,,15TE,15TE,29.625454, -94.198422
15TN,heliport,Indian Path Medical Center Heliport,1283,NA,US,US-TN,Kingsport,,,15TN,15TN,36.55160140991211, -82.51519775390625
15TS,heliport,Owens Country Sausage Heliport,629,NA,US,US-TX,Richardson,,,15TS,15TS,32.98680114746094, -96.69750213623047
15TT,small_airport,Fordlane Flyers Airport,547,NA,US,US-TX,Lucas,,,15TT,15TT,33.116379, -96.553817
15VA,small_airport,Fox Acres Airport,450,NA,US,US-VA,Warrenton,,,15VA,15VA,38.7223014831543, -77.89969635009766
15W,small_airport,Dennis Farms Airport,826,NA,US,US-MI,Laingsburg,,,15W,15W,42.894500732421875, -84.39029693603516
15WA,small_airport,Sunset Airport,156,NA,US,US-WA,Stanwood,,,15WA,15WA,48.27230072, -122.3570023
15WI,small_airport,Peterson Field,978,NA,US,US-WI,Oregon,,,15WI,15WI,42.9275016784668, -89.41819763183594
15XS,small_airport,Toy Airpark,36,NA,US,US-TX,Liverpool,,,15XS,15XS,29.332700729370117, -95.33409881591797
16A,small_airport,Nunapitchuk Airport,12,NA,US,US-AK,Nunapitchuk,,NUP,PPIT,16A,60.905591, -162.440454
16AK,small_airport,Gattis Strip,320,NA,US,US-AK,Wasilla,,,16AK,16AK,61.596643, -149.339926
16AL,heliport,Hooper Stagefield Army Heliport,365,NA,US,US-AL,Fort Rucker/Ozark,,,16AL,16AL,31.40839958190918, -85.68920135498047
16AR,small_airport,Heifer Creek Ranch Airport,730,NA,US,US-AR,Springfield,,,16AR,16AR,35.30110168457031, -92.57330322265625
16AZ,small_airport,Yav'pe Ma'ta Airport,4366,NA,US,US-AZ,Skull Valley,,,16AZ,16AZ,34.5088996887207, -112.68000030517578
16CA,heliport,Police Pistol Range Heliport,24,NA,US,US-CA,San Francisco,,,16CA,16CA,37.719398498535156, -122.4990005493164
16CL,heliport,Mother Lode Service Center Heliport,1560,NA,US,US-CA,Angels Camp,,,16CL,16CL,38.08466, -120.537945
16CO,small_airport,Dry Pen Airport,5331,NA,US,US-CO,Parachute,,,16CO,16CO,39.40227, -108.07602
16DE,heliport,Nemours A I Dupont Children's Hospital Ground Heliport,356,NA,US,US-DE,Wilmington,,,16DE,16DE,39.780906, -75.555767
16FA,small_airport,Little Deer Airport,14,NA,US,US-FL,Ochopee,,,16FA,16FA,26.033956, -81.042345
16FD,small_airport,Skinners Wholesale Nursery Airport,20,NA,US,US-FL,Crescent City,,,16FD,16FD,29.405000686645508, -81.49590301513672
16FL,small_airport,J-22 Ranch Airport,200,NA,US,US-FL,Milton,,,16FL,16FL,30.725184, -87.200769
16GA,heliport,Galleria Heliport,998,NA,US,US-GA,Marietta,,,16GA,16GA,33.885101318359375, -84.46269989013672
16IA,small_airport,Stangl Airport,1230,NA,US,US-IA,Coon Rapids,,,16IA,16IA,41.879988, -94.777279
16ID,heliport,Bear Lake Memorial Hospital Helipad,6000,NA,US,US-ID,Montpelier,,,16ID,16ID,42.316554, -111.299479
16IL,small_airport,Harold Bunger Airport,830,NA,US,US-IL,Kirkland,,,16IL,16IL,42.067857, -88.827176
16IN,heliport,Deaconess Hospital Heliport,390,NA,US,US-IN,Evansville,,,16IN,16IN,37.984119, -87.572095
16IS,small_airport,Kellums Airport,720,NA,US,US-IL,Goreville,,,16IS,16IS,37.577608, -89.008583
16K,seaplane_base,Port Alice Seaplane Base,,NA,US,US-AK,Port Alice,,PTC,16K,16K,55.803, -133.597
16KS,small_airport,Harmony Valley Airport,780,NA,US,US-KS,Independence,,,16KS,16KS,37.223471, -95.598389
16LA,heliport,Arrow Aviation Company Heliport,25,NA,US,US-LA,Cade,,,16LA,16LA,30.084999084472656, -91.92389678955078
16LL,heliport,Oak Landing Heliport,870,NA,US,US-IL,Bull Valley,,,16LL,16LL,42.29999923706055, -88.38059997558594
16MA,heliport,Lawrence General Hospital Heliport,60,NA,US,US-MA,Lawrence,,,16MA,16MA,42.709800720214844, -71.15059661865234
16MD,small_airport,High Valley Airport,363,NA,US,US-MD,North East,,,16MD,16MD,39.668611, -75.960278
16ME,heliport,Presque Isle Heliport,631,NA,US,US-ME,Presque Isle,,,16ME,16ME,46.675919, -67.998981
16MI,small_airport,Barnstormers 5 Airport,823,NA,US,US-MI,Gaines,,,16MI,16MI,42.889198303222656, -83.8666000366211
16MO,small_airport,Findley Field,755,NA,US,US-MO,Beaufort,,,16MO,16MO,38.405601501464844, -91.15740203857422
16MS,heliport,Iuka Hospital Heliport,610,NA,US,US-MS,Iuka,,,16MS,16MS,34.80670166015625, -88.20999908447266
16MT,small_airport,Bangart Field,4320,NA,US,US-MT,Roberts,,,16MT,16MT,45.40520095825195, -109.12999725341797
16NC,small_airport,Lee's Airport,31,NA,US,US-NC,Edenton,,,16NC,16NC,36.19609832763672, -76.66529846191406
16ND,small_airport,Kalberer Airport,1828,NA,US,US-ND,Bismarck,,,16ND,16ND,46.696775, -100.596789
16NE,small_airport,Korver Airport,1390,NA,US,US-NE,Panama,,,16NE,16NE,40.560001373291016, -96.49169921875
16NH,seaplane_base,Bossey's Seaplane Base,624,NA,US,US-NH,Meredith,,,16NH,16NH,43.60419845581055, -71.51249694824219
16NJ,seaplane_base,Hummel Seaplane Base,,NA,US,US-NJ,Island Heights,,,16NJ,16NJ,39.93730163574219, -74.13569641113281
16NK,heliport,Delaware Valley Hospital Heliport,1220,NA,US,US-NY,Walton,,,16NK,16NK,42.16239929199219, -75.12799835205078
16OI,small_airport,Trump Airport,1038,NA,US,US-OH,Greenville,,,16OI,16OI,40.125301361083984, -84.5824966430664
16PA,small_airport,Gregg Airport,1200,NA,US,US-PA,Eighty Four,,,16PA,16PA,40.180599212646484, -80.12760162353516
16PN,heliport,Oakdale Army Heliport,1265,NA,US,US-PA,Oakdale,,,16PN,16PN,40.3966825974, -80.15811681750002
16S,small_airport,Myrtle Creek Municipal Airport,619,NA,US,US-OR,Myrtle Creek,,,K16S,16S,42.997157, -123.315412
16SC,small_airport,Horseshoe Landing Airport,600,NA,US,US-SC,Cross Anchor,,,16SC,16SC,34.627473, -81.89903
16SD,heliport,Madison Community Hospital Heliport,1683,NA,US,US-SD,Madison,,,16SD,16SD,43.990661, -97.117349
16TA,small_airport,Seven Springs Airport,3500,NA,US,US-TX,Balmorhea,,,16TA,16TA,30.919701, -103.782997
16TE,small_airport,Holly Lake Ranch Airport,409,NA,US,US-TX,Hawkins,,,16TE,16TE,32.697601318359375, -95.20770263671875
16TS,small_airport,Pineridge Airport,420,NA,US,US-TX,Tyler,,,16TS,16TS,32.222698, -95.318001
16TT,small_airport,16 L Ranch Airport,390,NA,US,US-TX,Normangee,,,16TT,16TT,31.093611, -96.04375
16UT,small_airport,Hinrichsen Field,4266,NA,US,US-UT,Perry,,,16UT,16UT,41.444317, -112.048074
16VG,seaplane_base,Coastal Seaplanes Cape Charles Seaplane Base,0,NA,US,US-VA,Cape Charles,,,16VG,16VG,37.271711, -76.02622
16W,small_airport,Little Goose State Airport,681,NA,US,US-WA,LaCrosse,,,K16W,16W,46.583931, -118.003972
16WA,small_airport,Tightcliff Airport,1855,NA,US,US-WA,Nine Mile Falls,,,16WA,16WA,47.8447, -117.694
16WI,seaplane_base,Lac Vieux Desert Seaplane Base,1690,NA,US,US-WI,Phelps,,,16WI,16WI,46.12160110473633, -89.12100219726562
16X,small_airport,Propwash Airport,800,NA,US,US-TX,Justin,,,16X,16X,33.0807, -97.358902
16XA,heliport,Texoma Medical Center Heliport,682,NA,US,US-TX,Denison,,,16XA,16XA,33.709586, -96.5838
16XS,small_airport,Outlaw Flyers Airport,270,NA,US,US-TX,Conroe,,,16XS,16XS,30.404367, -95.35985
16Z,seaplane_base,Mc Grath Seaplane Base,325,NA,US,US-AK,Mcgrath,,,16Z,16Z,62.9580001831, -155.593002319
17AK,heliport,Ketchikan /Temsco H/ Heliport,20,NA,US,US-AK,Ketchikan,,,17AK,17AK,55.382999420166016, -131.73500061035156
17AL,heliport,Hunt Stagefield Army Heliport,263,NA,US,US-AL,Fort Rucker/Newton,,,17AL,17AL,31.380199432373047, -85.5802993774414
17AR,small_airport,Bredlow Farm Airport,236,NA,US,US-AR,England,,,17AR,17AR,34.5531005859375, -92.09140014648438
17AZ,heliport,East Valley ER & Hospital Helipad,1350,NA,US,US-AZ,Gilbert,,,,,33.314114, -111.687419
17CL,small_airport,Las Trancas Airport,125,NA,US,US-CA,Davenport,,,17CL,17CL,37.088545, -122.273691
17CO,small_airport,Skylane Ranch Airport,5000,NA,US,US-CO,Berthoud,,,17CO,17CO,40.272258, -105.032625
17FA,small_airport,Cotton Strip,18,NA,US,US-FL,La Belle,,,17FA,17FA,26.71339988708496, -81.535400390625
17FL,small_airport,Jumbolair-Greystone Airport,100,NA,US,US-FL,Ocala,,,17FL,17FL,29.277416, -82.120709
17GA,small_airport,Panther Creek Airport,850,NA,US,US-GA,Newnan,,,17GA,17GA,33.46670150756836, -84.86609649658203
17GE,heliport,Piedmont Fayette Hospital Heliport,884,NA,US,US-GA,Fayetteville,,,17GE,17GE,33.45305, -84.50677
17ID,small_airport,Coyote Ridge Airport,3365,NA,US,US-ID,Midvale,,,17ID,17ID,44.41421, -116.599123
17II,small_airport,Dreessen Field,706,NA,US,US-IN,Walkerton,,,17II,17II,41.45000076293945, -86.51029968261719
17IN,small_airport,Pruss Airport,890,NA,US,US-IN,Dillsboro,,,17IN,17IN,38.978401, -85.109703
17KY,small_airport,Lester Airfield,440,NA,US,US-KY,Sacramento,,,17KY,17KY,37.393902, -87.258904
17LS,small_airport,Yankee Field,45,NA,US,US-LA,Port Barre,,,17LS,17LS,30.611979, -91.985704
17MA,heliport,Long Hill Heliport,630,NA,US,US-MA,Leominster,,,17MA,17MA,42.504798889160156, -71.77839660644531
17MD,heliport,Johns Hopkins Hospital Critical Care Tower Heliport,293,NA,US,US-MD,Baltimore,,,17MD,17MD,39.296011, -76.592109
17ME,small_airport,Bresett's Mountainside Airport,590,NA,US,US-ME,Van Buren,,,17ME,17ME,47.201377, -67.992432
17MI,heliport,Grace Hospital Heliport,662,NA,US,US-MI,Detroit,,,17MI,17MI,42.41780090332031, -83.18299865722656
17MN,seaplane_base,Jackson Seaplane Base,1224,NA,US,US-MN,Mc Gregor,,,MN61,MN61,46.7169, -93.210197
17MO,small_airport,Rgl Field,825,NA,US,US-MO,Montgomery City,,,17MO,17MO,38.98500061035156, -91.53489685058594
17MS,heliport,River Region Medical Center Heliport,331,NA,US,US-MS,Vicksburg,,,17MS,17MS,32.373600006103516, -90.82360076904297
17MT,small_airport,Abel Ranch Airport,2900,NA,US,US-MT,Kalispell,,,17MT,17MT,48.10710144042969, -114.177001953125
17MU,small_airport,B-B Airfield,1045,NA,US,US-MO,Osborn,,,17MU,17MU,39.682791, -94.372097
17NC,small_airport,Mitchell Field,23,NA,US,US-NC,Elizabethtown,,,17NC,17NC,34.46630096435547, -78.32859802246094
17NE,heliport,Jefferson County Memorial Hospital Heliport,1433,NA,US,US-NE,Fairbury,,,17NE,17NE,40.15719986, -97.17639923
17NH,heliport,Pomroy Heliport,254,NA,US,US-NH,Londonderry,,,17NH,17NH,42.82389831542969, -71.36499786376953
17NJ,heliport,CMC Steel New Jersey Heliport,32,NA,US,US-NJ,Sayreville,,,17NJ,17NJ,40.486198, -74.322098
17NK,small_airport,Re-Dun Field,1351,NA,US,US-NY,Rock Stream,,,17NK,17NK,42.457059, -76.951053
17NR,small_airport,Zombie Air Force Airport,86,NA,US,US-NC,Ammon,,,17NR,17NR,34.78325, -78.577008
17OG,heliport,Eugene Fire Station #2 Heliport,420,NA,US,US-OR,Eugene,,,17OG,17OG,44.058406, -123.119032
17OH,small_airport,Kosik Private Airport,855,NA,US,US-OH,Kipton,,,17OH,17OH,41.24259948730469, -82.27020263671875
17OI,small_airport,Haas Airport,750,NA,US,US-OH,Bainbridge,,,17OI,17OI,39.226382, -83.317583
17OR,small_airport,Glide Aero Airport,980,NA,US,US-OR,Glide,,,17OR,17OR,43.264198303222656, -123.11000061035156
17PA,heliport,Kelly Heliport,526,NA,US,US-PA,Quakertown,,,17PA,17PA,40.44179916381836, -75.32460021972656
17PN,heliport,Tobyhanna Army Depot Heliport,1990,NA,US,US-PA,Tobyhanna,,,17PN,17PN,41.19834, -75.43656
17PS,small_airport,Mountain Crest Airport,1641,NA,US,US-PA,Tidioute,,,17PS,17PS,41.579200744628906, -79.44170379638672
17S,small_airport,Chehalem Airpark,190,NA,US,US-OR,Newberg,,,17S,17S,45.323699951171875, -123.05400085449219
17SC,small_airport,Carolina Cow Country Airport,680,NA,US,US-SC,Clinton,,,17SC,17SC,34.53260040283203, -81.88619995117188
17SD,small_airport,Stone's Conservation Airport,1687,NA,US,US-SD,Gary,,,17SD,17SD,44.818642, -96.564016
17TA,heliport,Heli-Dyne Systems Inc Heliport,500,NA,US,US-TX,Hurst,,,17TA,17TA,32.80099868774414, -97.17949676513672
17TE,small_airport,Comfort Airpark,1470,NA,US,US-TX,Comfort,,,17TE,17TE,29.929100036621094, -98.94029998779297
17TN,small_airport,Murphy Field,1720,NA,US,US-TN,Jonesborough,,,17TN,17TN,36.299400329589844, -82.60420227050781
17TS,heliport,Big Bend Regional Medical Center Heliport,4435,NA,US,US-TX,Alpine,,,17TS,17TS,30.384700775146484, -103.66899871826172
17TT,heliport,Allen Condo/Tower Heliport,546,NA,US,US-TX,Houston,,,17TT,17TT,29.760111, -95.382389
17TX,small_airport,Kimzey Airport,1100,NA,US,US-TX,Stephenville,,,17TX,17TX,32.443395, -98.255024
17WA,heliport,Roesler Timber Company Heliport,141,NA,US,US-WA,Startup,,,17WA,17WA,47.86819839477539, -121.75299835205078
17WI,small_airport,Ha-Rail Airport,885,NA,US,US-WI,Lake Mills,,,17WI,17WI,43.03609848022461, -88.89320373535156
17WT,small_airport,Lathrop Field,1681,NA,US,US-WA,Davenport,,,17WT,17WT,47.828311, -118.13862
17XA,closed,Jacksonville / Hunter Field,580,NA,US,US-TX,Jacksonville,,,,,32.017778, -95.796944
17XS,small_airport,Quahadi Ranch Airport,1422,NA,US,US-TX,Dublin,,,17XS,17XS,32.177799224853516, -98.43499755859375
18AA,small_airport,18 Meadows Aerodrome,89,NA,US,US-AK,Haines,,,18AA,18AA,59.364956, -135.804791
18AK,heliport,North Douglas Heliport,25,NA,US,US-AK,Juneau,,,18AK,18AK,58.33219909667969, -134.4969940185547
18AL,heliport,Louisville Stagefield Army Heliport,385,NA,US,US-AL,Fort Rucker/Louisville,,,18AL,18AL,31.816699981689453, -85.65180206298828
18AR,small_airport,Buck Mountain Airport,1450,NA,US,US-AR,Eureka Springs,,,18AR,18AR,36.339439, -93.825036
18AZ,small_airport,Sky Ranch At Carefree Airport,2568,NA,US,US-AZ,Carefree,,,18AZ,18AZ,33.818536, -111.898327
18CA,heliport,Twin Cities Community Hospital Heliport,851,NA,US,US-CA,Templeton,,,18CA,18CA,35.55500030517578, -120.71900177001953
18CL,small_airport,Bowles Airport,75,NA,US,US-CA,Live Oak,,,18CL,18CL,39.2859992980957, -121.69400024414062
18CO,heliport,Rangely District Hospital Heliport,5224,NA,US,US-CO,Rangely,,,18CO,18CO,40.0807991027832, -108.80400085449219
18FD,small_airport,Skypark Estates Owners Assoc Airport,250,NA,US,US-FL,Baker,,,18FD,18FD,30.853394, -86.667214
18GA,small_airport,Sleepy Hollow Airport,750,NA,US,US-GA,Social Circle,,,18GA,18GA,33.693199157714844, -83.65769958496094
18GE,small_airport,Lefty's Landing,231,NA,US,US-GA,Uvalda,,,18GE,18GE,32.045495, -82.467577
18HI,small_airport,Brandt Field,685,OC,US,US-HI,Port Saint Joe,,,18HI,18HI,21.137026, -156.734498
18ID,heliport,Elmore Medical Center Heliport,3156,NA,US,US-ID,Mountain Home,,,18ID,18ID,43.13890075683594, -115.69400024414062
18II,small_airport,Mc Gill Airport,855,NA,US,US-IN,Cicero,,,18II,18II,40.1199989319, -86.0682983398
18IL,heliport,AMITA Health Medical Center La Grange Heliport,700,NA,US,US-IL,La Grange,,,18IL,18IL,41.79699, -87.887281
18JY,small_airport,Skamokawa East Valley Airport,19,NA,US,US-WA,Skamokawa,,,18JY,18JY,46.284698486328125, -123.44300079345703
18K,small_airport,Fowler Airport,2483,NA,US,US-KS,Fowler,,,18K,18K,37.38420104980469, -100.18599700927734
18KS,small_airport,Cherokee Strip,1270,NA,US,US-KS,Udall,,,18KS,18KS,37.372435, -97.108223
18KY,heliport,Marshall County Hospital Heliport,395,NA,US,US-KY,Benton,,,18KY,18KY,36.86259841918945, -88.35279846191406
18LA,heliport,Camp Beauregard Army National Guard Heliport,125,NA,US,US-LA,Pineville,,,18LA,18LA,31.37507, -92.391287
18LS,heliport,Omni Mouton Cove Heliport,10,NA,US,US-LA,Abbeville,,,18LS,18LS,29.89189910888672, -92.16829681396484
18MA,heliport,Holy Family Hospital Heliport,202,NA,US,US-MA,Methuen,,,18MA,18MA,42.72779846191406, -71.16829681396484
18MD,heliport,MedStar Montgomery Medical Center Heliport,472,NA,US,US-MD,Olney,,,18MD,18MD,39.154705, -77.055012
18ME,small_airport,Ruby Airport,216,NA,US,US-ME,Bristol,,,18ME,18ME,43.893747, -69.495208
18MN,small_airport,Hines Farm Airport,1283,NA,US,US-MN,Motley,,,18MN,18MN,46.23720169067383, -94.59310150146484
18MO,small_airport,Gimlin Airport,1380,NA,US,US-MO,Ozark,,,18MO,18MO,36.96260070800781, -93.17070007324219
18MS,small_airport,Johns Landing,222,NA,US,US-MS,Jackson,,,18MS,18MS,32.453333, -90.363889
18MT,small_airport,Fish Ranch Airport,7200,NA,US,US-MT,Jackson,,,18MT,18MT,45.215999603271484, -113.4990005493164
18NC,small_airport,Lanni Field,1160,NA,US,US-NC,Lenoir,,,18NC,18NC,35.888999938964844, -81.61370086669922
18ND,small_airport,Bearpaw Airport,1744,NA,US,US-ND,Menoken,,,18ND,18ND,46.779094, -100.514856
18NE,small_airport,Doc's Airport,1640,NA,US,US-NE,Geneva,,,18NE,18NE,40.51390075683594, -97.61060333251953
18NH,heliport,Catholic Medical Center Heliport,252,NA,US,US-NH,Manchester,,,18NH,18NH,42.99161, -71.474234
18NJ,heliport,Manalapan Township-Village Green Heliport,100,NA,US,US-NJ,Freehold,,,18NJ,18NJ,40.279598236083984, -74.32929992675781
18NR,small_airport,Suggs Field,85,NA,US,US-NC,Kinston,,,18NR,18NR,35.364938, -77.635389
18NY,small_airport,Strip in the Woods Airport,500,NA,US,US-NY,Woodstock,,,18NY,18NY,42.017362, -74.047593
18OH,small_airport,Jer-Mar Airpark,800,NA,US,US-OH,Lagrange,,,18OH,18OH,41.25619888305664, -82.143798828125
18OI,small_airport,Boggy Bottoms Airport,575,NA,US,US-OH,Vickery,,,18OI,18OI,41.419615, -82.97133
18OK,heliport,Comanche County Memorial Hospital Heliport,1142,NA,US,US-OK,Lawton,,,18OK,18OK,34.608303, -98.442081
18OR,small_airport,Red's Field,190,NA,US,US-OR,Amity,,,18OR,18OR,45.0918655396, -123.182350159
18PA,small_airport,Slack Airport,275,NA,US,US-PA,Forest Grove,,,18PA,18PA,40.30009841918945, -75.08290100097656
18PN,small_airport,Spud View Airport,733,NA,US,US-PA,Upper Strasburg,,,18PN,18PN,40.065399169921875, -77.69280242919922
18SD,small_airport,Lost Creek Airport,1550,NA,US,US-SD,Miller,,,18SD,18SD,44.702429, -99.070351
18TA,small_airport,West Kerr Ranch Airport,2330,NA,US,US-TX,Junction,,,18TA,18TA,30.13629913330078, -99.74369812011719
18TE,small_airport,Alert Field,390,NA,US,US-TX,Big Sandy,,,18TE,18TE,32.585201263427734, -95.06390380859375
18TN,heliport,North Valley Medical Center Heliport,784,NA,US,US-TN,Dunlap,,,18TN,18TN,35.387956, -85.380258
18TX,small_airport,Flying 'T' Ranch Airport,545,NA,US,US-TX,Caddo Mills,,,18TX,18TX,32.95249938964844, -96.22810363769531
18UT,heliport,Airmed Tooele Heliport,4800,NA,US,US-UT,Tooele City,,,18UT,,40.552259, -112.293797
18VA,heliport,English Heliport,550,NA,US,US-VA,Hurt,,,18VA,18VA,37.10380172729492, -79.30110168457031
18VT,heliport,Springfield Hospital Heliport,589,NA,US,US-VT,Springfield,,,18VT,18VT,43.298465, -72.494588
18WA,heliport,Pasco Heliport,700,NA,US,US-WA,Pasco,,,18WA,18WA,46.375, -119.20600128173828
18WI,heliport,Leach Farms Heliport,750,NA,US,US-WI,Poy Sippi,,,18WI,18WI,44.0880012512207, -88.92539978027344
18WV,small_airport,Lynn Airport,1680,NA,US,US-WV,Independence,,,18WV,18WV,39.41, -79.856667
18XA,small_airport,Lantana Ridge Airport,250,NA,US,US-TX,Goliad,,,18XA,18XA,28.6591, -97.5987472
18XS,small_airport,Gardner Farm Airport,3000,NA,US,US-TX,Mc Adoo,,,18XS,18XS,33.797991, -101.026554
18Y,small_airport,Milaca Municipal Airport,1100,NA,US,US-MN,Milaca,,,18Y,18Y,45.772499, -93.632202
19AK,small_airport,Icy Bay Airport,50,NA,US,US-AK,Icy Bay,,ICY,19AK,19AK,59.966269, -141.660118
19AL,heliport,Molinelli Stagefield Army Heliport,490,NA,US,US-AL,Fort Rucker/Ozark,,,19AL,19AL,31.48240089416504, -85.78510284423828
19AR,small_airport,Naylor field,230,NA,US,US-AR,Naylor,,,19AR,19AR,35.15670013, -92.22419739
19AZ,small_airport,Montezuma Airport,3370,NA,US,US-AZ,Camp Verde,,,19AZ,19AZ,34.604493, -111.864795
19CO,heliport,UCH-MHS Memorial Central Heliport,6155,NA,US,US-CO,Colorado Springs,,,19CO,19CO,38.840375, -104.799385
19FD,heliport,Osceola Sheriff's Office Bronson Highway Heliport,66,NA,US,US-FL,Kissimmee,,,19FD,19FD,28.275101, -81.336502
19FL,heliport,The Villages Heliport,103,NA,US,US-FL,Belleview,,,19FL,19FL,28.980600357055664, -81.9906005859375
19GA,small_airport,Willow Pond Aviation Inc Airport,868,NA,US,US-GA,Fayetteville,,,19GA,19GA,33.424039, -84.498367
19IA,small_airport,Ancam Antique Airfield,690,NA,US,US-IA,West Burlington,,,19IA,19IA,40.8568000793457, -91.20379638671875
19ID,heliport,Race Creek Heliport,3371,NA,US,US-ID,Riggins,,,19ID,19ID,45.4412222, -116.3993778
19II,heliport,Henry County Memorial Hospital Heliport,1052,NA,US,US-IN,New Castle,,,19II,19II,39.94309997558594, -85.36470031738281
19IS,small_airport,Skillet Fork Farm Airport,430,NA,US,US-IL,Wayne City,,,19IS,19IS,38.2958984375, -88.55699920654297
19KS,heliport,Schultz Field,940,NA,US,US-KS,Chanute,,,19KS,19KS,37.619998931884766, -95.45860290527344
19KY,small_airport,Charlie Bravo's Airport,940,NA,US,US-KY,Dry Ridge,,,19KY,19KY,38.706482, -84.600217
19LL,small_airport,Neiner Airport,650,NA,US,US-IL,Manteno,,,19LL,19LL,41.25699996948242, -87.91950225830078
19LS,heliport,Riverside Medical Center Heliport,146,NA,US,US-LA,Franklinton,,,19LS,19LS,30.834444, -90.153611
19MA,heliport,Waine Heliport,80,NA,US,US-MA,Nantucket,,,19MA,19MA,41.285099029541016, -70.14969635009766
19MI,heliport,Mecosta County General Hospital Heliport,911,NA,US,US-MI,Big Rapids,,,19MI,19MI,43.69490051269531, -85.47380065917969
19MN,seaplane_base,Greseth Seaplane Base,970,NA,US,US-MN,Buffalo,,,19MN,19MN,45.174765, -93.765091
19MT,small_airport,N Bar Ranch Airport,4446,NA,US,US-MT,Grass Range,,,19MT,19MT,46.838111, -108.936833
19NC,small_airport,Double S Airport,195,NA,US,US-NC,Red Oak,,,19NC,19NC,36.064306, -77.923121
19ND,closed,Breckheimer Airport,1458,NA,US,US-ND,Tolna,,,,,47.733299, -98.488701
19NE,small_airport,Hoyt Airport,2707,NA,US,US-NE,Mc Cook/Culbertson,,,19NE,19NE,40.108299255371094, -100.80899810791016
19NH,heliport,Lorden II Heliport,700,NA,US,US-NH,New Boston,,,19NH,19NH,42.978194, -71.693806
19NK,small_airport,Riveredge Airpark,378,NA,US,US-NY,Central Square,,,19NK,19NK,43.243900299072266, -76.15280151367188
19NR,heliport,Sentara Albemarle Medical Center Heliport,13,NA,US,US-NC,Elizabeth City,,,19NR,19NR,36.300167, -76.270833
19NY,small_airport,Four Seasons Airport,1650,NA,US,US-NY,Reading,,,19NY,19NY,42.40620040893555, -77.96080017089844
19OI,heliport,Airc Helistop,1218,NA,US,US-OH,Wintersville,,,19OI,19OI,40.38079833984375, -80.70539855957031
19OR,small_airport,Nelson Ranch Airport,2000,NA,US,US-OR,Maupin,,,19OR,19OR,45.10960006713867, -121.2239990234375
19P,seaplane_base,Port Protection Seaplane Base,,NA,US,US-AK,Port Protection,,PPV,19P,19P,56.3288, -133.610001
19PA,small_airport,Lake Airport,750,NA,US,US-PA,Millville,,,19PA,19PA,41.117000579833984, -76.52079772949219
19SC,small_airport,Sexton Airport,593,NA,US,US-SC,Kinards,,,19SC,19SC,34.353428, -81.809263
19T,seaplane_base,Tan Tar A Resort Seaplane Base,659,NA,US,US-MO,Osage Beach,,,,19T,38.12596, -92.71642
19TA,small_airport,Lagrone Ranch Airport,567,NA,US,US-TX,Mc Clendon-Chisholm,,,19TA,19TA,32.82229995727539, -96.41690063476562
19TN,small_airport,Ferraraccio Field,620,NA,US,US-TN,Clarksville,,,19TN,19TN,36.493095, -87.187357
19VA,small_airport,Flying W Airport,1760,NA,US,US-VA,Castlewood,,,19VA,19VA,36.88882, -82.300558
19VT,heliport,Monsalvat Farm Holdings LLC Heliport,1496,NA,US,US-VT,Barnard,,,19VT,19VT,43.756672, -72.613083
19WA,small_airport,Key Way Airport,972,NA,US,US-WA,Stevenson,,,19WA,19WA,45.719600677490234, -121.88600158691406
19WI,small_airport,Erickson Field,1180,NA,US,US-WI,Prairie Farm,,,19WI,19WI,45.1952018737793, -92.05709838867188
19XA,heliport,Baylor Scott & White Medical Center Irving Heliport,560,NA,US,US-TX,Irving,,,19XA,19XA,32.834352, -96.96187
19XS,small_airport,Draggintail Acres Airport,585,NA,US,US-TX,Maypearl,,,19XS,19XS,32.29719924926758, -97.08689880371094
1A1,small_airport,Green Acres Airport,295,NA,US,US-NY,Livingston,,,1A1,1A1,42.14870071411133, -73.7509994506836
1A2,small_airport,Arthur Airport,973,NA,US,US-ND,Arthur,,,1A2,1A2,47.111099, -97.207298
1A8,small_airport,Empire Airport,3990,NA,US,US-NV,Empire,,,18NV,18NV,40.580025, -119.35087
1AK0,heliport,Craig Cg Heliport,20,NA,US,US-AK,Craig,,,1AK0,1AK0,55.47520065307617, -133.14599609375
1AK1,small_airport,Crevice Creek Airport,840,NA,US,US-AK,Crevice Creek,,,1AK1,1AK1,67.3729019165039, -152.01600646972656
1AK2,small_airport,Crosswind Lake Airport,2125,NA,US,US-AK,Crosswind Lake,,,1AK2,1AK2,62.400901794433594, -146.01300048828125
1AK4,small_airport,Kenai River Airpark,200,NA,US,US-AK,Soldotna,,,1AK4,1AK4,60.5242, -150.751999
1AK5,heliport,Offshore Systems-Kenai Heliport,150,NA,US,US-AK,Nikiski,,,1AK5,1AK5,60.738876, -151.311613
1AK6,small_airport,Talachulitna River Airport,282,NA,US,US-AK,Sketna,,,1AK6,1AK6,61.856262, -151.397521
1AK7,heliport,Valdez Hospital Heliport,96,NA,US,US-AK,Valdez,,,1AK7,1AK7,61.136600494384766, -146.34500122070312
1AK8,small_airport,Talaheim Airport,610,NA,US,US-AK,Skwentna,,,1AK8,1AK8,61.67689895629883, -151.38699340820312
1AL0,heliport,Marshall Medical Center South Heliport,1000,NA,US,US-AL,Boaz,,,1AL0,1AL0,34.220412, -86.160439
1AL1,heliport,Decatur Morgan Hospital Heliport,588,NA,US,US-AL,Decatur,,,1AL1,1AL1,34.59207, -86.972149
1AL2,small_airport,Tri-L Acres Airport,580,NA,US,US-AL,Columbiana,,,1AL2,1AL2,33.248600006103516, -86.59750366210938
1AL4,small_airport,Elsanor Airport,180,NA,US,US-AL,Robertsdale,,,1AL4,1AL4,30.543654, -87.560391
1AL5,small_airport,Berry Field,170,NA,US,US-AL,Loxley,,,1AL5,1AL5,30.63640022277832, -87.747802734375
1AL6,heliport,Monroe County Hospital Heliport,425,NA,US,US-AL,Monroeville,,,1AL6,1AL6,31.497800827026367, -87.32109832763672
1AL7,heliport,Business Center of Alabama Heliport,403,NA,US,US-AL,Montgomery,,,1AL7,1AL7,32.377498626708984, -86.29830169677734
1AL8,small_airport,Moore Field,730,NA,US,US-AL,Moody,,,1AL8,1AL8,33.61109924316406, -86.47440338134766
1AR0,small_airport,Breckenridge Airport,221,NA,US,US-AR,McCrory,,,1AR0,1AR0,35.401013, -91.129231
1AR1,small_airport,Walls Airport,215,NA,US,US-AR,England,,,1AR1,1AR1,34.527793, -91.872427
1AR2,small_airport,Taylor Airstrip,208,NA,US,US-AR,Des Arc,,,1AR2,1AR2,34.98680114746094, -91.55030059814453
1AR5,small_airport,Cherokee Strip,1194,NA,US,US-AR,Gentry,,,1AR5,1AR5,36.299400329589844, -94.58470153808594
1AR6,small_airport,Diamond Bluff Airport,1000,NA,US,US-AR,Greers Ferry,,,1AR6,1AR6,35.503299713134766, -92.19670104980469
1AR7,heliport,Wadley Regional Medical Center at Hope Heliport,375,NA,US,US-AR,Hope,,,1AR7,1AR7,33.648448, -93.585337
1AR9,small_airport,Country Air Estates Airport,250,NA,US,US-AR,Lonoke,,,1AR9,1AR9,34.816149, -91.995769
1AZ0,small_airport,Bishop Airfield,1261,NA,US,US-AZ,Mobile,,,1AZ0,1AZ0,33.1119, -112.268997
1AZ1,heliport,Boulais Heliport,1060,NA,US,US-AZ,Tolleson,,,1AZ1,1AZ1,33.515288, -112.255694
1AZ3,heliport,Arizona State Prison Safford Heliport,3000,NA,US,US-AZ,Safford,,,1AZ3,1AZ3,32.830014, -109.564335
1AZ4,heliport,Schuff Aviation Heliport,1101,NA,US,US-AZ,Phoenix,,,1AZ4,1AZ4,33.44258, -112.099222
1AZ6,small_airport,Skyline Air Ranch Airport,4180,NA,US,US-AZ,Sierra Vista,,,1AZ6,1AZ6,31.556821, -110.107384
1AZ7,heliport,SRP Tolleson Center Heliport,1140,NA,US,US-AZ,Tolleson,,,1AZ7,1AZ7,33.44791, -112.226603
1AZ8,small_airport,Willow Springs Ranch Airport,3750,NA,US,US-AZ,Bullhead City,,,1AZ8,1AZ8,35.295799255371094, -114.37300109863281
1B5,small_airport,Franconia Airport,970,NA,US,US-NH,Franconia,,,,1B5,44.195611, -71.751023
1B8,small_airport,Chapin Field,508,NA,US,US-NY,Cambridge,,,1B8,1B8,43.050098, -73.366203
1C3,small_airport,Argyle Airport,330,NA,US,US-NY,Argyle,,,1C3,1C3,43.2542, -73.470901
1C4,seaplane_base,Raintree Seaplane Base,,NA,US,US-MD,Elkton,,,1C4,1C4,39.56919860839844, -75.8478012084961
1C8,small_airport,Cottonwood Airport,741,NA,US,US-IL,Rockford,,,1C8,1C8,42.29169845581055, -89.13619995117188
1C9,small_airport,Frazier Lake Airpark,151,NA,US,US-CA,Hollister,,,1C9,1C9,36.95330047607422, -121.46499633789062
1CA0,heliport,Boeing Santa Susana Heliport,1800,NA,US,US-CA,Simi Valley,,,1CA0,1CA0,34.237577, -118.696561
1CA1,small_airport,Belridge Strip,575,NA,US,US-CA,McKittrick,,,,,35.467905, -119.72203
1CA3,heliport,GSA Laguna Niguel G/L Helistop,188,NA,US,US-CA,Laguna Niguel,,,1CA3,1CA3,33.561392, -117.715341
1CA5,heliport,California Title Building Heliport,808,NA,US,US-CA,South Pasadena,,,1CA5,1CA5,34.1239013671875, -118.1510009765625
1CA6,small_airport,On the Rocks Airport,2650,NA,US,US-CA,Alpine,,,1CA6,1CA6,32.765098571777344, -116.7229995727539
1CA7,heliport,L. A. Times Costa Mesa Heliport,35,NA,US,US-CA,Costa Mesa,,,1CA7,1CA7,33.69390106201172, -117.91699981689453
1CA9,heliport,Los Angeles County Fire Department Heliport,1360,NA,US,US-CA,Malibu,,,1CA9,1CA9,34.083302, -118.867996
1CD0,heliport,Murphy Heliport,4870,NA,US,US-CO,Longmont,,,1CD0,1CD0,40.142799377441406, -105.00299835205078
1CD1,small_airport,Reed International Airport,5350,NA,US,US-CO,Nunn,,,1CD1,1CD1,40.688277, -104.862271
1CD2,small_airport,Tonga Airport,4925,NA,US,US-CO,Platteville,,,1CD2,1CD2,40.167377, -104.798575
1CD4,small_airport,Eagle Soaring Airport,6600,NA,US,US-CO,Steamboat Springs,,,1CD4,1CD4,40.506168, -106.947948
1CD5,heliport,Rio Grande Hospital Heliport,7190,NA,US,US-CO,Del Norte,,,1CD5,1CD5,37.67499923706055, -106.36299896240234
1CL0,heliport,William Archibald Heliport,984,NA,US,US-CA,San Dimas,,,1CL0,1CL0,34.10449981689453, -117.80000305175781
1CL1,small_airport,Little Buttes Antique Airfield,2433,NA,US,US-CA,Lancaster,,,1CL1,1CL1,34.79410171508789, -118.27799987792969
1CL2,small_airport,Pontious Airport,2610,NA,US,US-CA,Mojave,,,1CL2,1CL2,34.942501068115234, -118.16999816894531
1CL4,heliport,UCI Medical Center Heliport,140,NA,US,US-CA,Orange,,,1CL4,1CL4,33.788562, -117.890416
1CL5,heliport,Palomar Medical Center Poway Heliport,650,NA,US,US-CA,Poway,,,1CL5,1CL5,32.996067, -117.055539
1CL6,heliport,Lake Park Helistop,45,NA,US,US-CA,Sacramento,,,1CL6,1CL6,38.547698974609375, -121.37999725341797
1CL8,heliport,Marian Regional Medical Center Heliport,256,NA,US,US-CA,Santa Maria,,,1CL8,1CL8,34.950507, -120.411583
1CL9,heliport,SFI Vernon Heliport,231,NA,US,US-CA,Vernon,,,1CL9,1CL9,34.001038, -118.212606
1CN6,heliport,BTNW PPR Heliport,2810,NA,US,US-CA,Azusa,,,1CN6,1CN6,34.281967, -117.749786
1CO0,heliport,Aurora Regional Medical Center Heliport,5604,NA,US,US-CO,Aurora,,,1CO0,1CO0,39.68830108642578, -104.83200073242188
1CO1,heliport,Mount Morrison Heliport,7881,NA,US,US-CO,Morrison,,,1CO1,1CO1,39.6692008972168, -105.22000122070312
1CO2,small_airport,Williams Ranch Airport,6842,NA,US,US-CO,Norwood,,,1CO2,1CO2,38.162498, -108.339996
1CO3,small_airport,Bellmore Farms Airport,5225,NA,US,US-CO,Nunn,,,1CO3,1CO3,40.7041015625, -104.7979965209961
1CO4,small_airport,Clifford Field,5560,NA,US,US-CO,Olathe,,,1CO4,1CO4,38.57500076293945, -107.95899963378906
1CO5,small_airport,Melon Field,4260,NA,US,US-CO,Rocky Ford,,,1CO5,1CO5,38.016229, -103.69464
1CO6,heliport,Lands End Microwave Heliport,9940,NA,US,US-CO,Palisade,,,1CO6,1CO6,39.0848, -108.219509
1CO7,small_airport,Dodsworth Airport,7480,NA,US,US-CO,Salida,,,1CO7,1CO7,38.55139923095703, -105.99199676513672
1CO8,small_airport,Everitt Airport,6295,NA,US,US-CO,Parker,,,1CO8,1CO8,39.52920150756836, -104.65799713134766
1CO9,heliport,MCHD Heliport,6153,NA,US,US-CO,Cortez,,,1CO9,1CO9,37.362998962402344, -108.57499694824219
1CT2,heliport,Yale New Haven Hospital Heliport,219,NA,US,US-CT,New Haven,,,1CT2,1CT2,41.30379867553711, -72.93579864501953
1CT3,heliport,St Mary's Heliport,300,NA,US,US-CT,Waterbury,,,1CT3,1CT3,41.55337, -73.03763
1D2,small_airport,Canton-Plymouth-Mettetal Airport,696,NA,US,US-MI,Plymouth,,,1D2,1D2,42.348202, -83.456299
1D4,small_airport,Mayfield Airport,1100,NA,US,US-OH,Akron,,,1D4,1D4,40.99259948730469, -81.43180084228516
1D5,small_airport,Luther Airport,740,NA,US,US-NY,Chittenango,,,1D5,1D5,43.029556, -75.849814
1D6,small_airport,Hector Municipal Airport,1077,NA,US,US-MN,Hector,,,1D6,1D6,44.73109817504883, -94.7146987915039
1DE4,heliport,Christina Care Health System Heliport,65,NA,US,US-DE,Middletown,,,1DE4,1DE4,39.455692, -75.683983
1DE5,small_airport,Mckeown Airport,60,NA,US,US-DE,Middletown,,,1DE5,1DE5,39.495601654052734, -75.7332992553711
1DS,small_airport,Dry Swamp Airport,180,NA,US,US-SC,Cordova,,,K1DS,1DS,33.386124, -80.906839
1E2,small_airport,Terlingua Ranch Airport,3769,NA,US,US-TX,Alpine,,,K1E2,1E2,29.451289, -103.397754
1E4,small_airport,Palo Duro Airport,3639,NA,US,US-TX,Amarillo,,,1E4,1E4,35.141998291015625, -101.83799743652344
1E6,small_airport,Elkins Field,93,NA,US,US-NC,Clarkton,,,2NR2,2NR2,34.458754, -78.618627
1E7,small_airport,Buffalo Airport,3640,NA,US,US-TX,Amarillo,,,1E7,1E7,35.064999, -101.878998
1E8,small_airport,Degrasse Moores Airport,814,NA,US,US-NY,Russell,,,K1E8,1E8,44.388266, -75.066376
1F2,small_airport,Plateau Sky Ranch Airport,1070,NA,US,US-NY,Edinburg,,,1F2,1F2,43.225101, -74.114899
1F7,small_airport,Airpark East Airport,510,NA,US,US-TX,Dallas,,,1F7,1F7,32.81399917602539, -96.35220336914062
1FA1,small_airport,Post Oak Ranch Airport,25,NA,US,US-FL,Crystal River,,,1FA1,1FA1,28.85580062866211, -82.55259704589844
1FA3,small_airport,Pine Island Airport,12,NA,US,US-FL,Fort Myers,,,1FA3,1FA3,26.656200408935547, -82.12120056152344
1FA5,heliport,Palmetto General Hospital Heliport,10,NA,US,US-FL,Hialeah,,,1FA5,1FA5,25.8865940245, -80.32660312950001
1FA6,heliport,Arrowhead Heliport,55,NA,US,US-FL,Tampa,,,1FA6,1FA6,28.10499, -82.4826
1FA7,heliport,Tampa General Hospital Brooksville Heliport,93,NA,US,US-FL,Brooksville,,,1FA7,1FA7,28.538778, -82.441753
1FA8,heliport,AdventHealth Millenia ER Heliport,101,NA,US,US-FL,Orlando,,,1FA8,1FA8,28.496028, -81.432231
1FA9,small_airport,Villa Char Mar Airport,134,NA,US,US-FL,Fort Meade,,,1FA9,1FA9,27.785144, -81.651354
1FD1,heliport,MC1 Heliport,13,NA,US,US-FL,Ellenton,,,1FD1,1FD1,27.526775, -82.533978
1FD3,heliport,HCA Florida JFK Hospital Heliport,61,NA,US,US-FL,Atlantis,,,1FD3,1FD3,26.597891, -80.09222
1FD4,small_airport,Corkscrew Trace Airpark,29,NA,US,US-FL,Estero,,,1FD4,1FD4,26.44540023803711, -81.6072998046875
1FD6,heliport,Paines Prairie Heliport,75,NA,US,US-FL,Micanopy,,,1FD6,1FD6,29.546348, -82.287279
1FD7,heliport,Pga National Heliport,19,NA,US,US-FL,Palm Beach Gardens,,,1FD7,1FD7,26.832799911499023, -80.14340209960938
1FD8,heliport,Memorial Hospital-Flagler Helistop,23,NA,US,US-FL,Bunnell,,,1FD8,1FD8,29.468599319458008, -81.25309753417969
1FD9,heliport,AH Winter Haven OSED Heliport,154,NA,US,US-FL,Winter Haven,,,1FD9,1FD9,27.980197, -81.664797
1FL0,seaplane_base,Londono's Landing Seaplane Base,147,NA,US,US-FL,Auburndale,,,1FL0,1FL0,28.1036, -81.805901
1FL1,heliport,Orlando Helicenter,75,NA,US,US-FL,Kissimmee,,,1FL1,1FL1,28.312135, -81.46594
1FL2,heliport,Lake City Medical Center Heliport,147,NA,US,US-FL,Lake City,,,1FL2,1FL2,30.184455, -82.688302
1FL3,small_airport,Z Ranch Airport,75,NA,US,US-FL,Lake City,,,1FL3,1FL3,30.034400939941406, -82.78209686279297
1FL5,seaplane_base,West Bay Creek Seaplane Base,,NA,US,US-FL,West Bay,,,1FL5,1FL5,30.302099227905273, -85.8644027709961
1FL6,heliport,Sheriff's North Multi District Office Heliport,85,NA,US,US-FL,Ocala,,,1FL6,1FL6,29.27389907836914, -82.15029907226562
1FL7,heliport,Barton Regional Medical Center Heliport,107,NA,US,US-FL,Bartow,,,1FL7,1FL7,27.91899, -81.844835
1FL8,heliport,Cape Canaveral Hospital Heliport,6,NA,US,US-FL,Cocoa Beach,,,1FL8,1FL8,28.361099243164062, -80.62220001220703
1FL9,heliport,Hendry County Fire-Ems Heliport,18,NA,US,US-FL,La Belle,,,1FL9,1FL9,26.746400833129883, -81.42859649658203
1G6,small_airport,Michael Airfield,400,NA,US,US-NY,Cicero,,,1G6,1G6,43.181702, -76.1278
1G8,small_airport,Eddie Dew Memorial Airpark,1084,NA,US,US-OH,Toronto,,,1G8,1G8,40.475899, -80.628098
1GA0,small_airport,Eagle Neck Airport,10,NA,US,US-GA,Shellman Bluff,,,1GA0,1GA0,31.639400482177734, -81.3290023803711
1GA1,heliport,Pratt and Whitney Aircraft Heliport,430,NA,US,US-GA,Columbus,,,1GA1,1GA1,32.5432014465332, -84.83190155029297
1GA2,small_airport,Flying N Estates Airport,870,NA,US,US-GA,Luthersville,,,1GA2,1GA2,33.175358, -84.747756
1GA3,heliport,Union General Hospital Heliport,1911,NA,US,US-GA,Blairsville,,,1GA3,1GA3,34.886199951171875, -83.96240234375
1GA4,small_airport,Southern Agricultural Aviation Airport,180,NA,US,US-GA,Statesboro,,,1GA4,1GA4,32.32849884033203, -81.75540161132812
1GA5,small_airport,Shilo Farms Airport,211,NA,US,US-GA,Hahira,,,1GA5,1GA5,30.930999755859375, -83.38349914550781
1GA8,small_airport,South One Ten Airport,225,NA,US,US-GA,Nashville,,,1GA8,1GA8,31.178499, -83.226501
1GA9,small_airport,Aerie Airport,830,NA,US,US-GA,Monroe,,,1GA9,1GA9,33.761608, -83.652704
1GE1,heliport,Georgia Mountain Heliport,1600,NA,US,US-GA,Blue Ridge,,,1GE1,1GE1,34.82809829711914, -84.35469818115234
1GE2,small_airport,C & W Air Park,1306,NA,US,US-GA,Woodland,,,1GE2,1GE2,32.844398498535156, -84.54389953613281
1GE3,small_airport,Answered Prayer Airport,890,NA,US,US-GA,Franklin,,,1GE3,1GE3,33.254232, -85.170623
1GE4,small_airport,Beckley Farms Airport,425,NA,US,US-GA,Fort Valley,,,1GE4,1GE4,32.5010986328125, -83.93329620361328
1GE5,small_airport,Flying D Airport,838,NA,US,US-GA,Concord,,,1GE5,1GE5,33.101200103759766, -84.39350128173828
1GE6,small_airport,Daystar Strip Airport,105,NA,US,US-GA,Patterson,,,1GE6,1GE6,31.373752, -82.107524
1GE7,small_airport,Hay Field,650,NA,US,US-GA,Madison,,,1GE7,1GE7,33.5172004699707, -83.439697265625
1GE8,heliport,Grady Memorial Hospital Heliport,1227,NA,US,US-GA,Atlanta,,,1GE8,1GE8,33.752476, -84.382115
1GE9,small_airport,Waverly Landing Airport,675,NA,US,US-GA,Waverly Hall,,,1GE9,1GE9,32.71440124511719, -84.71810150146484
1H1,small_airport,Airlane Enterprises Airport,385,NA,US,US-NY,Clay,,,K1H1,1H1,43.205101, -76.178802
1H4,small_airport,Greenville-Rainbow Airport,840,NA,US,US-NY,Greenville,,,,1H4,42.419465, -74.006889
1H6,small_airport,Harvey Young Airport,750,NA,US,US-OK,Tulsa,,,1H6,1H6,36.139, -95.824997
1H9,small_airport,Nest of Eagles Airport,1120,NA,US,US-WI,Spooner,,,1H9,1H9,45.83549880981445, -91.80269622802734
1I1,small_airport,Marcy Field,985,NA,US,US-NY,Keene,,,1I1,1I1,44.220901, -73.791298
1I3,small_airport,Shawnee Field,501,NA,US,US-IN,Fairplay Township,,,K1I3,1I3,39.042654, -87.002749
1I6,heliport,Holiday Inn Lakeview Heliport,445,NA,US,US-IN,Clarksville,,,1I6,1I6,38.28340148925781, -85.75579833984375
1I8,small_airport,Converse Airport,840,NA,US,US-IN,Converse,,,K1I8,1I8,40.573217, -85.899696
1I9,small_airport,Delphi Municipal Airport,675,NA,US,US-IN,Delphi,,,1I9,1I9,40.542801, -86.681702
1IA2,heliport,Camp Tahigwa Landing Site Heliport,760,NA,US,US-IA,Dorchester,,,1IA2,1IA2,43.438899993896484, -91.56739807128906
1IA3,heliport,Spencer Municipal Hospital Heliport,1318,NA,US,US-IA,Spencer,,,1IA3,1IA3,43.1505012512207, -95.14219665527344
1IA4,small_airport,Wallace Field,1290,NA,US,US-IA,Creston,,,1IA4,1IA4,41.05550003051758, -94.39469909667969
1IA5,heliport,Story County Hospital Heliport,995,NA,US,US-IA,Nevada,,,1IA5,1IA5,42.017493, -93.453026
1IA6,small_airport,Aero-Lane Airport,1134,NA,US,US-IA,Randolph,,,1IA6,1IA6,40.8849983215332, -95.48529815673828
1IA7,heliport,University of Iowa Hospitals & Clinic Heliport,840,NA,US,US-IA,Iowa City,,,1IA7,1IA7,41.65999984741211, -91.54769897460938
1ID1,heliport,The Talis Heliport,2654,NA,US,US-ID,Coeur d'Alene,,,1ID1,1ID1,47.652222, -116.7225
1ID2,heliport,Horseshoe Bend Heliport,2300,NA,US,US-ID,Horseshoe Bend,,,1ID2,1ID2,43.914398193359375, -116.1969985961914
1ID3,small_airport,Beaux Ranch Field,2079,NA,US,US-ID,Sandpoint,,,1ID3,1ID3,48.167965, -116.725331
1ID4,small_airport,Red Baron Airpark,3259,NA,US,US-ID,Oasis,,,1ID4,1ID4,43.3105555556, -115.9025
1ID5,heliport,St Luke's Wood River Medical Center Heliport,5737,NA,US,US-ID,Ketchum,,,1ID5,1ID5,43.648538, -114.350085
1ID6,closed,Sligars Landing Heliport,3800,NA,US,US-ID,Kimberly,,,,,42.584108, -114.358466
1ID7,small_airport,Fairbanks Airfield,3830,NA,US,US-ID,Eden,,,1ID7,1ID7,42.587909, -114.33071
1ID8,heliport,North Canyon Medical Center Heliport,3579,NA,US,US-ID,Gooding,,,1ID8,1ID8,42.921675, -114.709449
1ID9,small_airport,Simko Field,6150,NA,US,US-ID,Inkom,,,1ID9,1ID9,42.763785, -112.185026
1II0,small_airport,Webster Airport,910,NA,US,US-IN,Homer,,,1II0,1II0,39.576698303222656, -85.58779907226562
1II3,small_airport,Davis Airport,500,NA,US,US-IN,Carlisle,,,1II3,1II3,38.957918, -87.394602
1II4,small_airport,Amy Airport,665,NA,US,US-IN,Corydon,,,1II4,1II4,38.125099182128906, -86.16220092773438
1II5,small_airport,Van De Mark Airport,730,NA,US,US-IN,Culver,,,1II5,1II5,41.246644, -86.502614
1II6,heliport,St Mary's Medical Center Heliport,386,NA,US,US-IN,Evansville,,,1II6,1II6,37.96500015258789, -87.50420379638672
1II7,heliport,Parkview Memorial Hospital Heliport,817,NA,US,US-IN,Fort Wayne,,,1II7,1II7,41.09640121459961, -85.11019897460938
1II8,small_airport,Morris Airport,870,NA,US,US-IN,Greenfield,,,1II8,1II8,39.814009, -85.819184
1IL0,small_airport,Barnstorm Field,731,NA,US,US-IL,El Paso,,,1IL0,1IL0,40.775001525878906, -89.0010986328125
1IL1,small_airport,Horsefeathers Ranch Airport,653,NA,US,US-IL,Irving,,,1IL1,1IL1,39.241595, -89.426565
1IL3,heliport,Alton Memorial Hospital Heliport,525,NA,US,US-IL,Alton,,,1IL3,1IL3,38.902198791503906, -90.1613998413086
1IL4,small_airport,Flight Park Inc Airport,631,NA,US,US-IL,Millstadt,,,1IL4,1IL4,38.418701, -90.131203
1IL5,heliport,Highland Heliport,560,NA,US,US-IL,Highland,,,1IL5,1IL5,38.76032, -89.674326
1IL7,heliport,Gearhart-Hollow Heliport,800,NA,US,US-IL,Dixon,,,1IL7,1IL7,41.86479949951172, -89.50289916992188
1IL8,small_airport,Loy Airport,665,NA,US,US-IL,Donovan,,,1IL8,1IL8,40.93199920654297, -87.59590148925781
1IL9,small_airport,Holland Field,715,NA,US,US-IL,Mc Lean,,,1IL9,1IL9,40.30059814453125, -89.12439727783203
1IN1,small_airport,Shearer Airport,750,NA,US,US-IN,Quincy,,,1IN1,1IN1,39.4884, -86.653099
1IN2,heliport,Meharry Ag Service Heliport,760,NA,US,US-IN,Wingate,,,1IN2,1IN2,40.203899383499994, -87.0558013916
1IN3,small_airport,Confer's Place Airport,865,NA,US,US-IN,Arcola,,,1IN3,1IN3,41.098135, -85.242008
1IN4,small_airport,Robinson Airpark,775,NA,US,US-IN,Elizabeth,,,1IN4,1IN4,38.143383, -85.985141
1IN5,small_airport,Bottoms Brothers Airport,545,NA,US,US-IN,Somerville,,,1IN5,1IN5,38.2848014831543, -87.38200378417969
1IN6,small_airport,Cottingham Airport,685,NA,US,US-IN,Pine Village,,,1IN6,1IN6,40.40169906616211, -87.22029876708984
1IN7,seaplane_base,Lake Wawasee Seaplane Base,859,NA,US,US-IN,Syracuse,,,K01D,01D,41.403599, -85.7061
1IN9,small_airport,Lee Farms Airport,856,NA,US,US-IN,Marion,,,1IN9,1IN9,40.594916, -85.424473
1IS2,small_airport,Triple Creek Airport,666,NA,US,US-IL,Bement,,,1IS2,1IS2,39.896400451660156, -88.52230072021484
1IS3,small_airport,Cribbet Airport,620,NA,US,US-IL,Blue Mound,,,1IS3,1IS3,39.69556, -89.05953
1IS4,small_airport,Swan Valley Farm Airport,916,NA,US,US-IL,Lanark,,,1IS4,1IS4,42.134783, -89.824208
1IS5,small_airport,Walder's Farm Airport,900,NA,US,US-IL,Paw Paw,,,1IS5,1IS5,41.653099060058594, -89.00150299072266
1IS7,heliport,Ingersoll Heliport,745,NA,US,US-IL,Rockford,,,1IS7,1IS7,42.29949951171875, -89.06929779052734
1IS8,heliport,Sword's Heliport,799,NA,US,US-IL,Ashton,,,1IS8,1IS8,41.86249923706055, -89.22119903564453
1J9,small_airport,Fort Walton Beach Airport,22,NA,US,US-FL,Navarre,,,1J9,1J9,30.4063, -86.829102
1JY1,heliport,Newark/Jersey Street Heliport,1041,NA,US,US-NJ,Newark,,,1JY1,1JY1,40.733508, -74.159124
1JY2,small_airport,Mahogany Mtn. Airport,4620,NA,US,US-OR,Silver Lake,,,1JY2,1JY2,43.067100524902344, -121.0530014038086
1JY3,heliport,Mbna Heliport,97,NA,US,US-NJ,Newark,,,1JY3,1JY3,40.73640060424805, -74.17720031738281
1JY4,heliport,New Jersey State Police Troop C Headquarters Heliport,81,NA,US,US-NJ,Hamilton Township,,,1JY4,1JY4,40.201379, -74.648838
1K1,small_airport,Lloyd Stearman Field,1364,NA,US,US-KS,Benton,,,1K1,1K1,37.77790069580078, -97.1135025024414
1K5,small_airport,Waynoka Municipal Airport,1543,NA,US,US-OK,Waynoka,,,1K5,1K5,36.5715, -98.85467
1K6,small_airport,Ellinwood Municipal Airport,1797,NA,US,US-KS,Ellinwood,,,1K6,1K6,38.37329864501953, -98.59510040283203
1K8,small_airport,South Grand Lake Regional Airport,775,NA,US,US-OK,Ketchum,,,1K8,1K8,36.541698, -95.021103
1KC,small_airport,Kalakaket Creek AS Airport,1598,NA,US,US-AK,Kalakaket Creek,,KKK,1KC,1KC,64.4166256967, -156.820392609
1KS1,small_airport,Cochran Airport,1005,NA,US,US-KS,Richmond,,,1KS1,1KS1,38.458899, -95.226531
1KS2,small_airport,Risky Airport,1133,NA,US,US-KS,Easton,,,1KS2,1KS2,39.31399917602539, -95.07160186767578
1KS3,small_airport,Leo's Place Airport,1350,NA,US,US-KS,Riley,,,1KS3,1KS3,39.303992, -96.759431
1KS4,small_airport,Prichard Airstrip,1164,NA,US,US-KS,Enterprise,,,1KS4,1KS4,38.900001525878906, -97.11699676513672
1KS6,small_airport,Silers Plane Valley Airport,1204,NA,US,US-KS,Salina,,,1KS6,1KS6,38.86669921875, -97.5363998413086
1KS7,small_airport,Hitch Feeders Ii Inc. Airport,3028,NA,US,US-KS,Satanta,,,1KS7,1KS7,37.67359924316406, -101.01699829101562
1KS8,small_airport,Buehler Airport,3038,NA,US,US-KS,Scott City,,,1KS8,1KS8,38.51530075073242, -100.99500274658203
1KS9,small_airport,Belleair Airport,935,NA,US,US-KS,Bonner Springs,,,1KS9,1KS9,39.045601, -94.948996
1KT8,heliport,Ephraim McDowell Regional Medical Center Heliport,970,NA,US,US-KY,Danville,,,1KT8,1KT8,37.643291, -84.776267
1KY0,heliport,Sof Maintenance Site Heliport,1000,NA,US,US-KY,Richmond,,,1KY0,1KY0,37.676700592041016, -84.23300170898438
1KY1,heliport,Hardin Memorial Hospital Heliport,838,NA,US,US-KY,Elizabethtown,,,1KY1,1KY1,37.710601806640625, -85.87689971923828
1KY2,heliport,Community Methodist Hospital Heliport,460,NA,US,US-KY,Henderson,,,1KY2,1KY2,37.855899810791016, -87.58390045166016
1KY3,heliport,Monroe County Medical Center Heliport,970,NA,US,US-KY,Tompkinsville,,,1KY3,1KY3,36.69810104370117, -85.67639923095703
1KY4,heliport,Baptist Health Lexington Heliport,1076,NA,US,US-KY,Lexington,,,1KY4,1KY4,38.017631, -84.511948
1KY5,heliport,Rockcastle Hospital Inc Heliport,1100,NA,US,US-KY,Mount Vernon,,,1KY5,1KY5,37.358479, -84.336285
1KY6,heliport,Haggin Heliport,920,NA,US,US-KY,Harrodsburg,,,1KY6,1KY6,37.75590133666992, -84.84970092773438
1KY7,small_airport,Jordan Hill Farm Airport,910,NA,US,US-KY,Richmond,,,1KY7,1KY7,37.83250045776367, -84.18080139160156
1KY8,heliport,Norton Audubon Hospital Heliport,517,NA,US,US-KY,Louisville,,,1KY8,1KY8,38.214444, -85.7225
1KY9,heliport,ARH Tri City Clinic Heliport,1407,NA,US,US-KY,Cumberland,,,1KY9,1KY9,36.965837, -83.022136
1L4,small_airport,Kidwell Airport,2605,NA,US,US-NV,Cal Nev Ari,,,K1L4,1L4,35.305547, -114.88236
1LA0,small_airport,Ken Guidry #2 Airport,6,NA,US,US-LA,Gueydan,,,1LA0,1LA0,30.012107, -92.526941
1LA1,small_airport,Triche Field,10,NA,US,US-LA,Hahnville,,,1LA1,1LA1,29.98349952697754, -90.43479919433594
1LA3,small_airport,Goose Island Airport,4,NA,US,US-LA,Hayes,,,1LA3,1LA3,30.030799865722656, -92.83350372314453
1LA5,small_airport,Morrow Strip,40,NA,US,US-LA,Morrow,,,1LA5,1LA5,30.7992000579834, -92.05970001220703
1LA6,heliport,Christus Highland Heliport,160,NA,US,US-LA,Shreveport,,,LA85,LA85,32.423673, -93.715941
1LA7,heliport,Savoy Medical Center Heliport,100,NA,US,US-LA,Mamou,,,1LA7,1LA7,30.642499923706055, -92.41780090332031
1LA8,heliport,S.Fresh Water Bayou Heliport,4,NA,US,US-LA,Intracoastal City,,,1LA8,1LA8,29.60110092163086, -92.26010131835938
1LA9,closed,Chevron Intracoastal Heliport,,NA,US,US-LA,Intracoastal City,,,,,29.786541, -92.161092
1LL1,heliport,Lawrence Co Memorial Hospital Heliport,470,NA,US,US-IL,Lawrenceville,,,1LL1,1LL1,38.728099823, -87.69470214840001
1LL2,small_airport,Spring Brook Airport,500,NA,US,US-IL,Seneca,,,1LL2,1LL2,41.300628, -88.633271
1LL4,small_airport,Sies Landing Area Airport,690,NA,US,US-IL,Litchfield,,,1LL4,1LL4,39.183227, -89.69726
1LL5,small_airport,Justison Airport,650,NA,US,US-IL,Hillsboro,,,1LL5,1LL5,39.24277, -89.55083
1LL6,small_airport,Janssen Airport,877,NA,US,US-IL,Shannon,,,1LL6,1LL6,42.22809982299805, -89.73819732666016
1LL7,small_airport,Edwin G. Bennett Airport,690,NA,US,US-IL,Sheffield,,,1LL7,1LL7,41.34980010986328, -89.77320098876953
1LL8,small_airport,Zoomer Field,680,NA,US,US-IL,Sheldon,,,1LL8,1LL8,40.788654, -87.559361
1LL9,heliport,Reyhan Heliport,600,NA,US,US-IL,Loami,,,1LL9,1LL9,39.6776008605957, -89.80509948730469
1LS0,small_airport,Cal Mire Field,14,NA,US,US-LA,Gonzales,,,1LS0,1LS0,30.22410011291504, -90.88200378417969
1LS1,heliport,Cosmar Styrene Plant Heliport,18,NA,US,US-LA,Baton Rouge,,,1LS1,1LS1,30.22249984741211, -91.07279968261719
1LS2,heliport,Innis Community Health Center Heliport,45,NA,US,US-LA,Innis,,,1LS2,1LS2,30.876566, -91.678408
1LS5,small_airport,Cameron Airstrip,5,NA,US,US-LA,Cameron,,,1LS5,1LS5,29.803300857543945, -93.33460235595703
1LS8,small_airport,Summerell Airport,64,NA,US,US-LA,Ferriday,,,1LS8,1LS8,31.684198, -91.501001
1M3,small_airport,Ardmore Airport,920,NA,US,US-AL,Ardmore,,,K1M3,1M3,34.979171, -86.883304
1M7,small_airport,Fulton Airport,400,NA,US,US-KY,Fulton,,,1M7,1M7,36.525901794433594, -88.91560363769531
1M8,small_airport,Myricks Airport,71,NA,US,US-MA,Berkley,,,1M8,1M8,41.8391, -71.026497
1MA0,heliport,Beth Israel Deaconess Hospital Plymouth Heliport,122,NA,US,US-MA,Plymouth,,,1MA0,1MA0,41.940135, -70.6472
1MA1,heliport,Deaconess Nashoba Hospital Heliport,308,NA,US,US-MA,Ayer,,,1MA1,1MA1,42.576499938964844, -71.5739974975586
1MA2,heliport,UMASS Memorial Medical Center-Univ Campus Heliport,417,NA,US,US-MA,Worcester,,,1MA2,1MA2,42.2750015259, -71.7600021362
1MA4,heliport,Wang Heliport,104,NA,US,US-MA,Lowell,,,1MA4,1MA4,42.60929870605469, -71.32170104980469
1MA5,small_airport,Unknown Field,432,NA,US,US-MA,Southborough,,,1MA5,1MA5,42.27899932861328, -71.54779815673828
1MA6,heliport,Micron Heliport,245,NA,US,US-MA,Southwick,,,1MA6,1MA6,42.067901611328125, -72.74449920654297
1MA7,heliport,Long Hill Orchard Heliport,120,NA,US,US-MA,West Newbury,,,1MA7,1MA7,42.4734001159668, -70.97889709472656
1MA8,heliport,Horizon Hill Heliport,336,NA,US,US-MA,Lincoln,,,1MA8,1MA8,42.419656, -71.309323
1MA9,heliport,Morton Hospital Heliport,50,NA,US,US-MA,Taunton,,,1MA9,1MA9,41.90589904785156, -71.09420013427734
1MD0,heliport,Clng Cove Point Heliport,133,NA,US,US-MD,Lusby,,,1MD0,1MD0,38.39179992675781, -76.40799713134766
1MD1,small_airport,Big Oak Farm Airport,4,NA,US,US-MD,Cambridge,,,1MD1,1MD1,38.569126, -76.286189
1MD4,heliport,Prince George's Hospital Center Heliport,297,NA,US,US-MD,Cheverly,,,1MD4,1MD4,38.930301666259766, -76.9207992553711
1MD5,heliport,Federal Support Center Heliport,510,NA,US,US-MD,Laytonsville,,,1MD5,1MD5,39.192100524902344, -77.10659790039062
1MD6,heliport,Metroplex Heliport,99,NA,US,US-MD,New Carrollton,,,1MD6,1MD6,38.94620132446289, -76.86830139160156
1MD7,heliport,Shady Grove Adventist Hospital Heliport,475,NA,US,US-MD,Rockville,,,1MD7,1MD7,39.098367, -77.197608
1MD8,small_airport,Mayberry Run Airport,580,NA,US,US-MD,Westminster/Silver Run,,,1MD8,1MD8,39.682899475097656, -77.09719848632812
1ME,seaplane_base,Chesuncook Lake House Seaplane Base,942,NA,US,US-ME,Chesuncook,,,1ME,1ME,46.0609016418457, -69.4094009399414
1ME1,heliport,Victor Heliport,180,NA,US,US-ME,Belfast,,,1ME1,1ME1,44.41059875488281, -69.00920104980469
1ME2,heliport,Maine General Medical Center-Waterville Heliport,112,NA,US,US-ME,Waterville,,,1ME2,1ME2,44.566216, -69.64785
1MI0,seaplane_base,Ashman Island Seaplane Base,580,NA,US,US-MI,Drummond Island,,,1MI0,1MI0,46.068599700927734, -83.72419738769531
1MI2,heliport,Guardian Industries Heliport,1021,NA,US,US-MI,Auburn Hills,,,1MI2,1MI2,42.699798583984375, -83.24739837646484
1MI3,small_airport,Black River Ranch Airport,880,NA,US,US-MI,Onaway,,,1MI3,1MI3,45.19580078125, -84.32170104980469
1MI5,small_airport,McKenzie's Landing Airport,955,NA,US,US-MI,Howell,,,1MI5,1MI5,42.6031, -83.859703
1MI8,small_airport,Vlachos Acres Airport,785,NA,US,US-MI,Hubbard,,,1MI8,1MI8,44.84669876098633, -83.63690185546875
1MN0,small_airport,Wetherbee Farm Airport,980,NA,US,US-MN,Tenney,,,1MN0,1MN0,46.04359817504883, -96.54620361328125
1MN2,small_airport,Hay Acres Airport,1430,NA,US,US-MN,Akiey,,,1MN2,1MN2,45.938201904296875, -94.76069641113281
1MN3,heliport,Northern Itasca Health Care Center Heliport,1320,NA,US,US-MN,Bigfork,,,1MN3,1MN3,47.74720001220703, -93.64630126953125
1MN5,small_airport,Molnau Airpark,1000,NA,US,US-MN,Waconia,,,1MN5,1MN5,44.843874, -93.736076
1MN6,heliport,Cook Hospital Heliport,1315,NA,US,US-MN,Cook,,,1MN6,1MN6,47.85300064086914, -92.6791000366211
1MN7,heliport,Cuyuna Regional Medical Center Heliport,1255,NA,US,US-MN,Crosby,,,1MN7,1MN7,46.482200622558594, -93.943603515625
1MN8,small_airport,Sky Harbor Residential Airpark,1111,NA,US,US-MN,Webster,,,1MN8,1MN8,44.525671, -93.327441
1MN9,heliport,Sanford Jackson Medical Center Heliport,1450,NA,US,US-MN,Jackson,,,1MN9,1MN9,43.624831, -95.003987
1MO1,heliport,St Joseph Hospital Heliport,530,NA,US,US-MO,Kirkwood,,,1MO1,1MO1,38.56809997558594, -90.43399810791016
1MO3,small_airport,Lake Viking Airport,940,NA,US,US-MO,Gallatin,,,1MO3,1MO3,39.93339920043945, -94.07379913330078
1MO4,small_airport,Landmark Manufacturing Corporation Airport,800,NA,US,US-MO,Gallatin,,,1MO4,1MO4,39.891701, -93.864098
1MO6,small_airport,Double S Ranch Airport,737,NA,US,US-MO,Grandin,,,1MO6,1MO6,36.830141, -90.720677
1MO8,small_airport,Sherlock Field,800,NA,US,US-MO,Gravois Mills,,,1MO8,1MO8,38.25279998779297, -92.8030014038086
1MO9,small_airport,Eagle's Point & Red Barn Village Airpark,1040,NA,US,US-MO,Greenfield,,,1MO9,1MO9,37.47919845581055, -93.85160064697266
1MS0,small_airport,Tapley Airport,129,NA,US,US-MS,Shaw,,,1MS0,1MS0,33.59980010986328, -90.78119659423828
1MS1,heliport,Neshoba General Hospital Heliport,388,NA,US,US-MS,Philadelphia,,,1MS1,1MS1,32.756061, -89.106336
1MS2,small_airport,Peterson Airport,240,NA,US,US-MS,Goodman,,,1MS2,1MS2,32.942816, -89.930005
1MS3,heliport,Baptist Medical Center Attala Heliport,455,NA,US,US-MS,Kosciusko,,,1MS3,1MS3,33.066799, -89.598501
1MS4,heliport,Methodist Medical Center Heliport,366,NA,US,US-MS,Jackson,,,1MS4,1MS4,32.287899017333984, -90.2562026977539
1MS5,heliport,General Dan C Mills Emergency Heliport,44,NA,US,US-MS,Byhalia,,,1MS5,1MS5,34.88132, -89.70694
1MS6,small_airport,Eagles Ridge Airport,262,NA,US,US-MS,Hernando,,,,MS9,34.796426, -89.913218
1MS7,heliport,Smith County General Hospital Heliport,535,NA,US,US-MS,Raleigh,,,1MS7,1MS7,31.99959945678711, -89.51950073242188
1MS8,small_airport,Columbus Air Force Base Auxiliary Field (Gunshy),260,NA,US,US-MS,Shuqualak,,,1MS8,1MS8,32.940102, -88.579201
1MT0,small_airport,Nine Quarter Circle Ranch Airport,6974,NA,US,US-MT,Gallatin Gateway,,,1MT0,1MT0,45.06740188598633, -111.2969970703125
1MT1,heliport,Krinitt Helicopters Heliport,4474,NA,US,US-MT,Belgrade,,,1MT1,1MT1,45.774200439453125, -111.2030029296875
1MT2,small_airport,Skyrider Ultralightport,3540,NA,US,US-MT,Billings,,,1MT2,1MT2,45.94309997558594, -108.54900360107422
1MT3,small_airport,Wood Strip,5100,NA,US,US-MT,Elliston,,,1MT3,1MT3,46.557668, -112.414399
1MT5,heliport,Holy Rosary Heliport,2372,NA,US,US-MT,Miles City,,,1MT5,1MT5,46.39459991455078, -105.8290023803711
1MT6,small_airport,Bobcat Field,4824,NA,US,US-MT,Philipsburg,,,1MT6,1MT6,46.35689926147461, -113.51000213623047
1MT7,small_airport,Prill Field,3420,NA,US,US-MT,Sand Coulee,,,1MT7,1MT7,47.42110061645508, -111.15899658203125
1MT8,heliport,St James Healthcare Heliport,5733,NA,US,US-MT,Butte,,,1MT8,1MT8,46.009027, -112.544371
1MT9,small_airport,Wilcox Airport,3390,NA,US,US-MT,Billings,,,1MT9,1MT9,45.789217, -108.689266
1MU0,small_airport,Medcalf Field,1260,NA,US,US-MO,Republic,,,1MU0,1MU0,37.164311, -93.564878
1MU1,seaplane_base,Lake Taney Como Seaplane Base,716,NA,US,US-MO,Rockaway Beach,,,1MU1,1MU1,36.66669845581055, -93.154296875
1MU2,small_airport,Smitty's Landing Airport,800,NA,US,US-MO,Ridgely,,,1MU2,1MU2,39.444844, -94.664104
1MU3,heliport,Putnam County Memorial Hospital Heliport,1060,NA,US,US-MO,Unionville,,,1MU3,1MU3,40.48270034790039, -93.00589752197266
1MU4,closed,Short Air Airport,840,NA,US,US-MO,Warrensburg,,,,,38.650929, -93.778873
1MU7,small_airport,Mooseberry Airport,480,NA,US,US-MO,Jackson,,,1MU7,1MU7,37.465301513671875, -89.61199951171875
1MU8,small_airport,Church's Landing Airport,826,NA,US,US-MO,Rushville,,,1MU8,1MU8,39.55419921875, -94.99859619140625
1MU9,heliport,Nielsens Medical Evac Heliport,425,NA,US,US-MO,Saint Charles,,,1MU9,1MU9,38.935298919677734, -90.47650146484375
1MY1,small_airport,Carlson Agricultural Airport,1033,NA,US,US-MN,Wendell,,,1MY1,1MY1,45.98529815673828, -96.19439697265625
1N2,small_airport,Spadaro Airport,50,NA,US,US-NY,East Moriches,,,1N2,1N2,40.82789993286133, -72.74870300292969
1N3,small_airport,Albert Airport,1784,NA,US,US-PA,Philipsburg,,,K1N3,1N3,40.9715, -78.242897
1N5,small_airport,Bennett Airport,42,NA,US,US-MD,Salisbury,,,,1N5,38.411097, -75.614691
1NA0,small_airport,Bohn Airstrip,1142,NA,US,US-ND,Mountain,,,1NA0,1NA0,48.732200622558594, -97.8895034790039
1NA5,small_airport,Gienger/Box Bar Ranch Airport,1950,NA,US,US-ND,Streeter,,,1NA5,1NA5,46.625, -99.45040130615234
1NA8,small_airport,Preszler Airstrip,1795,NA,US,US-ND,Braddock,,,1NA8,1NA8,46.69049835205078, -100.09500122070312
1NA9,small_airport,Myran Airstrip,2120,NA,US,US-ND,Taylor,,,1NA9,1NA9,47.03329849243164, -102.49600219726562
1NC0,small_airport,Delk's Airport,460,NA,US,US-NC,Asheboro,,,1NC0,1NC0,35.722406, -79.934889
1NC1,small_airport,Ron's Ultralight Field,525,NA,US,US-NC,Pittsboro,,,1NC1,1NC1,35.811955, -79.23843
1NC2,small_airport,Atwell Airport,830,NA,US,US-NC,Mooresville,,,1NC2,1NC2,35.654701232910156, -80.78939819335938
1NC3,small_airport,Fletcher's Airport,7,NA,US,US-NC,Elizabeth City,,,1NC3,1NC3,36.180999, -76.150332
1NC4,small_airport,Bell Strip,35,NA,US,US-NC,Pollocksville,,,1NC4,1NC4,34.995399475097656, -77.25769805908203
1NC5,small_airport,Riley Field,360,NA,US,US-NC,Bunn,,,1NC5,1NC5,35.93320083618164, -78.34860229492188
1NC6,small_airport,Arant Airport,535,NA,US,US-NC,Wingate,,,1NC6,1NC6,35.055999755859375, -80.45010375976562
1NC8,small_airport,Lonesome Field,665,NA,US,US-NC,Gold Hill,,,1NC8,1NC8,35.5158, -80.258102
1NC9,small_airport,Northbrook International Ultraport Ultralightport,1030,NA,US,US-NC,Cherryville,,,1NC9,1NC9,35.450497, -81.426888
1ND4,small_airport,Walkinshaw Airport,900,NA,US,US-ND,Argusville,,,1ND4,1ND4,47.05830001831055, -97.01699829101562
1ND7,small_airport,Dittmer Airport,943,NA,US,US-ND,Lynchburg,,,1ND7,1ND7,46.8291015625, -97.26699829101562
1NE0,small_airport,Higgins Bros Airport,2860,NA,US,US-NE,Brownlee,,,1NE0,1NE0,42.327478, -100.424263
1NE1,closed,Paul Ridder Ranch Airport,2780,NA,US,US-NE,Callaway,,,,,41.274511, -100.055811
1NE2,small_airport,Witthuhn Airport,2700,NA,US,US-NE,Callaway,,,1NE2,1NE2,41.32500076293945, -99.91709899902344
1NE5,small_airport,Sibbernsen Airport,1280,NA,US,US-NE,Washington,,,1NE5,1NE5,41.405511, -96.286132
1NE6,small_airport,Miller Airstrip,4100,NA,US,US-NE,Dalton,,,1NE6,1NE6,41.34080123901367, -102.77799987792969
1NJ0,heliport,Jersey Turnpike Heliport,102,NA,US,US-NJ,New Brunswick,,,1NJ0,1NJ0,40.47679901123047, -74.40879821777344
1NJ1,heliport,Rutger's Helistop Sec. A & B Heliport,116,NA,US,US-NJ,New Brunswick,,,1NJ1,1NJ1,40.47930145263672, -74.43460083007812
1NJ2,heliport,New Brunswick Gas Distn Heliport,114,NA,US,US-NJ,New Brunswick,,,1NJ2,1NJ2,40.4739990234375, -74.48400115966797
1NJ4,heliport,Rutgers Helistop Nr 1 Heliport,85,NA,US,US-NJ,New Brunswick,,,1NJ4,1NJ4,40.51679992675781, -74.46630096435547
1NJ5,heliport,High Bar Heliport,700,NA,US,US-NJ,Blairstown,,,1NJ5,1NJ5,40.954843, -74.925657
1NJ6,heliport,Idylease Helistop,525,NA,US,US-NJ,Newfoundland,,,1NJ6,1NJ6,41.054483, -74.431959
1NJ7,heliport,Skytop Farms Heliport,850,NA,US,US-NJ,Towaco,,,1NJ7,1NJ7,40.94729995727539, -74.35430145263672
1NJ8,heliport,Scardo's Heliport,344,NA,US,US-NJ,Oakland,,,1NJ8,1NJ8,41.03340148925781, -74.23290252685547
1NJ9,heliport,Air Tractor Heliport,540,NA,US,US-NJ,Sussex,,,1NJ9,1NJ9,41.29119873046875, -74.5510025024414
1NK0,small_airport,Roxbury Runway Airport,1600,NA,US,US-NY,Roxbury,,,1NK0,1NK0,42.297298431396484, -74.54820251464844
1NK1,heliport,Stone Ridge Heliport,285,NA,US,US-NY,Stone Ridge,,,1NK1,1NK1,41.89059829711914, -74.152099609375
1NK3,heliport,Troy Armory Heliport,188,NA,US,US-NY,Troy,,,1NK3,1NK3,42.69060134887695, -73.70369720458984
1NK4,heliport,Wagstaff Heliport,11,NA,US,US-NY,West Islip,,,1NK4,1NK4,40.686798095703125, -73.3042984008789
1NK6,small_airport,Catalano Airfield,840,NA,US,US-NY,Wilmington,,,1NK6,1NK6,44.423807, -73.758777
1NK7,small_airport,Boonville Inc Airport,1200,NA,US,US-NY,Boonville,,,1NK7,1NK7,43.46670150756836, -75.24960327148438
1NK8,small_airport,Chenango Bridge Airport,940,NA,US,US-NY,Binghamton,,,1NK8,1NK8,42.19169998168945, -75.84130096435547
1NK9,heliport,Huntington Emergency Helistop,12,NA,US,US-NY,Huntington,,,1NK9,1NK9,40.88399887084961, -73.42289733886719
1NM0,small_airport,Me-Own Airport,7554,NA,US,US-NM,Silver City,,,1NM0,1NM0,33.21200180053711, -108.0260009765625
1NR1,heliport,Chowan Hospital Heliport,1636,NA,US,US-NC,Edenton,,,1NR1,1NR1,36.069093, -76.611315
1NR7,small_airport,Boyd Field,336,NA,US,US-NC,Henderson,,,1NR7,1NR7,36.274059, -78.46862
1NV1,small_airport,Fallon Southwest Airpark,3950,NA,US,US-NV,Fallon,,,1NV1,1NV1,39.412665, -118.83577
1NV2,heliport,Lake Las Vegas Heliport,1380,NA,US,US-NV,Henderson,,,1NV2,1NV2,36.12480163574219, -114.90899658203125
1NY0,heliport,Woodlawn Beach State Park Heliport,590,NA,US,US-NY,Hamburg,,,1NY0,1NY0,42.7881126404, -78.8494796753
1NY1,heliport,Seatuck Cove Heliport,8,NA,US,US-NY,Eastport,,,1NY1,1NY1,40.816772, -72.730781
1NY3,small_airport,Richland Airpark,560,NA,US,US-NY,Richland,,,1NY3,1NY3,43.5667, -76.032997
1NY4,small_airport,High Banks Farm Landing Area Airport,1520,NA,US,US-NY,Saranac,,,1NY4,1NY4,44.61750030517578, -73.91100311279297
1NY6,heliport,Tgp-249 Heliport,1300,NA,US,US-NY,Carlisle,,,1NY6,1NY6,42.75400161743164, -74.40070343017578
1O0,seaplane_base,Lake Woahink Seaplane Base,39,NA,US,US-OR,Florence,,,1O0,1O0,43.90420150756836, -124.11499786376953
1O6,small_airport,Dunsmuir Muni-Mott Airport,3258,NA,US,US-CA,Dunsmuir,,MHS,K1O6,1O6,41.263199, -122.272003
1OA1,small_airport,Bashore Airport,940,NA,US,US-OH,Pleasant Hill,,,1OA1,1OA1,40.0458984375, -84.33439636230469
1OA2,small_airport,Mole Airport,854,NA,US,US-OH,Grafton,,,1OA2,1OA2,41.261206, -81.990906
1OA4,small_airport,Kepes Flying Field,1080,NA,US,US-OH,Springfield,,,1OA4,1OA4,39.92359924316406, -83.66169738769531
1OA5,small_airport,Double J Airport,972,NA,US,US-OH,Fayetteville,,,1OA5,1OA5,39.21950149536133, -83.95269775390625
1OA6,small_airport,Frith Airport,910,NA,US,US-OH,Morrow,,,1OA6,1OA6,39.33620071411133, -84.0457992553711
1OA7,small_airport,Yoder Airport,1149,NA,US,US-OH,Louisville,,,1OA7,1OA7,40.84170150756836, -81.24150085449219
1OH0,heliport,Clinton Memorial Hospital Heliport,1022,NA,US,US-OH,Wilmington,,,1OH0,1OH0,39.44419860839844, -83.84020233154297
1OH1,small_airport,S and S Field,1057,NA,US,US-OH,Quincy,,,1OH1,1OH1,40.30139923095703, -83.9760971069336
1OH2,small_airport,Dougherty Airport,807,NA,US,US-OH,Bellevue,,,1OH2,1OH2,41.24399948120117, -82.86630249023438
1OH3,small_airport,Mather Field,640,NA,US,US-OH,Castalia,,,1OH3,1OH3,41.389198303222656, -82.76270294189453
1OH4,heliport,Richard E. Jacobs Health Center Heliport,632,NA,US,US-OH,Avon,,,1OH4,1OH4,41.469964, -81.9812
1OH6,heliport,Odot Heliport,1026,NA,US,US-OH,Sidney,,,1OH6,1OH6,40.29759979248047, -84.16339874267578
1OH8,small_airport,Lisbon Airfield,1160,NA,US,US-OH,South Charleston,,,1OH8,1OH8,39.86669921875, -83.63330078125
1OH9,small_airport,Lewis Airport,862,NA,US,US-OH,Peebles,,,1OH9,1OH9,38.93510055541992, -83.39939880371094
1OI0,heliport,Manairco Heliport,1265,NA,US,US-OH,Mansfield,,,1OI0,1OI0,40.8047981262207, -82.51129913330078
1OI4,heliport,Som Jackson Heliport,1050,NA,US,US-OH,Moreland Hills,,,1OI4,1OI4,41.44089889526367, -81.44319915771484
1OI6,small_airport,Stone Airport,978,NA,US,US-OH,New Lebanon,,,1OI6,1OI6,39.77009963989258, -84.4166030883789
1OI9,small_airport,Mc Colloch's Airport,990,NA,US,US-OH,Piqua,,,1OI9,1OI9,40.177299499499995, -84.29440307620001
1OK0,small_airport,Neversweat Airport,775,NA,US,US-OK,Bristow,,,1OK0,1OK0,35.894284, -96.279826
1OK1,small_airport,Dave's Place Airport,1160,NA,US,US-OK,Kingfisher,,,1OK1,1OK1,35.82500076293945, -97.80590057373047
1OK3,small_airport,Wolfe Field Airport,1194,NA,US,US-OK,Bray,,,1OK3,1OK3,34.5760993958, -97.8141021729
1OK4,heliport,McCurtain Memorial Hospital Heliport,480,NA,US,US-OK,Idabel,,,1OK4,1OK4,33.883319, -94.810602
1OK5,small_airport,Hohman Airport,1563,NA,US,US-OK,Lone Wolf,,,1OK5,1OK5,34.982941, -99.228816
1OK6,small_airport,HSH Airstrip,1020,NA,US,US-OK,Luther,,,5OK9,5OK9,35.721944, -97.204722
1OK7,small_airport,Grimes Airport,1035,NA,US,US-OK,Maysville,,,1OK7,1OK7,34.80009841918945, -97.4822006225586
1OK8,small_airport,5B Ranch Airport,1085,NA,US,US-OK,Edmond,,,1OK8,1OK8,35.729801177978516, -97.54139709472656
1OK9,small_airport,Hankins Airport,843,NA,US,US-OK,Marietta,,,1OK9,1OK9,33.975101470947266, -97.08920288085938
1OL2,small_airport,Steciak Strip,1100,NA,US,US-OK,Harrah,,,1OL2,1OL2,35.48899841308594, -97.19200134277344
1OR0,small_airport,Sunnyhill Airport,320,NA,US,US-OR,North Bend,,,1OR0,1OR0,43.48320007324219, -124.2030029296875
1OR1,heliport,Chehalem Mountain Heliport,900,NA,US,US-OR,Newberg,,,1OR1,1OR1,45.35540008544922, -122.94599914550781
1OR3,small_airport,Sunset Air Strip,207,NA,US,US-OR,North Plains,,,1OR3,1OR3,45.591499, -123.010002
1OR4,small_airport,North Plains Gliderport,210,NA,US,US-OR,North Plains,,,1OR4,1OR4,45.604000091552734, -123.0250015258789
1OR6,closed,Clackamas Heights Airport,545,NA,US,US-OR,Oregon City,,,,,45.371399, -122.554001
1OR7,small_airport,Skyhill Airport,735,NA,US,US-OR,Oregon City,,,1OR7,1OR7,45.287899017333984, -122.45600128173828
1OR8,heliport,Clackamas County Redsoils Heliport,470,NA,US,US-OR,Oregon City,,,1OR8,1OR8,45.334800720214844, -122.59700012207031
1OR9,heliport,Willamette Falls Community Hospital Heliport,275,NA,US,US-OR,Oregon City,,,1OR9,1OR9,45.357601, -122.585999
1P1,small_airport,Plymouth Municipal Airport,505,NA,US,US-NH,Plymouth,,,K1P1,1P1,43.778299, -71.753919
1PA0,small_airport,Hinaman Acres Airport,800,NA,US,US-PA,Jersey Shore,,,1PA0,1PA0,41.133399963378906, -77.19969940185547
1PA1,heliport,401 City Avenue Heliport,234,NA,US,US-PA,Philadelphia,,,1PA1,1PA1,40.00960159301758, -75.21379852294922
1PA2,heliport,St Christopher's Hospital For Children Heliport,163,NA,US,US-PA,Philadelphia,,,1PA2,1PA2,40.006884, -75.12522
1PA3,small_airport,Ridgeview Airport,520,NA,US,US-PA,Kellers Church,,,1PA3,1PA3,40.45009994506836, -75.19960021972656
1PA4,small_airport,Wagner Airport,520,NA,US,US-PA,Lewistown,,,1PA4,1PA4,40.55207, -77.61139
1PA6,small_airport,Auer Field,536,NA,US,US-PA,Linglestown,,,1PA6,1PA6,40.360983, -76.74389
1PA7,heliport,Philmont Heliport,250,NA,US,US-PA,Huntington Valley,,,1PA7,1PA7,40.124298095703125, -75.03410339355469
1PA9,small_airport,Schadels Airport,700,NA,US,US-PA,Klingerstown,,,1PA9,1PA9,40.66680145263672, -76.68299865722656
1PN1,small_airport,Napodano Airport,1060,NA,US,US-PA,Transfer,,,1PN1,1PN1,41.33420181274414, -80.42060089111328
1PN2,heliport,Green Hills Corp Heliport,440,NA,US,US-PA,Reading,,,1PN2,1PN2,40.26390075683594, -75.92220306396484
1PN4,heliport,Fulton County Medical Center Heliport,956,NA,US,US-PA,McConnellsburg,,,1PN4,1PN4,39.938221, -78.006937
1PN5,heliport,Lehigh Valley Health Network Kutztown Heliport,494,NA,US,US-PA,Kutztown,,,1PN5,1PN5,40.506777, -75.787261
1PR3,heliport,San Patricio Heliport,157,NA,PR,PR-U-A,Guaynabo,,,1PR3,1PR3,18.406099319458008, -66.10600280761719
1PS0,small_airport,Ickes Airport,1320,NA,US,US-PA,Osterburg,,,1PS0,1PS0,40.191898345947266, -78.564697265625
1PS3,heliport,P J Valves Heliport,495,NA,US,US-PA,Myerstown,,,1PS3,1PS3,40.36119842529297, -76.32469940185547
1PS5,heliport,Children's Hospital of Philadelphia Heliport,167,NA,US,US-PA,Philadelphia,,,1PS5,1PS5,39.948211, -75.19389
1PS6,heliport,Frankford Hospital-Torresdale Division Heliport,99,NA,US,US-PA,Philadelphia,,,1PS6,1PS6,40.06959915161133, -74.98210144042969
1PS7,heliport,Hahnemann Hospital Heliport,166,NA,US,US-PA,Philadelphia,,,1PS7,1PS7,39.957616, -75.163833
1PS8,heliport,Punxsutawney Area Hospital Heliport,1517,NA,US,US-PA,Punxsutawney,,,1PS8,1PS8,40.96120071411133, -79.00080108642578
1PS9,small_airport,Wicker & Wings Aerodrome,590,NA,US,US-PA,Quakertown,,,1PS9,1PS9,40.4034, -75.370499
1Q1,small_airport,Eckert Field,426,NA,US,US-CA,Strathmore,,,1Q1,1Q1,36.162498, -119.050003
1Q5,small_airport,Gravelly Valley Airport,1900,NA,US,US-CA,Potter Valley,,,,1Q5,39.449902, -122.955002
1RL,small_airport,Point Roberts Airpark,10,NA,US,US-WA,Point Roberts,,,K1RL,1RL,48.977316, -123.079294
1S1,small_airport,Eckhart International Airport,1756,NA,US,US-ID,Bonners Ferry,,,K1S1,1S1,48.990189, -116.502113
1S2,small_airport,Darrington Municipal Airport,553,NA,US,US-WA,Darrington,,,1S2,1S2,48.258598, -121.610001
1S4,small_airport,Seiling Airport,1746,NA,US,US-OK,Seiling,,,,1S4,36.154999, -98.933701
1S6,small_airport,Priest River Municipal Airport,2187,NA,US,US-ID,Priest River,,,K1S6,1S6,48.190614, -116.909895
1S7,small_airport,Slate Creek Airport,1660,NA,US,US-ID,White Bird,,,,1S7,45.671744, -116.305647
1S8,small_airport,Arlington Municipal Airport,890,NA,US,US-OR,Arlington,,,,1S8,45.722683, -120.176418
1SC1,small_airport,Lagniappe STOL Field,875,NA,US,US-SC,Pelzer,,,1SC1,1SC1,34.653745, -82.55498
1SC2,small_airport,Gwinn Field,390,NA,US,US-SC,Hopkins,,,1SC2,1SC2,33.933799743652344, -80.79609680175781
1SC5,heliport,Bon Secours St Francis Hospital Heliport,1182,NA,US,US-SC,Greenville,,,1SC5,1SC5,34.840079, -82.422395
1SC6,small_airport,Flying W Airport,292,NA,US,US-SC,Hartsville,,,K2Q0,2Q0,34.428922, -80.069939
1SD0,small_airport,Dorsey Ranch Airport,2350,NA,US,US-SD,Glad Valley,,,1SD0,1SD0,45.323001861572266, -101.74199676513672
1SD1,small_airport,Burke Field,1352,NA,US,US-SD,Scotland,,,1SD1,1SD1,43.165401458740234, -97.73090362548828
1SD3,small_airport,Turkey Ridge Airport,1325,NA,US,US-SD,Hurley,,,1SD3,1SD3,43.233299255371094, -97.15029907226562
1SD4,small_airport,Vig Limousin Airport,2552,NA,US,US-SD,Faith,,,1SD4,1SD4,44.86669921875, -102.41699981689453
1SD5,small_airport,Drake Farm Airport,1659,NA,US,US-SD,White Lake,,,1SD5,1SD5,43.76860046386719, -98.79869842529297
1SD6,small_airport,Bogner Number II Airport,3500,NA,US,US-SD,Oelrichs,,,1SD6,1SD6,43.110298, -103.230003
1SD7,heliport,Rosebud Comprehensive Health Care Facility Heliport,2715,NA,US,US-SD,Rosebud,,,1SD7,1SD7,43.25749969482422, -100.8499984741211
1SD8,small_airport,Tribitt Airport,1175,NA,US,US-SD,Albee,,,1SD8,1SD8,45.047698974609375, -96.55259704589844
1SD9,heliport,Sanford Usd Medical Center Heliport,1708,NA,US,US-SD,Sioux Falls,,,1SD9,1SD9,43.5354995728, -96.74420166019999
1T8,small_airport,Bulverde Airpark,1080,NA,US,US-TX,Bulverde,,,K1T8,1T8,29.7391, -98.451258
1TA0,heliport,Fina Bayport Heliport,16,NA,US,US-TX,Seabrook,,,1TA0,1TA0,29.611099243164062, -95.010498046875
1TA2,small_airport,Vigo Park Airport,3383,NA,US,US-TX,Tulia,,,1TA2,1TA2,34.65010070800781, -101.5
1TA3,heliport,D W C Heliport,39,NA,US,US-TX,Alvin,,,1TA3,1TA3,29.45359992980957, -95.23629760742188
1TA4,small_airport,Last Resort Airport,420,NA,US,US-TX,Crockett,,,1TA4,1TA4,31.4545, -95.29652
1TA5,small_airport,Two Leggs Airport,3625,NA,US,US-TX,Denver City,,,1TA5,1TA5,32.94179916381836, -103
1TA6,heliport,Morningstar Ranch Heliport,737,NA,US,US-TX,Whitesboro,,,1TA6,1TA6,33.70090103149414, -96.9135971069336
1TA7,small_airport,Thompson Field,515,NA,US,US-TX,Canton,,,1TA7,1TA7,32.61600112915039, -95.86830139160156
1TA8,small_airport,Rio Pinto Ranch Airport,935,NA,US,US-TX,Bracketville,,,1TA8,1TA8,29.237167, -100.684083
1TA9,heliport,Ktrk Tv Station Heliport,80,NA,US,US-TX,Houston,,,1TA9,1TA9,29.725500106811523, -95.42970275878906
1TE0,small_airport,Locker Brothers Airport,3802,NA,US,US-TX,Muleshoe,,,1TE0,1TE0,34.269500732421875, -102.71700286865234
1TE1,small_airport,Briscoes Catarina Ranch Airport,650,NA,US,US-TX,Catarina,,,1TE1,1TE1,28.25029945373535, -99.81700134277344
1TE3,small_airport,Bolton Airport,450,NA,US,US-TX,Jacksonville,,,1TE3,1TE3,31.917400360107422, -95.20719909667969
1TE4,small_airport,Zuehl Airport,592,NA,US,US-TX,Marion,,,1TE4,1TE4,29.495092, -98.158787
1TE5,small_airport,Corpora Airport,270,NA,US,US-TX,Hearne,,,1TE5,1TE5,30.816299438476562, -96.6010971069336
1TE7,small_airport,Ray Farm Airport,560,NA,US,US-TX,Floresville,,,1TE7,1TE7,29.116503, -98.367035
1TE8,small_airport,Kahuna Bay Airport,702,NA,US,US-TX,Sherman,,,1TE8,1TE8,33.548876, -96.55777
1TE9,small_airport,Rmr Ranch Airport,420,NA,US,US-TX,Franklin,,,1TE9,1TE9,31.271900177001953, -96.43920135498047
1TN0,small_airport,Cedar Crest Field,540,NA,US,US-TN,Lebanon,,,1TN0,1TN0,36.246415, -86.303381
1TN2,closed,Kay Airport,1250,NA,US,US-TN,Rogersville,,,,,36.440602, -83.112506
1TN3,small_airport,Wagner Field,975,NA,US,US-TN,Belvidere,,,1TN3,1TN3,35.13970184326172, -86.22219848632812
1TN4,heliport,Methodist Healthcare Heliport,312,NA,US,US-TN,Dyersburg,,,1TN4,1TN4,36.049329, -89.380215
1TN5,heliport,Maury Regional Hospital Heliport,651,NA,US,US-TN,Columbia,,,1TN5,1TN5,35.55619812011719, -87.05390167236328
1TN7,heliport,Brendle's Heliport,1210,NA,US,US-TN,Kingsport,,,1TN7,1TN7,36.54790115356445, -82.52239990234375
1TN8,heliport,Ramada Helistop,1275,NA,US,US-TN,Kingsport,,,1TN8,1TN8,36.56679916381836, -82.5165023803711
1TN9,small_airport,Crumley Field,1565,NA,US,US-TN,Bristol,,,1TN9,1TN9,36.504337, -82.183045
1TS0,small_airport,Eagle Air Airport,8,NA,US,US-TX,Anahuac,,,1TS0,1TS0,29.6705, -94.670799
1TS1,small_airport,Laas Farm Airport,165,NA,US,US-TX,Pattison,,,1TS1,1TS1,29.912700653076172, -95.99410247802734
1TS2,small_airport,Bar 16 Airport,547,NA,US,US-TX,Hubbard,,,1TS2,1TS2,31.82430076599121, -96.77850341796875
1TS4,heliport,Legacy Hangar Heliport,660,NA,US,US-TX,Plano,,,1TS4,1TS4,33.068501, -96.801399
1TS6,small_airport,Dentonio Ranch Airport,825,NA,US,US-TX,Carrizo Springs,,,1TS6,1TS6,28.269399642944336, -99.93450164794922
1TS7,heliport,Cig 804 Heliport,24,NA,US,US-TX,Refugio,,,1TS7,1TS7,28.313600540161133, -97.04550170898438
1TS8,small_airport,Landers Ranch Airport,2275,NA,US,US-TX,Colorado City,,,1TS8,1TS8,32.287982, -100.717897
1TS9,small_airport,Four Winds Airport / Cavanaugh Ranch Airport,775,NA,US,US-TX,Celina,,,,9S1,33.368384, -96.754639
1TT1,heliport,Washington County Air 1 Base Heliport,280,NA,US,US-TX,Brenham,,,1TT1,1TT1,30.305419, -96.205244
1TX2,small_airport,J Y Ranch-R B Masterson III Estate Airport,1808,NA,US,US-TX,Guthrie,,,1TX2,1TX2,33.716294, -100.155195
1TX3,small_airport,Beggs Ranch Airport,1870,NA,US,US-TX,Guthrie,,,1TX3,1TX3,33.42509841918945, -100.54199981689453
1TX5,small_airport,Laney Farm Airport,3483,NA,US,US-TX,Hale Center,,,1TX5,1TX5,34.126017, -101.908751
1TX6,small_airport,Muxworthy Airport,1210,NA,US,US-TX,Hamilton,,,1TX6,1TX6,31.69849967956543, -98.09639739990234
1TX7,small_airport,Killion Ranch Airport,1845,NA,US,US-TX,Hamlin,,,1TX7,1TX7,32.80569839477539, -100.18399810791016
1TX8,small_airport,Hart Aerial Airport,3655,NA,US,US-TX,Hart,,,1TX8,1TX8,34.36949920654297, -102.08399963378906
1TX9,small_airport,Hawk Ranch Airport,335,NA,US,US-TX,Hawkins,,,1TX9,1TX9,32.63759994506836, -95.16130065917969
1U0,small_airport,Bear Trap Airport,4716,NA,US,US-ID,Minidoka,,,1U0,1U0,42.97489929199219, -113.35099792480469
1U1,small_airport,Moose Creek US Forest Service Airport,2454,NA,US,US-ID,Kooskia,,,K1U1,1U1,46.124294, -114.923515
1U3,small_airport,Murphy Airport,2855,NA,US,US-ID,Murphy,,,1U3,1U3,43.215999603271484, -116.54900360107422
1U4,small_airport,New Meadows Airport,3908,NA,US,US-ID,New Meadows,,,1U4,1U4,44.97909927368164, -116.28399658203125
1U6,small_airport,Oakley Municipal Airport,4650,NA,US,US-ID,Oakley,,,1U6,1U6,42.234100341796875, -113.87799835205078
1U9,small_airport,Pine Airport,4232,NA,US,US-ID,Pine,,,1U9,1U9,43.466057, -115.310057
1UT9,closed,Tri-Arc Heliport,4367,NA,US,US-UT,Salt Lake City,,,,,40.754902, -111.894997
1VA0,small_airport,Sabot Airport,255,NA,US,US-VA,Manakin-Sabot,,,1VA0,1VA0,37.629299, -77.747498
1VA1,small_airport,Micro Airport,2923,NA,US,US-VA,Stuart,,,1VA1,1VA1,36.735198974609375, -80.44879913330078
1VA2,heliport,Lewis Gale Clinic Inc. Heliport,1070,NA,US,US-VA,Salem,,,1VA2,1VA2,37.263231, -80.029439
1VA3,small_airport,Tye River Airport,650,NA,US,US-VA,Lovingston,,,1VA3,1VA3,37.658199310302734, -78.94560241699219
1VA4,heliport,Evergreen Heliport,525,NA,US,US-VA,Marshall,,,1VA4,1VA4,38.93709945678711, -77.81919860839844
1VA7,small_airport,Aaron Penston Field,413,NA,US,US-VA,Virgilina,,,1VA7,1VA7,36.664725, -78.722091
1VA8,small_airport,Hazelswart Airport,485,NA,US,US-VA,Chase City,,,1VA8,1VA8,36.862249, -78.410025
1VA9,small_airport,Flying T Farm Airport,255,NA,US,US-VA,Fredericksburg,,,1VA9,1VA9,38.432899, -77.470497
1VG2,small_airport,Whithall Farm Airport,23,NA,US,US-VA,Montross,,,1VG2,1VG2,38.12466, -76.68858
1VT8,small_airport,Mortimer Brown Landing,900,NA,US,US-VT,Castleton,,,1VT8,1VT8,43.665221, -73.166263
1W1,small_airport,Grove Field,429,NA,US,US-WA,Camas,,,1W1,1W1,45.62779998779297, -122.40399932861328
1W3,small_airport,Mexico Farms Airport,607,NA,US,US-MD,Cumberland,,,1W3,1W3,39.604801177978516, -78.7605972290039
1WA0,heliport,Legacy Salmon Creek Hospital Heliport,195,NA,US,US-WA,Vancouver,,,1WA0,1WA0,45.720119, -122.649264
1WA1,heliport,Weber Point Heliport,32,NA,US,US-WA,Redmond,,,1WA1,1WA1,47.64699935913086, -122.08699798583984
1WA2,small_airport,Pilot's Pastures Airport,450,NA,US,US-WA,Winlock,,,1WA2,1WA2,46.51919937133789, -122.88999938964844
1WA3,heliport,Calkins Equipment Company Heliport,10,NA,US,US-WA,Everett,,,1WA3,1WA3,47.97949981689453, -122.18599700927734
1WA4,heliport,Providence Hospital Heliport,319,NA,US,US-WA,Everett,,,,1WA4,47.975777, -122.217264
1WA5,heliport,General Hospital of Everett Heliport,296,NA,US,US-WA,Everett,,,1WA5,1WA5,47.999568, -122.205965
1WA6,small_airport,Fall City Airport,140,NA,US,US-WA,Fall City,,,1WA6,1WA6,47.55950164794922, -121.86399841308594
1WA8,heliport,Madigan Army Medical Center Heliport,300,NA,US,US-WA,Joint Base Lewis-McChord,,,1WA8,1WA8,47.10981, -122.55709
1WA9,small_airport,Friday West Airport,150,NA,US,US-WA,Friday Harbor,,,1WA9,1WA9,48.529911, -123.047357
1WF,small_airport,Waco Field,820,NA,US,US-OH,Troy,,,1WF,1WF,40.014801025390625, -84.1980972290039
1WI0,small_airport,Spring Valley Farm Airport,850,NA,US,US-WI,Orfordville,,,1WI0,1WI0,42.64250183105469, -89.31120300292969
1WI1,small_airport,Williams Airport,800,NA,US,US-WI,Utica,,,1WI1,1WI1,43.935037, -88.70433
1WI3,small_airport,Bed-Ah-Wick Field,787,NA,US,US-WI,Princeton,,,1WI3,1WI3,43.849998474121094, -89.1167984008789
1WI4,heliport,Johnson Wax Heliport,640,NA,US,US-WI,Racine,,,1WI4,1WI4,42.70840072631836, -87.79170227050781
1WI5,seaplane_base,Beaver Dam Lake Seaplane Base,871,NA,US,US-WI,Randolph,,,1WI5,1WI5,43.51499938964844, -88.95259857177734
1WI6,small_airport,Aero Estates Airport,825,NA,US,US-WI,Raymond Township,,,1WI6,1WI6,42.840301513671875, -88.06400299072266
1WI7,small_airport,Buzzards Roost Airport,805,NA,US,US-WI,Redgranite,,,1WI7,1WI7,44.022385, -89.096417
1WI8,small_airport,Jorgensen - Stoller Airport,690,NA,US,US-WI,Algoma,,,1WI8,1WI8,44.635799408, -87.44020080570002
1WI9,small_airport,Blackhawk Island Airport,800,NA,US,US-WI,Fort Atkinson,,,1WI9,1WI9,42.910672, -88.8694
1WN0,small_airport,Schmidt Ranch Airport,1335,NA,US,US-WA,Northport,,,1WN0,1WN0,48.933293, -117.745845
1WN1,small_airport,Kettle Moraine Airport,1040,NA,US,US-WI,Campbellsport,,,1WN1,1WN1,43.668912, -88.19428
1WN2,small_airport,Covered Bridge Fields Airport,875,NA,US,US-WI,Cedarburg,,,1WN2,1WN2,43.329200744628906, -87.99729919433594
1WN3,small_airport,Danielson Field Airport,1000,NA,US,US-WI,Star Prairie,,,1WN3,1WN3,45.211399, -92.534267
1WN5,small_airport,Simons Airfield,1735,NA,US,US-WI,Land-O-Lakes,,,1WN5,1WN5,46.154701232910156, -89.31749725341797
1WT6,heliport,Overlake Hospital EMS Heliport,165,NA,US,US-WA,Bellevue,,,1WT6,1WT6,47.621667, -122.187778
1WV0,heliport,Potomac Valley Hospital Heliport,878,NA,US,US-WV,Keyser,,,1WV0,1WV0,39.4104, -79.003233
1XA1,small_airport,Sky Acres Airport,1070,NA,US,US-TX,Bowie,,,1XA1,1XA1,33.647701263427734, -97.8290023803711
1XA2,small_airport,Chase Field Industrial Airport,190,NA,US,US-TX,Beeville,,NIR,KTX2,TX2,28.362444, -97.661917
1XA3,heliport,Christus Spohn South Heliport,24,NA,US,US-TX,Corpus Christi,,,1XA3,1XA3,27.684799194335938, -97.377197265625
1XA4,small_airport,Mikeska Field,161,NA,US,US-TX,Brookshire,,,1XA4,1XA4,29.873666, -96.004753
1XA5,small_airport,Flying Armadillo Field,410,NA,US,US-TX,Paige,,,1XA5,1XA5,30.135069, -97.148581
1XA6,small_airport,Tailwheel Acres Airport,679,NA,US,US-TX,Valley View,,,KX16,X16,33.473681, -97.122397
1XA7,small_airport,Gloster Aerodrome,145,NA,US,US-TX,Sealy,,,1XA7,1XA7,29.733400344848633, -96.05919647216797
1XA8,small_airport,Hackberry Airport,433,NA,US,US-TX,Chatfield,,,1XA8,1XA8,32.23249816894531, -96.39749908447266
1XA9,heliport,Life Flight North Fuel Heliport,122,NA,US,US-TX,Tomball,,,1XA9,1XA9,29.943899154663086, -95.52940368652344
1XS1,small_airport,Dunham Field,60,NA,US,US-TX,Crosby,,,1XS1,1XS1,29.93829917907715, -95.04660034179688
1XS2,small_airport,Skye Dance Airport,532,NA,US,US-TX,Elgin,,,1XS2,1XS2,30.384228, -97.426285
1XS3,heliport,John Peter Smith Health Network Heliport,756,NA,US,US-TX,Fort Worth,,,1XS3,1XS3,32.7275, -97.326111
1XS5,heliport,St. David's North Austin Medical Center Heliport,720,NA,US,US-TX,Austin,,,1XS5,1XS5,30.412915, -97.704903
1XS6,heliport,Baylor Scott & White Medical Center Hillcrest Heliport,566,NA,US,US-TX,Waco,,,1XS6,1XS6,31.489318, -97.158455
1XS8,small_airport,Pinon Ranch Airport,1640,NA,US,US-TX,Brackettville,,,1XS8,1XS8,29.63383, -100.375729
1Y3,small_airport,Judge Lewis Field Mount Ayr Municipal Airport,1265,NA,US,US-IA,Mount Ayr,,,1Y3,1Y3,40.705953, -94.220252
1Y5,small_airport,New Hampton Municipal Airport,1173,NA,US,US-IA,New Hampton,,,1Y5,1Y5,43.08720016479492, -92.34320068359375
1Y9,small_airport,Paullina Municipal Airport,1385,NA,US,US-IA,Paullina,,,1Y9,1Y9,42.98830032348633, -95.66449737548828
1Z1,small_airport,Grand Canyon Bar Ten Airstrip,4100,NA,US,US-AZ,Littlefield,,GCT,K1Z1,1Z1,36.257984, -113.231063
1Z9,seaplane_base,Ellamar Seaplane Base,0,NA,US,US-AK,Ellamar,,ELW,,1Z9,60.893818, -146.704038
20AK,small_airport,Owen Field,150,NA,US,US-AK,Big Lake,,,20AK,20AK,61.504079, -149.895591
20AL,heliport,Runkle Stagefield Army Heliport,180,NA,US,US-AL,Fort Rucker/Elba,,,20AL,20AL,31.33880043029785, -86.0916976928711
20AR,small_airport,Rak Airport,660,NA,US,US-AR,Guy,,,20AR,20AR,35.30789948, -92.32019806
20CA,heliport,Clayton Heliport,261,NA,US,US-CA,Blythe,,,20CA,20CA,33.603665, -114.644587
20CL,small_airport,Mysterious Valley Airport,1410,NA,US,US-CA,Pope Valley,,,20CL,20CL,38.749298, -122.366997
20CO,heliport,Lookout Center Field Heliport,5918,NA,US,US-CO,Golden,,,20CO,20CO,39.73465, -105.205024
20E,heliport,Valleywise Health Medical Center Heliport,1117,NA,US,US-AZ,Phoenix,,,,20E,33.456859, -112.026684
20FD,small_airport,Pratt Airport,100,NA,US,US-FL,Greenville,,,20FD,20FD,30.425500869750977, -83.57599639892578
20FL,small_airport,Lake Suzy Estates Airport,25,NA,US,US-FL,Port Charlotte,,,20FL,20FL,27.042600631713867, -82.043701171875
20GA,small_airport,Earl L. Small Jr. Field/Stockmar Airport,1110,NA,US,US-GA,Villa Rica,,,20GA,20GA,33.756500244099996, -84.88469696039999
20GE,heliport,AU Health Columbia County Hospital Heliport,400,NA,US,US-GA,Grovetown,,,20GE,20GE,33.480633, -82.187936
20IA,small_airport,Hobbes Field,850,NA,US,US-IA,Cumming,,,20IA,20IA,41.521576, -93.801634
20ID,small_airport,Harrington Airport,4200,NA,US,US-ID,Idaho City,,,20ID,20ID,43.720439, -116.005667
20II,small_airport,Kay Air Airport,651,NA,US,US-IN,Mooresville,,,20II,20II,39.58720016479492, -86.27559661865234
20IL,heliport,Palos Community Hospital Heliport,717,NA,US,US-IL,Palos Heights,,,20IL,20IL,41.66913, -87.812392
20IN,small_airport,Canary's Airport,760,NA,US,US-IN,Franklin,,,20IN,20IN,39.51390075683594, -86.05139923095703
20IS,small_airport,Mitek Airport,777,NA,US,US-IL,Winslow,,,20IS,20IS,42.49720001220703, -89.79180145263672
20K,small_airport,Quail Creek Airport,1550,NA,US,US-AK,Quail Creek,,,20K,20K,65.353996, -149.761993
20KS,small_airport,Wingit Field,1338,NA,US,US-KS,Augusta,,,97KS,97KS,37.675657, -96.885781
20KY,small_airport,Madi's Meadows Airport,880,NA,US,US-KY,Verona,,,20KY,20KY,38.815704, -84.674006
20LA,heliport,Leonard J. Chabert Medical Center Heliport,5,NA,US,US-LA,Houma,,,20LA,20LA,29.569178, -90.687503
20LL,heliport,Abraham Lincoln Memorial Hospital Heliport,583,NA,US,US-IL,Lincoln,,,20LL,20LL,40.153042, -89.390726
20LS,small_airport,Clark Field,62,NA,US,US-LA,Zachary,,,LA15,LA15,30.623949, -91.032427
20MA,heliport,WCVB-TV Heliport,157,NA,US,US-MA,Needham,,,20MA,20MA,42.304154, -71.227058
20MD,heliport,Anne Arundel Medical Center Heliport,170,NA,US,US-MD,Annapolis,,,20MD,20MD,38.99052, -76.534243
20ME,heliport,Jerry Douglass Heliport,252,NA,US,US-ME,Lisbon,,,20ME,20ME,44.058333, -70.098611
20MI,heliport,Hawks Landing Heliport,613,NA,US,US-MI,Marine City,,,20MI,20MI,42.71206, -82.588502
20MO,small_airport,Royal Wood Aerodrome,860,NA,US,US-MO,Kearney,,,20MO,20MO,39.358299255371094, -94.31690216064453
20MS,small_airport,Dixon Airport,280,NA,US,US-MS,Barlow,,,20MS,20MS,31.831118, -90.654598
20MT,small_airport,Prevost Airport,2348,NA,US,US-MT,Lambert,,,20MT,20MT,47.69646, -104.60156
20NC,small_airport,Mountain View Airport,1020,NA,US,US-NC,Sherrills Ford,,,20NC,20NC,35.59239959716797, -81.05590057373047
20ND,small_airport,Crooked Lake Airstrip,1900,NA,US,US-ND,Turtle Lake,,,20ND,20ND,47.653900146484375, -100.89099884033203
20NE,heliport,Bryan Memorial Hospital Heliport,1186,NA,US,US-NE,Lincoln,,,20NE,20NE,40.79610061645508, -96.6521987915039
20NJ,heliport,Liberty National Golf Club Heliport,45,NA,US,US-NJ,Jersey City,,,20NJ,20NJ,40.698194, -74.072417
20NR,heliport,Atrium Health Waxhaw Heliport,588,NA,US,US-NC,Waxhaw,,,20NR,20NR,34.963055, -80.7635
20NY,small_airport,Stafford Airport,891,NA,US,US-NY,Le Roy,,,20NY,20NY,43.005303, -78.039572
20OI,heliport,Medcenter Hospital Heliport,985,NA,US,US-OH,Marion,,,20OI,20OI,40.569801330566406, -83.12020111083984
20OR,small_airport,Warner's Airport,325,NA,US,US-OR,Redland,,,20OR,20OR,45.29725, -122.47517
20PN,heliport,Msd Landing Area Heliport,350,NA,US,US-PA,West Point,,,20PN,20PN,40.21369934082031, -75.30819702148438
20SD,small_airport,Lutgen Airport,1764,NA,US,US-SD,White,,,20SD,20SD,44.448888, -96.505786
20TA,small_airport,Mag Drop Airport,740,NA,US,US-TX,Bells,,,20TA,20TA,33.55998, -96.407704
20TE,small_airport,Reece Ranch Airport,880,NA,US,US-TX,Itasca,,,20TE,20TE,32.19599914550781, -97.08920288085938
20TN,heliport,Knox County Sheriffs Office Heliport,1100,NA,US,US-TN,Knoxville,,,20TN,20TN,36.0886001587, -83.84420013430001
20TS,small_airport,Bains Private Airport,1420,NA,US,US-TX,Bandera,,,20TS,20TS,29.809900283813477, -99.06809997558594
20TT,small_airport,Gone With the Wind Airport,1061,NA,US,US-TX,Liberty Hill,,,20TT,20TT,30.753859, -97.961767
20TX,heliport,Peterson Regional Medical Center Heliport,1639,NA,US,US-TX,Kerrville,,,20TX,20TX,30.043611, -99.151111
20UT,heliport,Mountain West Medical Center Heliport,4729,NA,US,US-UT,Tooele,,,20UT,20UT,40.566001, -112.296984
20VA,small_airport,Woodford Airpark,245,NA,US,US-VA,Woodford,,,20VA,20VA,38.082401, -77.488297
20VG,small_airport,Hawk Ridge Airport,760,NA,US,US-VA,Bedford,,,20VG,20VG,37.288700103759766, -79.4468994140625
20WI,small_airport,Harju Airport,800,NA,US,US-WI,Redgranite,,,20WI,20WI,44.021400451660156, -89.07929992675781
20XA,heliport,St Luke's Hospital at the Vintage Heliport,123,NA,US,US-TX,Houston,,,20XA,20XA,29.990094, -95.5681
20XS,small_airport,Klutts Field,495,NA,US,US-TX,Chisholm,,,20XS,20XS,32.83539962768555, -96.37799835205078
21AK,small_airport,Montana Creek Airport,250,NA,US,US-AK,Talkeetna,,,21AK,21AK,62.082611, -150.066931
21AL,heliport,Skelly Stagefield Army Heliport,220,NA,US,US-AL,Fort Rucker/Opp,,,21AL,21AL,31.287700653076172, -86.13009643554688
21AR,small_airport,Skarda / Tollville Airport,218,NA,US,US-AR,De Valls Bluff,,,21AR,21AR,34.717021, -91.539776
21AZ,small_airport,White Mountain Lake Airport,6066,NA,US,US-AZ,Show Low,,,21AZ,21AZ,34.350877, -109.964046
21CA,heliport,CRC-Huntington Beach Heliport,40,NA,US,US-CA,Huntington Beach,,,21CA,21CA,33.683833, -118.031778
21CL,heliport,Sheriff's Heliport,2367,NA,US,US-CA,Lancaster,,,21CL,21CL,34.70000076293945, -118.05899810791016
21CN,heliport,Vermont Corridor County Admin Emergency Helicopter Landing Facility,544,NA,US,US-CA,Los Angeles,,,21CN,21CN,34.064632, -118.291104
21FD,closed,Land's Field,100,NA,US,US-FL,Marianna,,,,,30.695063, -85.312976
21FL,small_airport,Kings Field,98,NA,US,US-FL,Clermont,,,21FL,21FL,28.50860023498535, -81.80030059814453
21GA,heliport,Piedmont Hospital-Newnan Heliport,930,NA,US,US-GA,Newnan,,,21GA,21GA,33.3926010132, -84.817199707
21GE,small_airport,Deer Crossing Airport,1390,NA,US,US-GA,Cleveland,,,21GE,21GE,34.54970169067383, -83.82219696044922
21H,seaplane_base,Skyline Seaplane Base,,NA,US,US-WA,Anacortes,,,,21H,48.489077, -122.676773
21ID,heliport,Nordman / Phillabaum Heliport,2440,NA,US,US-ID,,,,21ID,,48.631483378700004, -116.871174574
21II,heliport,The King's Daughters' Heliport,531,NA,US,US-IN,Madison,,,21II,21II,38.739200592041016, -85.38159942626953
21IL,heliport,Sarah Bush Lincoln Health Center Heliport,702,NA,US,US-IL,Mattoon,,,21IL,21IL,39.48889923095703, -88.27330017089844
21JY,seaplane_base,Soaring Sun Seaplane Base,,NA,US,US-NJ,Harvey Cedars,,,21JY,21JY,39.70000076293945, -74.15280151367188
21KS,heliport,University of Kansas Health System St Francis Heliport,1114,NA,US,US-KS,Topeka,,,21KS,21KS,39.056592, -95.695708
21KY,small_airport,Lincoln Farm Airport,780,NA,US,US-KY,Hodgenville,,,21KY,21KY,37.537601470947266, -85.73750305175781
21LA,small_airport,Southern Helicopters Airport,28,NA,US,US-LA,Baton Rouge,,,21LA,21LA,30.296899795532227, -91.21499633789062
21LS,small_airport,Solitude Airstrip,181,NA,US,US-LA,St Francisville,,,21LS,21LS,30.870399475097656, -91.43109893798828
21M,seaplane_base,Currier's Seaplane Base,1028,NA,US,US-ME,Greenville Junction,,,21M,21M,45.462501525878906, -69.61949920654297
21MA,heliport,Advance Materials Corp Heliport,1000,NA,US,US-MA,Pittsfield,,,21MA,21MA,42.45539855957031, -73.20230102539062
21MI,heliport,Adams Heliport,970,NA,US,US-MI,Orchard Lake,,,21MI,21MI,42.571982, -83.390558
21MS,small_airport,Blythe Bayou Farms Airport,209,NA,US,US-MS,Lake Cormorant,,,21MS,21MS,34.912015, -90.213564
21MT,small_airport,Harris Runway Airport,4582,NA,US,US-MT,Bozeman,,,21MT,21MT,45.747841, -111.072664
21MU,small_airport,The Peninsula Airport,1015,NA,US,US-MO,Shell Knob,,,21MU,21MU,36.56489944458008, -93.50959777832031
21N,small_airport,Mattituck Airport,30,NA,US,US-NY,Mattituck,,,21N,21N,40.987598, -72.518997
21NC,heliport,Isbell Heliport,12,NA,US,US-NC,Hertford,,,21NC,21NC,36.18669891357422, -76.27940368652344
21ND,small_airport,Rosenau Airport,1450,NA,US,US-ND,Upham,,,21ND,21ND,48.58219909667969, -100.8550033569336
21NH,small_airport,Propwash Airport,190,NA,US,US-NH,Kensington,,,21NH,21NH,42.916900634765625, -70.935302734375
21NK,small_airport,Don Kichote-Quixote Airport,1750,NA,US,US-NY,Morris,,,21NK,21NK,42.552799, -75.191102
21NR,heliport,Swan Beach Fire Heliport,12,NA,US,US-NC,Corolla,,,21NR,21NR,36.435172, -75.843211
21OG,small_airport,Ames Airport,720,NA,US,US-OR,Jefferson,,,21OG,21OG,44.771806, -122.970743
21OH,heliport,Lodi Community Hospital Heliport,1130,NA,US,US-OH,Lodi,,,21OH,21OH,41.0359001159668, -82.01429748535156
21OI,small_airport,Clearwater Airpark,905,NA,US,US-OH,Batavia,,,21OI,21OI,39.128101, -84.092697
21OK,heliport,Triad Eye Medical Clinic Heliport,725,NA,US,US-OK,Tulsa,,,21OK,21OK,36.07429885864258, -95.88719940185547
21PN,heliport,Carlisle Regional Medical Center,1115,NA,US,US-PA,Carlisle,,,21PN,21PN,40.183331, -77.222808
21SC,small_airport,Graham Airport,154,NA,US,US-SC,Darlington,,,21SC,21SC,34.347900390625, -79.87999725341797
21TA,heliport,Cypress Fairbanks Medical Center Heliport,125,NA,US,US-TX,Houston,,,21TA,21TA,29.928028, -95.588944
21TE,small_airport,Seaberg Ranch Airport,68,NA,US,US-TX,Dayton,,,,,30.012699, -94.924103
21TS,heliport,Baycoast Medical Center Heliport,30,NA,US,US-TX,Baytown,,,21TS,21TS,29.747396, -94.947011
21TT,small_airport,William Noble Higgins Memorial Aerodrome,362,NA,US,US-TX,Normangee,,,21TT,21TT,30.96584, -96.167701
21VA,small_airport,Eagles Nest Airport,40,NA,US,US-VA,Cape Charles,,,21VA,21VA,37.303382, -75.93574
21W,small_airport,Ranger Creek State Airport,2650,NA,US,US-WA,Greenwater,,,,21W,47.012901, -121.533997
21WA,heliport,St Joseph Community Hospital Heliport,313,NA,US,US-WA,Vancouver,,,21WA,21WA,45.62480163574219, -122.57599639892578
21WI,heliport,Hudson Hospital & Clinic Heliport,858,NA,US,US-WI,Hudson,,,21WI,21WI,44.962399, -92.717795
21XS,small_airport,Houston Airpark,48,NA,US,US-TX,Houston,,,21XS,21XS,29.519727, -95.27453
22AL,heliport,Stinson Stagefield Army Heliport,379,NA,US,US-AL,Fort Rucker/New Brockton,,,22AL,22AL,31.36079978942871, -86.01370239257812
22AR,heliport,Willow Creek Women's Hospital Heliport,1194,NA,US,US-AR,Johnson,,,22AR,22AR,36.1349983215332, -94.185302734375
22AZ,heliport,Western Arizona Regional Medical Center Heliport,925,NA,US,US-AZ,Bullhead City,,,22AZ,22AZ,35.111356, -114.554304
22CA,seaplane_base,Commodore Center Seaplane Base,,NA,US,US-CA,Mill Valley,,,22CA,22CA,37.878893, -122.512697
22CD,heliport,Platte Valley Medical Center Heliport,5115,NA,US,US-CO,Brighton,,,22CD,22CD,39.96603, -104.76745
22CL,small_airport,Double Tree Farm Airport,550,NA,US,US-CA,Marysville,,,22CL,22CL,39.29990005493164, -121.35900115966797
22CN,heliport,ABC-TV Heliport,422,NA,US,US-CA,Los Angeles,,,22CN,22CN,34.103466, -118.279366
22CO,small_airport,Flying E Airport,5100,NA,US,US-CO,Brighton,,,22CO,22CO,39.958057403599994, -104.485557556
22D,small_airport,Bandel Airport,1210,NA,US,US-PA,Eighty Four,,,,22D,40.1306, -80.096199
22FA,small_airport,Hidden River Airport,47,NA,US,US-FL,Sarasota,,,22FA,22FA,27.3031005859375, -82.27259826660156
22FD,heliport,HCA Florida Northwest Rehabilitation Center Heliport,13,NA,US,US-FL,Destin,,,22FD,22FD,30.393889, -86.471389
22FL,heliport,AdventHealth Sandlake Helistop,103,NA,US,US-FL,Orlando,,,22FL,22FL,28.451733, -81.411942
22GA,small_airport,Riverside Airport,620,NA,US,US-GA,Fairmount,,,22GA,22GA,34.429298, -85.054398
22GE,heliport,Hawks Ridge Heliport,1121,NA,US,US-GA,Ball Ground,,,22GE,22GE,34.257778, -84.274444
22HI,heliport,Maui Memorial Medical Heliport,,OC,US,US-HI,Wailuku,,,22HI,22HI,20.885242, -156.490352
22IA,heliport,Marengo Memorial Hospital Heliport,739,NA,US,US-IA,Marengo,,,22IA,22IA,41.802079, -92.072296
22ID,small_airport,Treasure Gulch Airport,4350,NA,US,US-ID,Placerville,,,22ID,22ID,43.944698333740234, -115.94100189208984
22II,small_airport,Lewis Airport,370,NA,US,US-IN,Mount Vernon,,,22II,22II,37.917185, -87.761428
22IL,small_airport,Heller Airport,820,NA,US,US-IL,Galena,,,22IL,22IL,42.412795, -90.399606
22IS,small_airport,Johnson Farm Airport,535,NA,US,US-IL,Carman,,,22IS,22IS,40.726200103759766, -91.06990051269531
22JY,heliport,Hess State Street Heliport,10,NA,US,US-NJ,Perth Amboy,,,22JY,22JY,40.54059982299805, -74.25689697265625
22KS,heliport,St Francis Regional Medical Center Heliport,1382,NA,US,US-KS,Wichita,,,22KS,22KS,37.70000076293945, -97.33280181884766
22KY,heliport,Churchill Downs Heliport,455,NA,US,US-KY,Louisville,,,22KY,22KY,38.20280075073242, -85.76969909667969
22LA,small_airport,WD Flyers Airport,48,NA,US,US-LA,Simmesport,,,22LA,22LA,30.997228, -91.882277
22LS,small_airport,Couvillion Airport,29,NA,US,US-LA,Arnaudville,,,22LS,22LS,30.39780044555664, -91.9738998413086
22MA,heliport,Poole's Heliport,45,NA,US,US-MA,Rockport,,,22MA,22MA,42.636199951171875, -70.61869812011719
22MD,small_airport,Laura's Landing Airport,550,NA,US,US-MD,Hagerstown,,,22MD,22MD,39.58689880371094, -77.6449966430664
22ME,heliport,Bar Harbor Heliport,35,NA,US,US-ME,Bar Harbor,,,22ME,22ME,44.381672, -68.203942
22MI,heliport,Munson Medical Center Heliport,629,NA,US,US-MI,Traverse City,,,22MI,22MI,44.76060104370117, -85.64399719238281
22MO,small_airport,Belly Acres Ranch Airport,1285,NA,US,US-MO,Mountain Grove,,,22MO,22MO,37.261199951171875, -92.3667984008789
22MS,small_airport,Sky Landings Airport,260,NA,US,US-MS,Lucedale,,,22MS,22MS,30.836486, -88.57056
22MT,small_airport,Wounded Buck Ranch Airport,2905,NA,US,US-MT,Kalispell,,,22MT,22MT,48.128342, -114.16975
22NA,heliport,Davis Regional Heliport,865,NA,US,US-NC,Statesville,,,22NA,22NA,35.818417, -80.830417
22NC,small_airport,Flint Ridge Airport,650,NA,US,US-NC,Siler City,,,22NC,22NC,35.821098, -79.4683
22NK,heliport,Alstar North Heliport,580,NA,US,US-NY,Dunkirk,,,22NK,22NK,42.4827995300293, -79.3292007446289
22NV,heliport,Humboldt General Hospital EMS Heliport,4336,NA,US,US-NV,Winnemucca,,,22NV,22NV,40.972073, -117.728859
22NY,heliport,New York State Police Troop A Headquarters Heliport,903,NA,US,US-NY,Batavia,,,22NY,22NY,43.031349, -78.186543
22OG,small_airport,Withrotor Airport,4920,NA,US,US-OR,Lakeview,,,22OG,22OG,42.27539825439453, -120.39399719238281
22OH,heliport,Galenstein Park Heliport,825,NA,US,US-OH,Blue Ash,,,22OH,22OH,39.260101318359375, -84.3644027709961
22OK,small_airport,Smith Field,860,NA,US,US-OK,Springer,,,22OK,22OK,34.315161, -97.177492
22OR,small_airport,Iron Crown Airport,790,NA,US,US-OR,Silverton,,,22OR,22OR,44.94179916381836, -122.76300048828125
22PA,heliport,Uniontown Hospital Heliport,1115,NA,US,US-PA,Uniontown,,,22PA,22PA,39.900901794433594, -79.74479675292969
22PN,heliport,St. Joseph Medical Center Heliport,326,NA,US,US-PA,Reading,,,22PN,22PN,40.375833, -75.979722
22PS,heliport,Montrose High School Heliport,1740,NA,US,US-PA,Montrose,,,22PS,22PS,41.843419, -75.842586
22SC,heliport,Spartanburg Regional Medical Center Heliport,800,NA,US,US-SC,Spartanburg,,,22SC,22SC,34.96780014038086, -81.94110107421875
22TE,small_airport,Fenner Ranch Airport,126,NA,US,US-TX,Cordele,,,22TE,22TE,29.193300247192383, -96.68910217285156
22TN,heliport,Julkev Heliport,500,NA,US,US-TN,Gallatin,,,22TN,22TN,36.38719940185547, -86.56330108642578
22TS,heliport,Gray Steel Heliport,100,NA,US,US-TX,Houston,,,22TS,22TS,29.791041, -95.438761
22TX,heliport,South Austin Medical Center Heliport,687,NA,US,US-TX,Austin,,,22TX,22TX,30.225399, -97.774276
22UT,small_airport,Larkspur Airstrip,,NA,US,US-UT,Big Water,,,22UT,22UT,37.025837, -111.629156
22VA,heliport,Wythe County Community Hospital Heliport,2500,NA,US,US-VA,Wytheville,,,22VA,22VA,36.95009994506836, -81.08309936523438
22VT,heliport,Northeastern Vermont Regional Hospital Heliport,766,NA,US,US-VT,Johnsbury,,,22VT,22VT,44.446359, -72.010503
22WA,small_airport,Gollehon Airport,2360,NA,US,US-WA,Wilbur,,,22WA,22WA,47.8202018737793, -118.68699645996094
22WI,heliport,Community Memorial Hospital Heliport,720,NA,US,US-WI,Oconto Falls,,,22WI,22WI,44.8650016784668, -88.12840270996094
22WN,small_airport,Southwind Airport,1030,NA,US,US-WI,Dodgeville,,,22WN,22WN,43.068599700927734, -90.21949768066406
22WV,heliport,Grafton City Hospital Heliport,1271,NA,US,US-WV,Grafton,,,22WV,22WV,39.34360122680664, -80.0291976928711
22WY,small_airport,Kissack/Reynolds Airport,4380,NA,US,US-WY,Rozet,,,22WY,22WY,44.338056, -105.162117
22XS,small_airport,Longhorn Auxiliary Landing Strip,720,NA,US,US-TX,Fort Cavazos,,,22XS,22XS,31.373693, -97.666654
23AK,small_airport,Yuknis Airport,340,NA,US,US-AK,Wasilla,,,23AK,23AK,61.59410095214844, -149.31100463867188
23AL,heliport,Tabernacle Stagefield Army Heliport,470,NA,US,US-AL,Fort Rucker/Ozark,,,23AL,23AL,31.46500015258789, -85.84629821777344
23AR,small_airport,Classic Airstrip,260,NA,US,US-AR,Jonesboro,,,23AR,23AR,35.825968, -90.548773
23AZ,small_airport,Moreton Airpark,2455,NA,US,US-AZ,Wickenburg,,,23AZ,23AZ,34.019500732421875, -112.82599639892578
23CD,small_airport,Aviation Acres Airport,4210,NA,US,US-CO,Burlington,,,23CD,23CD,39.297425, -102.321222
23CL,heliport,Los Angeles County Men's Detention Center Main Jail Heliport,352,NA,US,US-CA,Los Angeles,,,23CL,23CL,34.06144, -118.228068
23CO,small_airport,High Mesa Airport,6000,NA,US,US-CO,Rush,,,23CO,23CO,38.84389877319336, -103.98999786376953
23CT,heliport,Blanchette Heliport,500,NA,US,US-CT,Burlington,,,23CT,23CT,41.7859001159668, -72.9312973022461
23D,small_airport,Karlstad Municipal Airport,1025,NA,US,US-MN,Karlstad,,,23D,23D,48.57737, -96.541348
23DE,small_airport,Full Throttle Farm Airport,81,NA,US,US-DE,Clayton,,,23DE,23DE,39.312567, -75.728983
23FA,heliport,Doral Ocean Beach Resort Heliport,3,NA,US,US-FL,Miami Beach,,,23FA,23FA,25.824588, -80.12246
23FL,small_airport,Gyro Town Usa STOLport,65,NA,US,US-FL,Wimauma,,,23FL,23FL,27.68440055847168, -82.24420166015625
23GA,heliport,Hartrampf Heliport,1038,NA,US,US-GA,Roswell,,,23GA,23GA,33.989498138427734, -84.33209991455078
23GE,small_airport,Lt Landing Airport,286,NA,US,US-GA,Dublin,,,23GE,23GE,32.383056, -83.1
23IA,heliport,Shenandoah Hospital Heliport,1039,NA,US,US-IA,Shenandoah,,,23IA,23IA,40.75279998779297, -95.368896484375
23ID,small_airport,Southfork Airport,5612,NA,US,US-ID,Feathervlle,,,23ID,23ID,43.648265, -114.9046972
23IL,heliport,Amita Health-Alexian Brothers Medical Center Heliport,707,NA,US,US-IL,Elk Grove Village,,,23IL,23IL,42.004744, -88.017907
23IN,heliport,J W Riley Hospital For Children Heliport,787,NA,US,US-IN,Indianapolis,,,23IN,23IN,39.77690124511719, -86.18060302734375
23IS,small_airport,Clark Airport,570,NA,US,US-IL,Plymouth,,,23IS,23IS,40.325682, -90.827633
23JY,heliport,The Plant Place Heliport,99,NA,US,US-NJ,Clayton,,,,23JY,39.657901763916, -75.070098876953
23KS,small_airport,Ney Ultralight Flightpark,963,NA,US,US-KS,Bonner Springs,,,,5KS9,39.070121, -94.948987
23KY,small_airport,Barnes Farm Airport,500,NA,US,US-KY,Burna,,,23KY,23KY,37.23080062866211, -88.318603515625
23LA,small_airport,Warner-Thunder Hill Airport,185,NA,US,US-LA,Covington,,,23LA,23LA,30.630199432373047, -90.07949829101562
23LL,heliport,Rotor Swing Heliport,750,NA,US,US-IL,Palatine,,,23LL,23LL,42.16780090332031, -88.02649688720703
23MA,heliport,Westford Regency Heliport,255,NA,US,US-MA,Westford,,,23MA,23MA,42.5630989074707, -71.431396484375
23MD,seaplane_base,Breezecroft Seaplane Base,10,NA,US,US-MD,Chestertown,,,23MD,23MD,39.25559997558594, -76.20690155029297
23MN,small_airport,High Grove Airport,1240,NA,US,US-MN,Preston,,,23MN,23MN,43.6411018371582, -92.02210235595703
23MS,small_airport,Smith Farms Airport,48,NA,US,US-MS,Moss Point,,,23MS,23MS,30.677393, -88.551247
23MT,small_airport,Waterfall Airport,4950,NA,US,US-MT,Bozeman,,,23MT,23MT,45.65719985961914, -111.04000091552734
23N,small_airport,Bayport Aerodrome,41,NA,US,US-NY,Bayport,,,,23N,40.75804, -73.052716
23NC,heliport,Duplin General Hospital Heliport,126,NA,US,US-NC,Kenansville,,,23NC,23NC,34.964698791503906, -77.96170043945312
23ND,small_airport,Minnkota Private Airport,2110,NA,US,US-ND,Center,,,23ND,23ND,47.08219909667969, -101.26699829101562
23NH,small_airport,Windswept Airport,1289,NA,US,US-NH,Windsor,,,23NH,23NH,43.13029861, -72.01499939
23NJ,small_airport,Alliance Airport,110,NA,US,US-NJ,Pittsgrove,,,23NJ,23NJ,39.50469970703125, -75.09310150146484
23NK,small_airport,Long Acre Farms Airport,520,NA,US,US-NY,Macedon,,,23NK,23NK,43.11249923706055, -77.3125
23NR,small_airport,Whitfield's East Airport,1,NA,US,US-NC,Fairfield,,,23NR,23NR,35.560934, -76.232415
23NY,small_airport,Jolamtra Landing Area Airport,1700,NA,US,US-NY,Bath,,,23NY,23NY,42.27980041503906, -77.33999633789062
23OI,heliport,Associated Enterprises Heliport,664,NA,US,US-OH,Painesville,,,23OI,23OI,41.70669937133789, -81.2748031616211
23OK,heliport,Lindsay Municipal Hospital Heliport,990,NA,US,US-OK,Lindsay,,,23OK,23OK,34.838891, -97.626911
23OR,heliport,Saxon's Heliport,400,NA,US,US-OR,Springfield,,,23OR,23OR,44.04679870605469, -122.9520034790039
23PA,small_airport,Cedar Acres Private Group Airport,500,NA,US,US-PA,Revere,,,23PA,23PA,40.500099182128906, -75.14679718017578
23PN,heliport,Penn Highlands Clearfield Heliport,1160,NA,US,US-PA,Clearfield,,,23PN,23PN,41.034006, -78.450147
23PS,heliport,Constellation Heliport,399,NA,US,US-PA,Kennett Square,,,23PS,23PS,39.853683, -75.699519
23S,small_airport,Seeley Lake Airport,4235,NA,US,US-MT,Seeley Lake,,,23S,23S,47.179100036621094, -113.44499969482422
23TA,small_airport,Rowland R Airfield,705,NA,US,US-TX,Whitewright,,,23TA,23TA,33.487301, -96.455803
23TE,heliport,Texas Regional Medical Center Heliport,492,NA,US,US-TX,Sunnyvale,,,23TE,23TE,32.78, -96.568056
23TN,heliport,Copper Basin Medical Center Heliport,1691,NA,US,US-TN,Copperhill,,,23TN,23TN,35.027031, -84.384986
23TS,small_airport,Bertani Ranch Airport,1110,NA,US,US-TX,Del Rio,,,23TS,23TS,29.422700881958008, -100.73899841308594
23TX,small_airport,The Grove Ranch Airport,700,NA,US,US-TX,Gatesville,,,23TX,23TX,31.245072, -97.531617
23VA,small_airport,Wheatland Airport,490,NA,US,US-VA,Buckingham,,,23VA,23VA,37.556894, -78.620181
23VG,small_airport,Murdock's Holly Bu Airport,465,NA,US,US-VA,Boydton,,,23VG,23VG,36.70970153808594, -78.4281005859375
23VT,small_airport,North Windham Airport,1750,NA,US,US-VT,Londonderry,,,23VT,23VT,43.221500396728516, -72.71289825439453
23WA,heliport,Bcag - Frederickson Heliport,416,NA,US,US-WA,Puyallup,,,23WA,23WA,47.082599639899996, -122.347000122
23WI,heliport,Black River Memorial Hospital Heliport,850,NA,US,US-WI,Black River Falls,,,23WI,23WI,44.30400085449219, -90.85459899902344
23WN,small_airport,Willie's Airport,1110,NA,US,US-WI,Springbrook,,,23WN,23WN,45.91109848022461, -91.62850189208984
23WS,heliport,Columbia St Mary's Heliport,895,NA,US,US-WI,Milwaukee,,,23WS,23WS,43.06096, -87.88053
23WV,small_airport,Bocamanu Airport,2501,NA,US,US-WV,Fayetteville,,,23WV,23WV,38.025833, -80.982778
23WY,heliport,St John'S Medical Center Heliport,6200,NA,US,US-WY,Jackson,,,23WY,23WY,43.48, -110.761944
23XS,small_airport,Shorthorn Auxiliary Landing Strip,720,NA,US,US-TX,Fort Cavazos,,,23XS,23XS,31.360727, -97.672871
24AK,small_airport,Toad Lake Strip,100,NA,US,US-AK,Meadow Lakes,,,24AK,24AK,61.616313, -149.706183
24AL,heliport,Toth Stagefield Army Heliport,318,NA,US,US-AL,Fort Rucker/Dothan,,,24AL,24AL,31.228725, -85.55917
24AR,small_airport,Griffin Agricultural Airport,200,NA,US,US-AR,Lundell,,,24AR,24AR,34.201022, -90.952267
24AZ,small_airport,Pleasant Valley Airstrip,5688,NA,US,US-AZ,Young,,,24AZ,24AZ,34.15810012817383, -110.93499755859375
24C,small_airport,Lowell City Airport,681,NA,US,US-MI,Lowell,,,24C,24C,42.953899, -85.343903
24CA,heliport,Mesa Heliport,1520,NA,US,US-CA,La Cañada Flintridge,,,24CA,24CA,34.2047, -118.170998
24CD,heliport,Michigan River Ranch Heliport,8620,NA,US,US-CO,Walden,,,24CD,24CD,40.567914, -106.060647
24CL,small_airport,Boswell Airport,205,NA,US,US-CA,Corcoran,,,24CL,24CL,36.088444, -119.541392
24CO,closed,Building 910 Heliport,5150,NA,US,US-CO,Boulder,,,,,40.066399, -105.206001
24CT,small_airport,Bee Field,280,NA,US,US-CT,Jewett City,,,24CT,24CT,41.582234, -71.968226
24FL,small_airport,Garcon Field,16,NA,US,US-FL,Milton,,,24FL,24FL,30.495574, -87.086821
24GA,heliport,Caleb Heliport,960,NA,US,US-GA,Snellville,,,24GA,24GA,33.78120040893555, -84.01460266113281
24IA,small_airport,Isley Field,982,NA,US,US-IA,Cedar Falls,,,24IA,24IA,42.51580047607422, -92.5197982788086
24ID,small_airport,Flying Z Ranch Airport,6223,NA,US,US-ID,Challis,,,24ID,24ID,44.453611, -113.661944
24II,heliport,Good Samaritan Hospital Heliport,420,NA,US,US-IN,Vincennes,,,24II,24II,38.67250061035156, -87.54219818115234
24IL,heliport,City of Geneseo Heliport,640,NA,US,US-IL,Geneseo,,,24IL,24IL,41.477500915527344, -90.15779876708984
24IN,small_airport,Kenstin Manor Airport,658,NA,US,US-IN,Helmsburg,,,,24IN,39.262813, -86.289003
24IS,heliport,Stauss Hospital - Galena Heliport,780,NA,US,US-IL,Galena,,,24IS,24IS,42.42110061649999, -90.4383010864
24K,small_airport,Krassel US Forest Service Airport,3982,NA,US,US-ID,Mc Call,,,24K,24K,44.9743003845, -115.730003357
24KY,small_airport,Williams Farm Airport,415,NA,US,US-KY,Mortons Gap,,,24KY,24KY,37.21670150756836, -87.43060302734375
24LL,small_airport,Lambert Airport,510,NA,US,US-IL,Pinckneyville,,,24LL,24LL,38.085932, -89.460326
24LS,heliport,Midstream Cameron West Heliport,4,NA,US,US-LA,Cameron,,,24LS,24LS,29.799699783325195, -93.34940338134766
24M,small_airport,Wilderness Airpark,785,NA,US,US-MI,Kent City,,,24M,24M,43.24470138549805, -85.71170043945312
24MA,heliport,Barre-Bassett Heliport,900,NA,US,US-MA,Barre,,,24MA,24MA,42.4359016418457, -72.0967025756836
24MD,heliport,Marriott Parking Garage Rooftop Heliport,100,NA,US,US-MD,Baltimore,,,24MD,24MD,39.283199, -76.601997
24ME,small_airport,Slip Knot Landing Airport,310,NA,US,US-ME,Windham,,,24ME,24ME,43.822200775146484, -70.44280242919922
24MN,small_airport,Bergemann Airport,1001,NA,US,US-MN,Garden City,,,24MN,24MN,44.00410079956055, -94.1780014038086
24MO,small_airport,Mistwood Airport,760,NA,US,US-MO,Camdenton,,,24MO,24MO,38.132717, -92.830718
24MT,small_airport,Haggerty Airport,5170,NA,US,US-MT,Bozeman,,,24MT,24MT,45.61940002441406, -111.09200286865234
24NC,small_airport,Mc Gee Field,550,NA,US,US-NC,Monroe,,,24NC,24NC,35.1272010803, -80.47499847410002
24NE,small_airport,Orr Airport,3827,NA,US,US-NE,Lakeside,,,24NE,24NE,42.3838996887207, -102.43900299072266
24NH,heliport,Wicks Heliport,800,NA,US,US-NH,Westmoreland,,,24NH,24NH,42.943611, -72.484444
24NJ,heliport,Central Jersey Bank Heliport,100,NA,US,US-NJ,Freehold,,,,24NJ,40.244598388672, -74.284301757812
24NK,heliport,Jet-Line Products Heliport,10,NA,US,US-NY,Islandia,,,24NK,24NK,40.785499572753906, -73.17539978027344
24OI,small_airport,Reeds Airport,1200,NA,US,US-OH,St Paris,,,24OI,24OI,40.07780075073242, -83.89720153808594
24OK,heliport,SSM Health St Anthony Hospital-Shawnee Heliport,964,NA,US,US-OK,Seminole,,,24OK,24OK,35.244862, -96.697758
24OR,closed,Beaverton Corporate Center Heliport,175,NA,US,US-OR,Beaverton,,,,,45.495098, -122.827003
24PA,small_airport,Kindelberger Landing Strip,1140,NA,US,US-PA,Freedom,,,24PA,24PA,40.69169998168945, -80.17780303955078
24PN,heliport,A.H. Butz Downtown Allentown Heliport,456,NA,US,US-PA,Allentown,,,24PN,24PN,40.601056, -75.475083
24S,small_airport,Pinehurst State Airport,3638,NA,US,US-OR,Pinehurst,,,24S,24S,42.110198974609375, -122.38300323486328
24SC,small_airport,The Farm Airport,580,NA,US,US-SC,Summit,,,24SC,24SC,33.93579864501953, -81.42970275878906
24TA,small_airport,Moore Ranch Airport,315,NA,US,US-TX,Centerville,,,24TA,24TA,31.213199615478516, -95.82749938964844
24TE,heliport,Police Helicopter Patrol Heliport,63,NA,US,US-TX,Houston,,,24TE,24TE,29.64859962463379, -95.27410125732422
24TS,heliport,Medical Center North Hills Heliport,561,NA,US,US-TX,North Richland Hills,,,24TS,24TS,32.826401, -97.212797
24TX,small_airport,Thurber Lake Airport,1092,NA,US,US-TX,Mingus,,,24TX,24TX,32.502202, -98.393744
24UT,heliport,Intermountain Health Hurricane Heliport,3248,NA,US,US-UT,Hurricane,,,24UT,24UT,37.177744, -113.332189
24VA,small_airport,Cherrystone Airport,14,NA,US,US-VA,Cape Charles,,,24VA,24VA,37.287951, -75.999835
24WA,heliport,Othello Community Hospital Heliport,1038,NA,US,US-WA,Othello,,,24WA,24WA,46.82609939575195, -119.16899871826172
24WI,small_airport,Irlbeck Airport,990,NA,US,US-WI,Somerset,,,24WI,24WI,45.09550094604492, -92.67379760742188
24WN,small_airport,Prairie View Farm Airport,890,NA,US,US-WI,Lake Geneva,,,24WN,24WN,42.554205, -88.429714
24XA,small_airport,Cross-B Airport,530,NA,US,US-TX,San Antonio,,,24XA,24XA,29.320969, -98.370294
25AA,small_airport,Skyflight Airport,89,NA,US,US-AK,Fairbanks,,,25AA,25AA,64.928467, -147.879778
25AK,small_airport,Honeybee Lake Aero Park Airport,200,NA,US,US-AK,Willow,,,25AK,25AK,61.712699, -150.066005
25AL,heliport,Lucas Army Heliport,336,NA,US,US-AL,Fort Rucker/Goodman,,,25AL,25AL,31.269899368286133, -86.04090118408203
25AZ,small_airport,Mystery Well Ranch Airport,4173,NA,US,US-AZ,Portal,,,25AZ,25AZ,31.809897, -109.058619
25CA,small_airport,Loma Madera Ranch Airport,3375,NA,US,US-CA,Santa Ysabel,,,25CA,25CA,33.17919921875, -116.79299926757812
25CD,small_airport,Lux Field,9300,NA,US,US-CO,Hartsel,,,25CD,25CD,39.152333, -105.720167
25CL,small_airport,Van Dyke Strip,48,NA,US,US-CA,Pleasant Grove,,,25CL,25CL,38.867218, -121.489429
25CO,small_airport,Crystal Lakes Airport,8440,NA,US,US-CO,Red Feather Lakes,,,25CO,25CO,40.851600646972656, -105.63300323486328
25FA,heliport,Jackson Memorial Hospital Heliport,53,NA,US,US-FL,Miami,,,25FA,25FA,25.7929, -80.204803
25FL,small_airport,Connells Wahoo Airport,65,NA,US,US-FL,Bushnell,,,25FL,25FL,28.631901, -82.157799
25GA,small_airport,Miller Farm Airport,750,NA,US,US-GA,Douglasville,,,25GA,25GA,33.659797, -84.663103
25GE,heliport,Beaver Creek Lodge Heliport,630,NA,US,US-GA,Carlton,,,25GE,25GE,33.9975, -83.038889
25IA,small_airport,Virl B Deal Airfield,1180,NA,US,US-IA,St. Ansgar,,,25IA,25IA,43.395073, -92.963744
25II,heliport,Gm Heliport,837,NA,US,US-IN,Aboite,,,25II,25II,40.96620178222656, -85.29080200195312
25IL,small_airport,Holzwarth Flying Service Airport,680,NA,US,US-IL,Virden,,,25IL,25IL,39.516421, -89.869581
25IN,small_airport,Reid-Eash Airport,879,NA,US,US-IN,Howe,,,25IN,25IN,41.70280075073242, -85.41940307617188
25IS,heliport,Shag Bark Farms Heliport,570,NA,US,US-IL,Chatham,,,25IS,25IS,39.70370101928711, -89.7490005493164
25JY,heliport,Heli-Ray Heliport,160,NA,US,US-NJ,Waterford,,,25JY,25JY,39.72019958496094, -74.84609985351562
25KS,small_airport,Wyrill Farming Airport,1700,NA,US,US-KS,Kirwin,,,25KS,25KS,39.6833000183, -99.12840271
25KY,heliport,Western Baptist Hospital Heliport,341,NA,US,US-KY,Paducah,,,25KY,25KY,37.07509994506836, -88.62560272216797
25LS,heliport,Rotorcraft Leasing Co Creole Base Heliport,8,NA,US,US-LA,Creole,,,25LS,25LS,29.78529930114746, -93.21440124511719
25MA,heliport,High School Heliport,265,NA,US,US-MA,Holliston,,,25MA,25MA,42.20560073852539, -71.44139862060547
25MD,small_airport,Whalen Field,70,NA,US,US-MD,Sudlersville,,,25MD,25MD,39.16749954223633, -75.84020233154297
25ME,heliport,Adams Road Heliport,50,NA,US,US-ME,Kittery,,,25ME,25ME,43.125711, -70.72021
25MN,seaplane_base,Shirt Lake Seaplane Base,1272,NA,US,US-MN,Deerwood,,,25MN,25MN,46.430599212646484, -93.83309936523438
25MO,small_airport,Cook Airport,920,NA,US,US-MO,Carl Junction,,,25MO,25MO,37.18579864501953, -94.55110168457031
25MS,heliport,Baptist Memorial Hospital-Golden Triangle Heliport,179,NA,US,US-MS,Columbus,,,25MS,25MS,33.52450180053711, -88.4281005859375
25MT,small_airport,Blatter Airport,2800,NA,US,US-MT,Glasgow,,,25MT,25MT,48.42219924926758, -106.25299835205078
25NC,small_airport,Smith Air Strip,560,NA,US,US-NC,Asheboro,,,25NC,25NC,35.632717, -79.711768
25ND,small_airport,Landeis Airstrip,1853,NA,US,US-ND,Mandan,,,25ND,25ND,46.866254, -100.986881
25NE,small_airport,Corr Airport,4000,NA,US,US-NE,Melbeta,,,25NE,25NE,41.724098205566406, -103.51100158691406
25NH,heliport,Phantom Three Heliport,410,NA,US,US-NH,Charlestown,,,25NH,25NH,43.317111, -72.389722
25NK,small_airport,Loucks Airport,1425,NA,US,US-NY,Hammondsport,,,25NK,25NK,42.43619918823242, -77.1322021484375
25NM,small_airport,Dream Catcher Ranch Airport,7253,NA,US,US-NM,Pie Town,,,25NM,25NM,34.476944, -108.031111
25NR,heliport,New Hanover County Sheriff'S Office Heliport,35,NA,US,US-NC,Castle Hayne,,,25NR,25NR,34.326346, -77.896575
25NY,heliport,Carter's Heliport,5,NA,US,US-NY,Remsenburg,,,25NY,25NY,40.80009841918945, -72.69950103759766
25OH,small_airport,Hammond Airport,1050,NA,US,US-OH,Louisville,,,25OH,25OH,40.91310119628906, -81.25980377197266
25OI,small_airport,Morrison Field,865,NA,US,US-OH,Bristolville,,,25OI,25OI,41.42259979248047, -80.87789916992188
25OR,heliport,Jack's Heliport,340,NA,US,US-OR,Scio,,,25OR,25OR,44.639424, -122.827746
25PA,closed,Jeannette Hospital Heliport,1200,NA,US,US-PA,Jeannette,,,,,40.320301, -79.611397
25PN,heliport,Nessmuk Heliport,1490,NA,US,US-PA,Wellsboro,,,25PN,25PN,41.725037, -77.287482
25PS,heliport,Primrose Heliport,953,NA,US,US-PA,Minersville,,,25PS,25PS,40.689242, -76.279621
25SC,small_airport,Mountain Ridge Airport,980,NA,US,US-SC,Taylors,,,25SC,25SC,34.96095, -82.337058
25TA,small_airport,Ferris Airport,35,NA,US,US-TX,Baytown,,,25TA,25TA,29.836599349975586, -94.96739959716797
25TN,heliport,Columbia River Park Hospital Heliport,957,NA,US,US-TN,Mc Minnville,,,25TN,25TN,35.699108, -85.742153
25TS,small_airport,Miller Airfield,3961,NA,US,US-TX,Dalhart,,,25TS,25TS,36.094331, -102.417469
25TT,heliport,American Bio Source Heliport,899,NA,US,US-TX,Decatur,,,25TT,25TT,33.271024, -97.617229
25U,small_airport,Memaloose Airport,6708,NA,US,US-OR,Imnaha,,,25U,25U,45.42770004272461, -116.69400024414062
25VA,small_airport,Toddsbury Farm Airport,50,NA,US,US-VA,Aylett,,,25VA,25VA,37.821377, -77.112522
25WA,small_airport,Hart Ranch Airport,2608,NA,US,US-WA,Tonasket,,,25WA,25WA,48.576394, -119.064524
25WI,heliport,Sacred Heart Hospital Heliport,880,NA,US,US-WI,Eau Claire,,,25WI,25WI,44.794315, -91.509467
25WN,small_airport,Little Plum Creek Airport,12,NA,US,US-WI,Pepin,,,25WN,25WN,44.528718, -92.120341
25XA,small_airport,Headwaters Airport,1974,NA,US,US-TX,Stonewall,,,25XA,25XA,30.092863, -98.701258
25XS,small_airport,Moonbow Field,650,NA,US,US-TX,Waxahachie,,,25XS,25XS,32.4865, -96.846397
26AL,small_airport,Richardson Field,180,NA,US,US-AL,Mobile,,,26AL,26AL,30.62420082092285, -88.27860260009766
26AZ,small_airport,Flying Dare's Ranch Airport,2192,NA,US,US-AZ,Aguila,,,26AZ,26AZ,34.012001037597656, -113.2030029296875
26CA,small_airport,Boeckmann Ranch Airport,100,NA,US,US-CA,Wilton,,,26CA,26CA,38.42689895629883, -121.1719970703125
26CN,heliport,SCE Vincent Substation Heliport,3244,NA,US,US-CA,Palmdale,,,26CN,26CN,34.486768, -118.115913
26FD,small_airport,Hennessy Airport,50,NA,US,US-FL,Arcadia,,,26FD,26FD,27.05120086669922, -81.84809875488281
26FL,heliport,HCA Florida Raulerson Hospital Heliport,34,NA,US,US-FL,Okeechobee,,,26FL,26FL,27.259106, -80.829104
26GA,closed,Murphree Airport,760,NA,US,US-GA,Newnan,,,,,33.336201, -84.913803
26IA,small_airport,Midway View Farms Airport,1355,NA,US,US-IA,Correctionville,,,26IA,26IA,42.373777, -95.765149
26ID,small_airport,Moose Lodge Airport,2081,NA,US,US-ID,Sandpoint,,,26ID,26ID,48.363889, -116.403611
26II,heliport,Huntington Memorial Hospital Heliport,730,NA,US,US-IN,Huntington,,,26II,26II,40.86869812011719, -85.49530029296875
26IS,small_airport,Ficklin-Airtech Airport,672,NA,US,US-IL,Fairbury,,,26IS,26IS,40.766700744628906, -88.50559997558594
26JY,heliport,Binder Winslow Heliport,150,NA,US,US-NJ,Winslow,,,26JY,26JY,39.738444, -74.910556
26KS,heliport,St Lukes Hospital Heliport,1236,NA,US,US-KS,Wellington,,,26KS,26KS,37.27840042114258, -97.3936996459961
26KY,heliport,University Hospital Heliport,465,NA,US,US-KY,Louisville,,,26KY,26KY,38.24760055541992, -85.74330139160156
26LS,heliport,Rotorcraft Leasing Co Intracoastal City Heliport,6,NA,US,US-LA,Intracoastal City,,,26LS,26LS,29.797199249267578, -92.14330291748047
26MA,small_airport,Pepperell Airport,176,NA,US,US-MA,Pepperell,,,26MA,26MA,42.69620132446289, -71.55010223388672
26MD,heliport,CMTI Heliport,3,NA,US,US-MD,Baltimore,,,26MD,26MD,39.259539, -76.566258
26MI,small_airport,Van Strien Airport,624,NA,US,US-MI,Lowell,,,26MI,26MI,42.923901, -85.378098
26MN,small_airport,Christianson Field,874,NA,US,US-MN,Halstad,,,26MN,26MN,47.33000183105469, -96.78369903564453
26MT,small_airport,Hutchinson Airport,2900,NA,US,US-MT,Hingham,,,26MT,26MT,48.835601806640625, -110.44200134277344
26N,small_airport,Ocean City Municipal Airport,5,NA,US,US-NJ,Ocean City,,,K26N,26N,39.2635, -74.607498
26NC,small_airport,Boonville Airport,1003,NA,US,US-NC,Boonville,,,26NC,26NC,36.222900390625, -80.7155990600586
26NH,heliport,Phantom Two Heliport,1275,NA,US,US-NH,Lebanon,,,26NH,26NH,43.667833, -72.202722
26NJ,heliport,Cape Regional Medical Center Heliport,53,NA,US,US-NJ,Cape May Court House,,,26NJ,26NJ,39.087761, -74.816701
26NR,heliport,Haywood Regional Medical Center Heliport,2662,NA,US,US-NC,Clyde,,,26NR,26NR,35.526066, -82.943226
26NV,small_airport,Darrow Field,3965,NA,US,US-NV,Fallon,,,26NV,26NV,39.453426222299996, -118.866330385
26NY,heliport,Vamc Heliport,100,NA,US,US-NY,Northport,,,26NY,26NY,40.92509841918945, -73.30619812011719
26OG,small_airport,Oakridge Ranch Airport,1560,NA,US,US-OR,Eagle Point,,,26OG,26OG,42.462999, -122.734909
26OK,small_airport,Duck Creek Airport,700,NA,US,US-OK,Mounds,,,OK36,OK36,35.882198, -96.004402
26PN,heliport,Leeds & Northrup Co. Heliport,346,NA,US,US-PA,North Wales,,,26PN,26PN,40.216800689697266, -75.27880096435547
26PS,heliport,VAPHS Helipad,1226,NA,US,US-PA,Pittsburgh,,,26PS,26PS,40.44706, -79.963292
26SD,heliport,Shooting Star Ranch Heliport,3902,NA,US,US-SD,Radip City,,,26SD,26SD,44.02750015258789, -103.28700256347656
26TA,heliport,Red Barn Heliport,35,NA,US,US-TX,Baytown,,,26TA,26TA,29.803300857543945, -95.00379943847656
26TE,heliport,Parkview Center Hospital Heliport,86,NA,US,US-TX,Houston,,,26TE,26TE,29.86829948425293, -95.40850067138672
26TN,heliport,Tennova Newport Medical Center Heliport,1138,NA,US,US-TN,Newport,,,26TN,26TN,35.965233, -83.183878
26TS,heliport,Memorial Hermann The Woodlands Medical Center Heliport,150,NA,US,US-TX,Shenandoah,,,26TS,26TS,30.174536, -95.453192
26TT,heliport,Sunset Resort Heliport,1079,NA,US,US-TX,Mico,,,26TT,26TT,29.54264, -98.92976
26TX,small_airport,Lowrance Ranch Airport,1692,NA,US,US-TX,Truscott,,,26TX,26TX,33.764801025390625, -100.01799774169922
26VA,heliport,Fairfax County Police Heliport,450,NA,US,US-VA,Fairfax,,,26VA,26VA,38.85319900512695, -77.37300109863281
26VT,heliport,Brattleboro Memorial Hospital Heliport,416,NA,US,US-VT,Brattleboro,,,26VT,26VT,42.843897, -72.567033
26W,small_airport,Wolf Lake Airport,980,NA,US,US-MI,Napoleon,,,26W,26W,42.20970153808594, -84.23169708251953
26WA,heliport,Olympic Memorial Hospital Heliport,96,NA,US,US-WA,Port Angeles,,,26WA,26WA,48.115491, -123.41327
26WI,small_airport,Kitty-Wompus Airport,1336,NA,US,US-WI,Exeland,,,26WI,26WI,45.699100494384766, -91.30349731445312
26XA,heliport,Solana North Heliport,630,NA,US,US-TX,Westlake,,,26XA,26XA,32.984444, -97.171667
26XS,small_airport,Tatum Ranch Airport,1420,NA,US,US-TX,Blanco,,,26XS,26XS,30.114099502563477, -98.4614028930664
27AL,small_airport,Little Texas Airport,500,NA,US,US-AL,Tuskegee,,,27AL,27AL,32.45349884033203, -85.55819702148438
27AR,heliport,Nw Medical of Benton Heliport,1277,NA,US,US-AR,Bentonville,,,27AR,27AR,36.33890151977539, -94.19000244140625
27AZ,small_airport,Eagle Roost Airpark,2206,NA,US,US-AZ,Aguila,,,27AZ,27AZ,33.919276, -113.167795
27C,small_airport,Mecosta Morton Airport,1022,NA,US,US-MI,Mecosta,,,K27C,27C,43.63046, -85.261095
27CA,small_airport,Holiday Ranch Airport,3260,NA,US,US-CA,Apple Valley,,,27CA,27CA,34.561100006103516, -117.08100128173828
27CL,small_airport,Sopwith Farm Airport,20,NA,US,US-CA,Pleasant Grove,,,27CL,27CL,38.747100830078125, -121.572998046875
27CN,heliport,SCE Pardee Substation Helistop,1073,NA,US,US-CA,Santa Clarita,,,27CN,27CN,34.439531, -118.57928
27FD,heliport,Coastal Helicopters Inc Heliport,20,NA,US,US-FL,Panama City,,,27FD,27FD,30.270423, -85.524241
27FL,heliport,AdventHealth Wesley Chapel Heliport,60,NA,US,US-FL,Wesley Chapel,,,27FL,27FL,28.19471, -82.350453
27GA,small_airport,Wilson Airstrip,1050,NA,US,US-GA,Carrollton,,,27GA,27GA,33.658193, -85.010195
27IA,small_airport,Oldfield Aero,750,NA,US,US-IA,Keosauqua,,,27IA,27IA,40.75130081179999, -92.0307006836
27ID,small_airport,Huddleston Airport,3697,NA,US,US-ID,Filer,,,27ID,27ID,42.582954, -114.55003
27II,heliport,Fort Benjamin Harrison Hospital Heliport,860,NA,US,US-IN,Indianapolis,,,27II,27II,39.8650016784668, -85.997802734375
27IL,heliport,Jersey Community Hospital Heliport,630,NA,US,US-IL,Jerseyville,,,27IL,27IL,39.11000061035156, -90.34369659423828
27IN,heliport,St Vincent Indianapolis Hospital Heliport,833,NA,US,US-IN,Indianapolis,,,27IN,27IN,39.90800094604492, -86.19349670410156
27IS,small_airport,Gelfius International Airport,530,NA,US,US-IL,Dahlgren,,,27IS,27IS,38.14889907836914, -88.67030334472656
27JY,heliport,Heaton Heliport,942,NA,US,US-NJ,Newton,,,27JY,27JY,41.126178, -74.82275
27KS,small_airport,Bellamy Farm Airport,3650,NA,US,US-KS,Goodland,,,27KS,27KS,39.13006, -101.713829
27LA,heliport,Baton Rouge General Hospital Heliport,93,NA,US,US-LA,Baton Rouge,,,27LA,27LA,30.44879913330078, -91.1531982421875
27LL,small_airport,Ralph Jacobs Airport,400,NA,US,US-IL,Valmeyer,,,27LL,27LL,38.375099182128906, -90.31929779052734
27LS,heliport,LA DOTD Headquarters Heliport,65,NA,US,US-LA,Baton Rouge,,,27LS,27LS,30.458949, -91.178944
27MA,seaplane_base,Wamsetto Seaplane Base,,NA,US,US-MA,Berkley,,,27MA,27MA,41.82059860229492, -71.11470031738281
27MD,small_airport,Myles Landing Airport,70,NA,US,US-MD,Church Hill,,,27MD,27MD,39.098332, -75.895029
27ME,seaplane_base,Pleasant Pond Seaplane Base,131,NA,US,US-ME,Richmond,,,27ME,27ME,44.133339, -69.889617
27MI,small_airport,Miller Field,705,NA,US,US-MI,Vassar,,,27MI,27MI,43.372798919677734, -83.48660278320312
27MN,small_airport,Lake Bronson Airport,960,NA,US,US-MN,Lake Bronson,,,27MN,27MN,48.73749923706055, -96.65450286865234
27MO,small_airport,Route 66 Airfield,1055,NA,US,US-MO,Carthage,,,27MO,27MO,37.19390106201172, -94.22419738769531
27MS,small_airport,Jolly Field,386,NA,US,US-MS,Carthage,,,27MS,27MS,32.758235, -89.408718
27MT,small_airport,Rahn Airport,3090,NA,US,US-MT,Kalispell,,,27MT,27MT,48.324413, -114.326501
27NC,heliport,Brunswick Media Center Heliport,27,NA,US,US-NC,Southport,,,27NC,27NC,33.95069885253906, -78.02439880371094
27NE,small_airport,Hendricks Field,3450,NA,US,US-NE,Grant,,,27NE,27NE,40.722801208496094, -101.7959976196289
27NH,heliport,Phantom One Heliport,1315,NA,US,US-NH,Hanover,,,27NH,27NH,43.673972, -72.206472
27NJ,heliport,Sony Music Heliport,125,NA,US,US-NJ,Pitman,,,27NJ,27NJ,39.748199462890625, -75.12799835205078
27NK,small_airport,Mohawk Air Park,1079,NA,US,US-NY,Schyler,,,27NK,27NK,43.113317, -75.044467
27NY,heliport,Don's Heliport,385,NA,US,US-NY,Wallkill,,,27NY,27NY,41.622693, -74.241485
27OH,small_airport,Schaller Airport,830,NA,US,US-OH,Findlay,,,27OH,27OH,40.94670104980469, -83.67990112304688
27OK,small_airport,Thomas Landing Airport,1110,NA,US,US-OK,Ponca City,,,27OK,27OK,36.7422981262207, -96.96389770507812
27OR,heliport,Time Flies Private Heliport,138,NA,US,US-OR,Newport,,,,,44.653123, -124.058249
27PA,heliport,Fort Lee Heliport,1995,NA,US,US-PA,Nicktown,,,27PA,27PA,40.65140151977539, -78.82720184326172
27PS,small_airport,Van Blarcom Airport,1510,NA,US,US-PA,Columbia Cross Roads,,,27PS,27PS,41.856078, -76.828827
27SC,heliport,Upair Heliport,251,NA,US,US-SC,Lugoff,,,27SC,27SC,34.229400634765625, -80.68219757080078
27SD,heliport,Albrecht Heliport,1722,NA,US,US-SD,De Smet,,,27SD,27SD,44.295501708984375, -97.55259704589844
27TA,heliport,Headwind Heliport,525,NA,US,US-TX,Tyler,,,27TA,27TA,32.343101501464844, -95.19709777832031
27TE,heliport,Hospitals of Providence East Campus Heliport,4002,NA,US,US-TX,El Paso,,,27TE,27TE,31.791186, -106.263621
27TN,heliport,Memphis Police Department Heliport,240,NA,US,US-TN,Memphis,,,27TN,27TN,35.2494010925293, -90.01580047607422
27TS,heliport,Walden Ranch Heliport,525,NA,US,US-TX,Wylie,,,27TS,27TS,33.0181999206543, -96.50689697265625
27VA,heliport,Prince William Hospital Heliport,243,NA,US,US-VA,Manassas,,,27VA,27VA,38.76580047607422, -77.48780059814453
27W,small_airport,Lake Wenatchee State Airport,1939,NA,US,US-WA,Leavenworth,,,27W,27W,47.819400787353516, -120.72000122070312
27WA,small_airport,J C's Airport,236,NA,US,US-WA,Conway,,,27WA,27WA,48.32509994506836, -122.31600189208984
27WI,small_airport,Tegeler Airport,950,NA,US,US-WI,Prescott,,,27WI,27WI,44.807701110839844, -92.71379852294922
27WV,small_airport,Kurt's Field,670,NA,US,US-WV,Poca,,,27WV,27WV,38.4788193, -81.8036944
27XA,small_airport,Arnett Landing Airport,1180,NA,US,US-TX,Poolville,,,27XA,27XA,32.979389, -97.889917
27XS,small_airport,Sport Flyers Airport,180,NA,US,US-TX,Brookshire,,,27XS,27XS,29.837999, -95.94981
28A,small_airport,Goose Creek Airport,565,NA,US,US-NC,Indian Trail,,,28A,28A,35.12099838256836, -80.5873031616211
28AK,small_airport,Gates Ranch Airport,1875,NA,US,US-AK,Glacier View,,,28AK,28AK,61.808899, -147.858993
28AR,small_airport,Henley Aerodrome,377,NA,US,US-AR,Charlotte,,,28AR,28AR,35.83330154418945, -91.43329620361328
28AZ,small_airport,Sampley's Airport,2208,NA,US,US-AZ,Aguila,,,28AZ,28AZ,33.922798156738, -113.18099975586
28CA,small_airport,Dos Palos Airport,118,NA,US,US-CA,Dos Palos,,,28CA,28CA,36.964044, -120.62994
28CN,heliport,San Joaquin Community Hospital Heliport,465,NA,US,US-CA,Bakersfield,,,28CN,28CN,35.383222, -119.020638
28CO,heliport,Blm Fire Center Heliport,4820,NA,US,US-CO,Grand Junction,,,28CO,28CO,39.117801666259766, -108.53900146484375
28FA,heliport,North Broward Medical Center Heliport,21,NA,US,US-FL,Pompano Beach,,,28FA,28FA,26.278245, -80.122025
28FD,heliport,Jackson County Hospital Heliport,145,NA,US,US-FL,Marianna,,,28FD,28FD,30.787313, -85.240914
28FL,small_airport,Jim Finlay Farm Airport,40,NA,US,US-FL,Cresent City,,,28FL,28FL,29.4419002532959, -81.58309936523438
28GE,heliport,Mike Roberson Heliport,930,NA,US,US-GA,Lindale,,,28GE,28GE,34.2, -85.416667
28ID,small_airport,D Bar C Airport,5629,NA,US,US-ID,Dixie,,,28ID,28ID,45.513484, -115.440288
28II,small_airport,Cedar Farm Airport,453,NA,US,US-IN,Laconia,,,28II,28II,37.974700927734375, -86.05619812011719
28IS,small_airport,O K Flying Club Inc Airport,665,NA,US,US-IL,Fillmore,,,28IS,28IS,39.194801330566406, -89.31179809570312
28KS,small_airport,Highland Farm Airport,1010,NA,US,US-KS,Rantoul,,,28KS,28KS,38.54249954223633, -95.15609741210938
28KY,small_airport,Brandon Airdrome Airport,525,NA,US,US-KY,Murray,,,28KY,28KY,36.57590103149414, -88.31340026855469
28LA,heliport,Washington Parish Fire Dist 7/OEP Heliport,146,NA,US,US-LA,Bogalusa,,,28LA,28LA,30.7833003998, -89.91670227050001
28LL,small_airport,Williamson Airport,630,NA,US,US-IL,Westervelt,,,28LL,28LL,39.46030044555664, -88.86840057373047
28LS,heliport,Hargroder Heliport,120,NA,US,US-LA,Lafayette,,,28LS,28LS,30.169200897216797, -92.0625
28M,small_airport,Cranland Airport,71,NA,US,US-MA,Hanson,,,28M,28M,42.025101, -70.838097
28MA,small_airport,Cannizzaro Field,250,NA,US,US-MA,Southwick,,,28MA,28MA,42.078238, -72.818792
28MD,heliport,Fedex Field Heliport,190,NA,US,US-MD,Landover,,,28MD,28MD,38.908774, -76.866934
28MI,small_airport,Miller-Herrold Airport,624,NA,US,US-MI,Cedar,,,28MI,28MI,44.8744010925293, -85.7926025390625
28MN,seaplane_base,Vasa Park Seaplane Base,930,NA,US,US-MN,Spring Park,,,28MN,28MN,44.963600158691406, -93.62249755859375
28MO,small_airport,Pasley Airport,790,NA,US,US-MO,Roscoe,,,28MO,28MO,37.973899841308594, -93.81880187988281
28MT,small_airport,Cain Ranch Airport,4480,NA,US,US-MT,Lincoln,,,28MT,28MT,46.952372, -112.747078
28N,small_airport,Vineland-Downtown Airport,120,NA,US,US-NJ,Vineland,,,,28N,39.537601, -74.966301
28NC,balloonport,Balloonport of Greensboro Balloonport,800,NA,US,US-NC,Greensboro,,,28NC,28NC,35.9557991027832, -79.81890106201172
28ND,heliport,Exceptional Community Hospital Heliport,1730,NA,US,US-ND,Minot,,,28ND,28ND,48.284692, -101.305951
28NE,small_airport,Big Thunder Airport,1740,NA,US,US-NE,Clarkson,,,28NE,28NE,41.790278, -97.096944
28NH,heliport,A and K Heliport,825,NA,US,US-NH,New Boston,,,28NH,28NH,42.9369010925293, -71.66950225830078
28NK,small_airport,Ritchie Airfield,385,NA,US,US-NY,Clayton,,,28NK,28NK,44.186789, -76.075981
28NR,small_airport,Dry Pond Airport,1130,NA,US,US-NC,Rutherfordton,,,28NR,28NR,35.3475, -81.995001
28NY,small_airport,Spaudling Aerodrome,1607,NA,US,US-NY,Cassadaga,,,28NY,28NY,42.308333, -79.225
28OH,small_airport,Newbury Airport,743,NA,US,US-OH,Lyons,,,28OH,28OH,41.703399658203125, -84.00270080566406
28OI,heliport,Mount Carmel East Hospital Heliport,843,NA,US,US-OH,Columbus,,,28OI,28OI,39.98059844970703, -82.84159851074219
28OK,small_airport,Pellar Farm Airport,1400,NA,US,US-OK,Union City,,,28OK,28OK,35.511128, -98.036757
28OR,small_airport,Parrett Mountain Airport,790,NA,US,US-OR,Newberg,,,28OR,28OR,45.479000091552734, -122.23400115966797
28PN,heliport,Harsco Heliport,365,NA,US,US-PA,Wormleysburg,,,28PN,28PN,40.25979995727539, -76.90969848632812
28PR,heliport,La Concepcion Hospital Heliport,120,NA,PR,PR-U-A,San German,,,28PR,28PR,18.108699798583984, -67.03939819335938
28TA,small_airport,Duval County Ranch Co Airport,665,NA,US,US-TX,Freer,,,28TA,28TA,27.83359909, -98.71700287
28TE,small_airport,Midlake Airport,535,NA,US,US-TX,Elmendorf,,,28TE,28TE,29.268299102783203, -98.33699798583984
28TN,heliport,Bhm East Helipad Heliport,261,NA,US,US-TN,Memphis,,,28TN,28TN,35.12670135498047, -89.86190032958984
28TT,small_airport,Left Wing Low Airport,596,NA,US,US-TX,Bynum,,,28TT,28TT,31.995861, -97.002169
28TX,small_airport,Lehman Airport,1275,NA,US,US-TX,Vernon,,,28TX,28TX,34.085899353027344, -99.4551010131836
28U,small_airport,Owyhee Reservoir State Airport,2680,NA,US,US-OR,Owyhee,,,K28U,28U,43.42462, -117.345483
28VA,heliport,Radford Aap Heliport,1710,NA,US,US-VA,Radford,,,28VA,28VA,37.18479919433594, -80.52559661865234
28VT,heliport,Mount Ascutney Hospital Heliport,532,NA,US,US-VT,Windsor,,,28VT,28VT,43.486825, -72.403014
28WA,small_airport,Robert L Delanoy Airport,30,NA,US,US-WA,Vancouver,,,28WA,28WA,45.73040008544922, -122.73500061035156
28WI,small_airport,Rutherford Airport,790,NA,US,US-WI,Arkansaw,,,28WI,28WI,44.60409927368164, -92.04660034179688
28XA,heliport,Doctors Hospital of Laredo Heliport,540,NA,US,US-TX,Laredo,,,28XA,28XA,27.606691, -99.479345
28XS,small_airport,Flying G Airport,470,NA,US,US-TX,Kaufman,,,28XS,28XS,32.645999908447266, -96.32530212402344
29A,seaplane_base,Island Lake Seaplane Base,370,NA,US,US-AK,Wasilla,,,29A,29A,61.6288986206, -149.617996216
29AK,small_airport,Remington Field,1250,NA,US,US-AK,Delta Junction,,,29AK,29AK,64.046814, -145.432667
29AL,heliport,Regional Medical Center of Central Alabama Heliport,432,NA,US,US-AL,Greenville,,,29AL,29AL,31.829947, -86.646403
29AR,heliport,Unity Health White County Medical Center Heliport,273,NA,US,US-AR,Searcy,,,29AR,29AR,35.252507, -91.697333
29AZ,closed,Paloma Ranch Airport,737,NA,US,US-AZ,Paloma,,,,,32.907461, -112.89825
29C,small_airport,Grindstone Air Harbor Airport,640,NA,US,US-MI,Port Austin,,,29C,29C,44.04779815673828, -82.91419982910156
29CA,heliport,Landells Heliport,940,NA,US,US-CA,Desert Hot Springs,,,29CA,29CA,33.25590133666992, -116.4540023803711
29CL,heliport,Childrens Hospital Los Angeles Heliport,500,NA,US,US-CA,Los Angeles,,,29CL,29CL,34.097338, -118.291039
29CN,small_airport,Miller's Mother Lode Airport,2400,NA,US,US-CA,Georgetown,,,29CN,29CN,38.845032, -120.831075
29CO,heliport,St Mary's Hospital & Medical Center Heliport,4650,NA,US,US-CO,Grand Junction,,,29CO,29CO,39.089815, -108.562855
29F,small_airport,Joe Vaughn Spraying Airport,3500,NA,US,US-TX,Kress,,,K29F,29F,34.392251, -101.759918
29FA,seaplane_base,Caloosa Downtown Seaplane Base,2,NA,US,US-FL,Fort Myers,,,29FA,29FA,26.635000228881836, -81.875
29FD,heliport,Gadsden Memorial Hospital Heliport,230,NA,US,US-FL,Quincy,,,29FD,29FD,30.568119, -84.548915
29FL,heliport,Halifax Hospital Medical Center Heliport,46,NA,US,US-FL,Daytona Beach,,,29FL,29FL,29.198539, -81.053165
29GA,small_airport,Rolling Meadows Airfield,808,NA,US,US-GA,Sharpsburg,,,29GA,29GA,33.384300231933594, -84.63189697265625
29GE,heliport,Children's Hospital of Atlanta Health Center - Arthur M Blank Hospital Heliport,903,NA,US,US-GA,Atlanta,,,29GE,29GE,33.83137, -84.330339
29IA,small_airport,Hilltop Airport,1120,NA,US,US-IA,Sidney,,,29IA,29IA,40.75575, -95.623455
29ID,small_airport,Patterson Field,2297,NA,US,US-ID,Emmett,,,29ID,29ID,43.887222, -116.654722
29II,small_airport,Norm's Airport,750,NA,US,US-IN,Michigan City,,,29II,29II,41.6598014831543, -86.80750274658203
29IN,small_airport,Homestead Airport,863,NA,US,US-IN,Columbia City,,,29IN,29IN,41.07538, -85.38557
29IS,heliport,Norman Rittenhouse Heliport,640,NA,US,US-IL,Fairbury,,,29IS,29IS,40.75749969482422, -88.51339721679688
29JY,heliport,Ocean University Medical Center Heliport,26,NA,US,US-NJ,Brick,,,29JY,29JY,40.078183, -74.132194
29LA,heliport,Our Lady of the Lake Regional Medical Center Heliport,46,NA,US,US-LA,Baton Rouge,,,29LA,29LA,30.404305, -91.106018
29LL,heliport,Monroe County Ambulance Service Heliport,630,NA,US,US-IL,Waterloo,,,29LL,29LL,38.33919906616211, -90.1624984741211
29LS,seaplane_base,L Auberge du Lac Hotel Seaplane Base,8,NA,US,US-LA,Lake Charles,,,29LS,29LS,30.207801, -93.265298
29MA,heliport,Laminated Heliport,135,NA,US,US-MA,Holyoke,,,29MA,29MA,42.201499938964844, -72.59809875488281
29ME,seaplane_base,Teconnet Seaplane Base,194,NA,US,US-ME,China,,,29ME,29ME,44.448, -69.530333
29MI,small_airport,Sawyer Field,910,NA,US,US-MI,Mason,,,29MI,29MI,42.599998474121094, -84.44999694824219
29MN,small_airport,Wetenkamp Airport,990,NA,US,US-MN,Tintah,,,29MN,29MN,46.02830123901367, -96.36280059814453
29MO,small_airport,Rollert Farm Airport,1000,NA,US,US-MO,Smithville,,,29MO,29MO,39.350799560546875, -94.51860046386719
29MT,small_airport,Craik Airport,2500,NA,US,US-MT,Trout Creek,,,29MT,29MT,47.738112, -115.504332
29N,small_airport,Kroelinger Airport,93,NA,US,US-NJ,Vineland,,,29N,29N,39.523998, -75.046303
29NH,heliport,Sunny Hill Landing Heliport,822,NA,US,US-NH,Lyndeborough,,,29NH,29NH,42.88840103149414, -71.73780059814453
29NJ,heliport,J L Gentile Heliport,110,NA,US,US-NJ,Buena,,,29NJ,29NJ,39.483979848, -74.8808383942
29NK,heliport,UHS Wilson Tower Helipad,985,NA,US,US-NY,Johnson City,,,29NK,29NK,42.115033, -75.958461
29NR,heliport,Atrium Health Wake Forest GSO Hospital Heliport,850,NA,US,US-NC,Greensboro,,,29NR,29NR,36.140608, -79.883394
29OH,small_airport,Fox Airport,1020,NA,US,US-OH,Magnolia,,,29OH,29OH,40.6864013671875, -81.30259704589844
29OI,heliport,Jtv Heliport,630,NA,US,US-OH,Madison,,,29OI,29OI,41.81700134277344, -81.06900024414062
29PN,heliport,St Vincent Health Center Heliport,731,NA,US,US-PA,Erie,,,29PN,29PN,42.11169815, -80.08010101
29RI,heliport,Vaucluse Farm Heliport,40,NA,US,US-RI,Portsmouth,,,29RI,29RI,41.542198181152344, -71.23609924316406
29SC,small_airport,Hannah Rhea Field,89,NA,US,US-SC,Walterboro,,,29SC,29SC,32.90140151977539, -80.85359954833984
29TN,heliport,Erlanger Bledsoe Hospital Heliport,957,NA,US,US-TN,Pikeville,,,29TN,29TN,35.620112, -85.190772
29TS,heliport,West Houston Medical Center Heliport,81,NA,US,US-TX,Houston,,,29TS,29TS,29.728542, -95.594489
29TX,small_airport,Lockett Airport,1282,NA,US,US-TX,Vernon,,,29TX,29TX,34.094807, -99.365108
29VA,small_airport,Rhynalds Ranch Airport,285,NA,US,US-VA,Remington,,,29VA,29VA,38.529300689697266, -77.73889923095703
29VT,seaplane_base,Middle Hero Seaplane Base,105,NA,US,US-VT,Grand Isle,,,29VT,29VT,44.756389, -73.266667
29WA,heliport,Crossings Heliport,384,NA,US,US-WA,Tacoma,,,29WA,29WA,47.261713, -122.432714
29WI,small_airport,Whittlesey Cranberry Company Airport,982,NA,US,US-WI,Babcock,,,29WI,29WI,44.325337, -90.027015
29XA,heliport,Ascension Seton Edgar B Davis Hospital Heliport,395,NA,US,US-TX,Luling,,,29XA,29XA,29.673223, -97.653818
29XS,heliport,Temple Eastex Heliport,240,NA,US,US-TX,Diboll,,,29XS,29XS,31.1830997467041, -94.78060150146484
2A7,heliport,Department of Transportation Heliport,715,NA,US,US-OH,Columbus,,,2A7,2A7,39.959800720214844, -83.04409790039062
2A8,small_airport,Addison Municipal Airport,786,NA,US,US-AL,Addison,,,,2A8,34.217038, -87.158353
2AK,small_airport,Lime Village Airport,552,NA,US,US-AK,Lime Village,,LVD,2AK,2AK,61.3591003418, -155.440002441
2AK0,small_airport,MacKenzie Country Airpark,120,NA,US,US-AK,Point Mackenzie,,,2AK0,2AK0,61.255901, -149.975006
2AK1,small_airport,Blair Lake Airport,910,NA,US,US-AK,Fort Wainwright,,,2AK1,2AK1,64.363443, -147.364855
2AK2,small_airport,Clear Creek Airport,660,NA,US,US-AK,Fort Wainwright,,,2AK2,2AK2,64.454293, -147.56999
2AK3,heliport,Five Finger CG Heliport,48,NA,US,US-AK,Five Finger,,,2AK3,2AK3,57.269843, -133.630371
2AK4,small_airport,Bootleggers Cove Airport,45,NA,US,US-AK,Homer,,,2AK4,2AK4,59.470001, -151.51199
2AK5,small_airport,Johnstone Point Airport,15,NA,US,US-AK,Hinchinbrook,,,PAJO,2AK5,60.4817008972, -146.583999634
2AK6,small_airport,Hog River Airport,534,NA,US,US-AK,Hogatza,,HGZ,2AK6,2AK6,66.176133, -155.684816
2AK8,small_airport,Icy Cape Air Force Station Airport,48,NA,US,US-AK,Icy Cape,,,2AK8,2AK8,70.293545, -161.907151
2AK9,small_airport,Independence Creek Airport,250,NA,US,US-AK,Independence Creek,,,2AK9,2AK9,65.673376, -162.46007
2AL1,small_airport,Collier Airpark,74,NA,US,US-AL,Magnolia Springs,,,2AL1,2AL1,30.424100875854492, -87.77780151367188
2AL2,heliport,Randolph County Hospital Heliport,500,NA,US,US-AL,Roanoke,,,2AL2,2AL2,33.15729904174805, -85.38880157470703
2AL3,small_airport,Emerald Mountain Airport,365,NA,US,US-AL,Wetumpka,,,2AL3,2AL3,32.45539855957031, -86.11920166015625
2AL4,heliport,Petroleum Helicopters Inc Heliport,33,NA,US,US-AL,Theodore,,,AL67,AL67,30.431101, -88.179199
2AL5,small_airport,Flying J Ranch Airport,1430,NA,US,US-AL,Fort Payne,,,2AL5,2AL5,34.392799377441406, -85.66500091552734
2AL6,small_airport,Dale O. Galer Aerodrome,40,NA,US,US-AL,Irvington,,,2AL6,2AL6,30.491981, -88.197307
2AL7,small_airport,Mount Aero Lake Farm Airport,625,NA,US,US-AL,Hanceville,,,2AL7,2AL7,34.062801361083984, -86.72309875488281
2AL8,small_airport,Finkley Farm Airport,413,NA,US,US-AL,Phenix City,,,2AL8,2AL8,32.42110061645508, -85.24810028076172
2AN2,heliport,Ak-Chin Heliport,1073,NA,US,US-AZ,Maricopa,,,2AN2,2AN2,33.027294, -112.085127
2AR0,small_airport,Bully Henry Airport,245,NA,US,US-AR,Lonoke,,,2AR0,2AR0,34.868099212646484, -91.97429656982422
2AR2,small_airport,Davidson Field,835,NA,US,US-AR,Sage,,,2AR2,2AR2,36.015201568603516, -91.79660034179688
2AR3,heliport,Stone County Medical Center Heliport,765,NA,US,US-AR,Mountain View,,,2AR3,2AR3,35.856201171875, -92.08290100097656
2AR5,small_airport,Ashmore Field,1362,NA,US,US-AR,Centerton,,,2AR5,2AR5,36.38309860229492, -94.29389953613281
2AR6,small_airport,Glenn Winchester Airport,365,NA,US,US-AR,Mineral Springs,,,2AR6,2AR6,33.88180160522461, -93.92849731445312
2AR7,small_airport,Head Airfield,441,NA,US,US-AR,Prescott,,,2AR7,2AR7,33.849098205566406, -93.4791030883789
2AR9,heliport,Island Health Clinic Heliport,1547,NA,US,US-AR,Holiday Island,,,2AR9,2AR9,36.45500183105469, -93.71939849853516
2AZ1,small_airport,Indian Hills Airpark,1866,NA,US,US-AZ,Salome,,,2AZ1,2AZ1,33.760346, -113.614748
2AZ2,heliport,Sunstate-Glendale Helistop,1135,NA,US,US-AZ,Peoria,,,2AZ2,2AZ2,33.568678, -112.228051
2AZ4,small_airport,Millar Airport,1215,NA,US,US-AZ,Maricopa,,,2AZ4,2AZ4,33.0536994934082, -112.14600372314453
2AZ9,small_airport,Ethnos Air Airport,4200,NA,US,US-AZ,Mcneal,,,2AZ9,2AZ9,31.606119, -109.654263
2B1,small_airport,Cape Cod Airport,103,NA,US,US-MA,Marston Mills,,,2B1,2B1,41.685299, -70.402298
2B2,small_airport,Plum Island Airport,11,NA,US,US-MA,Newburyport,,,2B2,2B2,42.795898, -70.841202
2B6,small_airport,Hollister Field,1090,NA,US,US-OH,Wilmington,,,2B6,2B6,39.437599182128906, -83.70829772949219
2B9,small_airport,Post Mills Airport,693,NA,US,US-VT,Post Mills,,,2B9,2B9,43.8842010498, -72.2537002563
2C4,small_airport,Flying A Airport,1300,NA,US,US-MN,Chatfield,,,,2C4,43.816724, -92.336869
2C5,small_airport,Almena Airport,740,NA,US,US-MI,Paw Paw,,,,2C5,42.253002, -85.851789
2C6,small_airport,Tri-County Airport,661,NA,US,US-IL,Yates City,,,2C6,2C6,40.773998, -90.074402
2CA0,heliport,Ash Mountain Heliport,1820,NA,US,US-CA,Three Rivers,,,2CA0,2CA0,36.49580001831055, -118.83399963378906
2CA2,small_airport,Cones Field,1800,NA,US,US-CA,Twentynine Palms,,,2CA2,2CA2,34.16279983520508, -116.0479965209961
2CA3,small_airport,Crosswinds Airport,1835,NA,US,US-CA,Twentynine Palms,,,2CA3,2CA3,34.161001, -115.995648
2CA4,small_airport,Blackinton Airport,1156,NA,US,US-CA,Valley Center,,,2CA4,2CA4,33.2588996887207, -117.09200286865234
2CA5,heliport,Platform Emmy Heliport,87,NA,US,US-CA,Huntington Beach,,,2CA5,2CA5,33.66230010986328, -118.04499816894531
2CA6,heliport,K & T 660 Figueroa Partners Heliport,629,NA,US,US-CA,Los Angeles,,,2CA6,2CA6,34.049393, -118.259336
2CA7,heliport,Prudential Helistop,847,NA,US,US-CA,Woodland Hills,,,2CA7,2CA7,34.17559814453125, -118.59500122070312
2CA8,small_airport,B & E Ranch Airport,2793,NA,US,US-CA,Yucca Valley,,,2CA8,2CA8,34.42060089111328, -116.61100006103516
2CA9,heliport,Castle Dome Army Heliport,850,NA,US,US-AZ,Yuma Proving Ground(Yuma),,,2CA9,2CA9,32.979026, -114.267463
2CD2,heliport,UCHealth Medical Center of the Rockies Heliport,5010,NA,US,US-CO,Loveland,,,2CD2,2CD2,40.416182, -104.99694
2CD3,small_airport,Bijou Springs Ranch Airport,6600,NA,US,US-CO,Peyton,,,2CD3,2CD3,39.119472, -104.431806
2CD4,small_airport,West Divide Airport,6352,NA,US,US-CO,Silt,,,2CD4,2CD4,39.430788, -107.623111
2CD5,heliport,Elk Mountain Resort Heliport,8965,NA,US,US-CO,Montrose,,,2CD5,2CD5,38.253333, -107.972222
2CD6,small_airport,Safer Airport,6510,NA,US,US-CO,Elizabeth,,,2CD6,2CD6,39.39485, -104.547033
2CD7,heliport,Turnberry Ranch Heliport,7100,NA,US,US-CO,Carbondale,,,2CD7,2CD7,39.469083, -107.135722
2CD8,heliport,Children's Hospital Heliport,5557,NA,US,US-CO,Aurora,,,2CD8,2CD8,39.742381, -104.835581
2CD9,small_airport,Kellogg Airstrip,5180,NA,US,US-CO,Fort Collins,,,2CD9,2CD9,40.6814, -105.13855
2CL0,heliport,Commerce Business Park Heliport,135,NA,US,US-CA,City of Commerce,,,2CL0,2CL0,33.987549, -118.161483
2CL3,small_airport,Longbell Ranch Airport,4607,NA,US,US-CA,Macdoel,,,2CL3,2CL3,41.642101, -121.889999
2CL4,heliport,American Display Heliport,503,NA,US,US-CA,Redding,,,2CL4,2CL4,40.522098541259766, -122.30400085449219
2CL5,heliport,Kovr Heliport,20,NA,US,US-CA,West Sacramento,,,2CL5,2CL5,38.59159851074219, -121.54499816894531
2CL6,heliport,St John's Regional Medical Center Heliport,76,NA,US,US-CA,Oxnard,,,2CL6,2CL6,34.216615, -119.15733
2CL7,heliport,Glendale Plaza Emergency Heliport,904,NA,US,US-CA,Glendale,,,2CL7,2CL7,34.155692, -118.258515
2CL8,heliport,Inland Valley Medical Center Heliport,1327,NA,US,US-CA,Wildomar,,,2CL8,2CL8,33.592553, -117.237204
2CL9,small_airport,Mustang Airport,45,NA,US,US-CA,Galt,,,2CL9,2CL9,38.33440017700195, -121.30400085449219
2CN2,heliport,Department of Water and Power Granada Hills Heliport,1124,NA,US,US-CA,Los Angeles,,,2CN2,2CN2,34.292348, -118.474713
2CN3,small_airport,Tenaja Valley Airport,2350,NA,US,US-CA,Murrieta,,,2CN3,2CN3,33.512692, -117.330503
2CN4,small_airport,Wonderful Pistachios & Almonds Airport,617,NA,US,US-CA,Lost Hills,,,2CN4,2CN4,35.664623, -119.893518
2CN5,heliport,Regional Medical Center Of San Jose H1 Heliport,107,NA,US,US-CA,San Jose,,,2CN5,2CN5,37.3625, -121.850278
2CN6,heliport,Department of Water & Power Los Angeles Heliport,654,NA,US,US-CA,Los Angeles,,,2CN6,2CN6,34.058055, -118.24954
2CN7,heliport,Qualcomm Building N Heliport,486,NA,US,US-CA,San Diego,,,2CN7,2CN7,32.896236, -117.196029
2CN8,small_airport,Lake Arrowhead Airport,4610,NA,US,US-CA,Lake Arrowhead,,,2CN8,2CN8,34.304167, -117.151389
2CO1,closed,Cherokee Trail Ranch Airport,7240,NA,US,US-CO,Peyton,,,,,39.106385, -104.581935
2CO3,small_airport,Jackrabbit Strip,5000,NA,US,US-CO,Milliken,,,2CO3,2CO3,40.375, -104.87300109863281
2CO4,heliport,Presbyterian/St Luke's Medical Center Heliport,5291,NA,US,US-CO,Denver,,,2CO4,2CO4,39.747752, -104.967866
2CO5,small_airport,Edenway Airport,4970,NA,US,US-CO,Pueblo,,,2CO5,2CO5,38.347198486328125, -104.63200378417969
2CO6,heliport,Manor House Heliport,6220,NA,US,US-CO,Littleton,,,2CO6,2CO6,39.58689880371094, -105.16899871826172
2CO7,heliport,St Mary-Corwin Hospital Heliport,4817,NA,US,US-CO,Pueblo,,,2CO7,2CO7,38.23360061645508, -104.62300109863281
2CO8,heliport,East Morgan County Hospital Heliport,4280,NA,US,US-CO,Brush,,,2CO8,2CO8,40.25830078125, -103.64900207519531
2CO9,heliport,Lands End Heliport,4630,NA,US,US-CO,Grand Junction,,,2CO9,2CO9,39.072167, -108.511167
2D1,small_airport,Lee Field,1062,NA,US,US-OH,Alliance,,,2D1,2D1,40.968398, -81.098585
2D3,seaplane_base,Gooding Lake Seaplane Base,500,NA,US,US-AK,Palmer,,,2D3,2D3,61.62770080566406, -149.23899841308594
2D6,heliport,Bannock Heliport,1100,NA,US,US-OH,Bannock,,,2D6,2D6,40.106998443603516, -80.97540283203125
2D7,small_airport,Beach City Airport,984,NA,US,US-OH,Beach City,,,2D7,2D7,40.64659881591797, -81.55609893798828
2DE2,small_airport,Willaview Airport,63,NA,US,US-DE,Farmington,,,2DE2,2DE2,38.85499954223633, -75.57219696044922
2DE3,small_airport,Hrupsa Airport,55,NA,US,US-DE,Felton,,,2DE3,2DE3,39.002044, -75.682175
2DE8,small_airport,Murphy's Landing Airport,10,NA,US,US-DE,Milford,,,2DE8,2DE8,38.91357, -75.345334
2E2,small_airport,Sharpe's Strip,810,NA,US,US-MI,Emmett,,,2E2,2E2,42.95159912109375, -82.7759017944336
2E6,small_airport,Groton Municipal Airport,1305,NA,US,US-SD,Groton,,,K2E6,2E6,45.534017, -98.094003
2E8,small_airport,Cackleberry Airport,890,NA,US,US-MI,Dexter,,,2E8,2E8,42.424999, -83.8694
2F6,small_airport,Skiatook Municipal Airport,670,NA,US,US-OK,Skiatook,,,2F6,2F6,36.355098724365234, -96.01100158691406
2FA0,heliport,Kendall District Station Heliport,60,NA,US,US-FL,Miami,,,2FA0,2FA0,25.69569969177246, -80.38140106201172
2FA1,small_airport,Squillacote Airport,40,NA,US,US-FL,Ormond Beach,,,2FA1,2FA1,29.251264, -81.200535
2FA2,small_airport,Monroe Airpark,75,NA,US,US-FL,Belleview,,,2FA2,2FA2,29.01889991760254, -82.11370086669922
2FA4,small_airport,Southern Ranch Airport,18,NA,US,US-FL,Clewiston,,,2FA4,2FA4,26.379499435424805, -80.94560241699219
2FA5,small_airport,Thunderbird Air Park,67,NA,US,US-FL,Crescent City,,,2FA5,2FA5,29.472200393676758, -81.5719985961914
2FA6,small_airport,Freeflight International Airport,55,NA,US,US-FL,Coleman,,,2FA6,2FA6,28.811100006103516, -82.06539916992188
2FA8,heliport,Central Florida Regional Hospital Heliport,17,NA,US,US-FL,Sanford,,,2FA8,2FA8,28.813459, -81.283189
2FA9,small_airport,Mount Olive Farm Airport,73,NA,US,US-FL,Lamont,,,2FA9,2FA9,30.336389, -83.783611
2FD0,small_airport,Lazyboy Airport,45,NA,US,US-FL,Branford,,,2FD0,2FD0,29.9758, -82.907303
2FD1,small_airport,Hobby Hill STOLport,95,NA,US,US-FL,Weirsdale,,,2FD1,2FD1,28.975500106811523, -81.918701171875
2FD2,small_airport,Marjorie Kennan Rawlings Airport,78,NA,US,US-FL,Island Grove,,,2FD2,2FD2,29.47929955, -82.05329895
2FD3,heliport,Bayfront Medical Center Inc Heliport,128,NA,US,US-FL,St Petersburg,,,2FD3,2FD3,27.763349, -82.642279
2FD4,heliport,Port Everglades Heliport,25,NA,US,US-FL,Fort Lauderdale,,,2FD4,2FD4,26.096200942993164, -80.11370086669922
2FD5,heliport,Adventure Island Heliport,3,NA,US,US-FL,Marathon,,,2FD5,2FD5,24.73430061340332, -81.0186996459961
2FD6,small_airport,Highlander Airport,15,NA,US,US-FL,Oak Hill,,,2FD6,2FD6,28.88800048828125, -80.86640167236328
2FD7,heliport,Air Orlando Heliport,120,NA,US,US-FL,Orlando,,,2FD7,2FD7,28.4356, -81.473099
2FD9,heliport,AdventHealth DeLand Heliport,78,NA,US,US-FL,DeLand,,,2FD9,2FD9,29.044626, -81.317844
2FL0,small_airport,Crystal Village Airport,113,NA,US,US-FL,Wausau,,,2FL0,2FL0,30.456899642944336, -85.68599700927734
2FL1,heliport,Broward County Civic Arena Heliport,10,NA,US,US-FL,Sunrise,,,2FL1,2FL1,26.159400939941406, -80.32559967041016
2FL2,heliport,Pbso-West County Jail Heliport,14,NA,US,US-FL,Belle Glade,,,,,26.723175, -80.664837
2FL3,small_airport,Folsom Airport,155,NA,US,US-FL,Marianna,,,2FL3,2FL3,30.669016, -85.08364
2FL4,heliport,Brady Heliport,4,NA,US,US-FL,Juna Beach,,,2FL4,2FL4,26.85580062866211, -80.07469940185547
2FL6,heliport,I-10 Helistop,125,NA,US,US-FL,Winfield,,,2FL6,2FL6,30.27325, -82.784392
2FL7,heliport,Porta Target Heliport,28,NA,US,US-FL,Palm Bay,,,2FL7,2FL7,27.9242000579834, -80.61370086669922
2FL8,small_airport,Tiger Lake Airport,54,NA,US,US-FL,River Ranch,,,2FL8,2FL8,27.88360023498535, -81.36309814453125
2FL9,heliport,AdventHealth Heart of Florida Heliport,166,NA,US,US-FL,Davenport,,,2FL9,2FL9,28.18145, -81.64277
2G6,seaplane_base,Mc Laughlin Seaplane Base,7,NA,US,US-VA,Chester,,,2G6,2G6,37.320598602299995, -77.3458023071
2G8,small_airport,Gorham Airport,835,NA,US,US-NH,Gorham,,,2G8,2G8,44.39310073852539, -71.19670104980469
2GA0,small_airport,Kennedy Intranational Airport,695,NA,US,US-GA,Newborn,,,2GA0,2GA0,33.5265007019043, -83.63800048828125
2GA1,small_airport,Poole Farm Airport,830,NA,US,US-GA,Oxford,,,2GA1,2GA1,33.68069839477539, -83.85269927978516
2GA2,small_airport,Swaids Field,85,NA,US,US-GA,Springfield,,,2GA2,2GA2,32.39459991455078, -81.28070068359375
2GA5,small_airport,Windrift Aerodrome,780,NA,US,US-GA,Concord,,,2GA5,2GA5,33.04180145263672, -84.43209838867188
2GA8,small_airport,Shannon Flight Strip,677,NA,US,US-GA,Shannon,,,2GA8,2GA8,34.34980010986328, -85.07689666748047
2GA9,small_airport,Lenora Airport,940,NA,US,US-GA,Snellville,,,2GA9,2GA9,33.80459976196289, -83.99629974365234
2GE1,heliport,Burke County Hospital Heliport,264,NA,US,US-GA,Waynesboro,,,2GE1,2GE1,33.08440017700195, -82.01309967041016
2GE2,heliport,Atlanta Medical Center Heliport,860,NA,US,US-GA,Atlanta,,,2GE2,2GE2,33.762669, -84.373932
2GE3,small_airport,Smith Field,511,NA,US,US-GA,Greensboro,,,GE56,GE56,33.675944, -83.261425
2GE5,small_airport,Chukkar Farm Ultralightport,1000,NA,US,US-GA,Alpharetta,,,2GE5,2GE5,34.19779968261719, -84.31939697265625
2GE6,heliport,Virgil Heliport,300,NA,US,US-GA,Albany,,,2GE6,2GE6,31.595300674438477, -84.42279815673828
2GE7,small_airport,Petty Farms Airport,760,NA,US,US-GA,Crandall,,,2GE7,2GE7,34.958099365234375, -84.7791976928711
2GE8,small_airport,Andy Fields Airport,980,NA,US,US-GA,Newnan,,,2GE8,2GE8,33.46419906616211, -84.66329956054688
2H3,small_airport,Cornell Municipal Airport,1154,NA,US,US-WI,Cornell,,,4WI9,4WI9,45.16513, -91.105621
2H5,small_airport,Houston Fort Bend Airport,105,NA,US,US-TX,Beasley,,,K2H5,2H5,29.498858, -95.898027
2IA0,heliport,Genesis Medical Center East Campus Heliport,677,NA,US,US-IA,Davenport,,,2IA0,2IA0,41.54169845581055, -90.55650329589844
2IA1,heliport,Finley Hospital Heliport,900,NA,US,US-IA,Dubuque,,,2IA1,2IA1,42.49580001831055, -90.68489837646484
2IA2,heliport,MercyOne Elkader Medical Center Heliport,774,NA,US,US-IA,Elkader,,,2IA2,2IA2,42.860102, -91.4151417
2IA3,heliport,Medical Heliport,734,NA,US,US-IA,Mount Pleasant,,,2IA3,2IA3,40.96200180053711, -91.55989837646484
2IA4,heliport,CMC at West Ninth Heliport,922,NA,US,US-IA,Waterloo,,,2IA4,2IA4,42.461005, -92.34468
2IA5,heliport,Grape Community Hospital Heliport,961,NA,US,US-IA,Hamburg,,,2IA5,2IA5,40.622501373291016, -95.64969635009766
2IA6,heliport,Stewart Memorial Hospital Heliport,1243,NA,US,US-IA,Lake City,,,2IA6,2IA6,42.27000045776367, -94.73359680175781
2IA8,heliport,Burgess Health Center Heliport,1049,NA,US,US-IA,Onawa,,,2IA8,2IA8,42.026401519800004, -96.10639953610001
2IA9,small_airport,South 80 Field,1210,NA,US,US-IA,Crystal Lake,,,2IA9,2IA9,43.190799713134766, -93.77079772949219
2ID2,small_airport,Linda's Roost Airport,6250,NA,US,US-ID,Mackay,,,2ID2,2ID2,43.95439910888672, -113.64700317382812
2ID3,small_airport,Josephine Ranch Airport,5100,NA,US,US-ID,Murphy,,,2ID3,2ID3,42.749198, -116.674089
2ID5,small_airport,Splan Airport,4987,NA,US,US-ID,McCall,,,2ID5,2ID5,44.807467, -116.049483
2ID6,small_airport,Lemons Field,2280,NA,US,US-ID,Fruitland,,,2ID6,2ID6,43.927336, -116.946475
2ID7,small_airport,Cayuse Creek /US Forest Service Airport,3500,NA,US,US-ID,Cayuse Creek,,,KC64,C64,46.666599, -115.072998
2ID9,heliport,St. Benedicts Helipad,4000,NA,US,US-ID,Jerome,,,2ID9,2ID9,42.73, -114.518333
2IG4,small_airport,Ed-Air Airport,426,NA,US,US-IN,Oaktown,,OTN,KI20,I20,38.851782, -87.49987
2IG5,heliport,Heli-Bell Museum Heliport,822,NA,US,US-IN,Mentone,,,2IG5,2IG5,41.171556, -86.042816
2IG6,heliport,Indiana University Health Bloomington Heliport,800,NA,US,US-IN,Bloomington,,,2IG6,2IG6,39.160646, -86.541531
2II0,small_airport,Indian Hills Flying Field,860,NA,US,US-IN,Kokomo,,,2II0,2II0,40.417613, -86.150215
2II3,small_airport,Stottlemyer Airport,865,NA,US,US-IN,Frankton,,,2II3,2II3,40.229283, -85.816269
2II4,heliport,Psi Heliport,780,NA,US,US-IN,Plainfield,,,2II4,2II4,39.71120071411133, -86.3855972290039
2II5,heliport,Burns International Harbor Heliport,596,NA,US,US-IN,Portage,,,2II5,2II5,41.637001037597656, -87.15229797363281
2II6,small_airport,Baird-Wolford Airport,880,NA,US,US-IN,Tipton,,,2II6,2II6,40.264464, -86.102536
2II7,heliport,K-9 Korner Heliport,825,NA,US,US-IN,Ossian,,,2II7,2II7,40.89250183105469, -85.20500183105469
2II8,heliport,West Central Community Hospital Heliport,486,NA,US,US-IN,Clinton,,,2II8,2II8,39.652400970458984, -87.39790344238281
2II9,heliport,Rice Private Heliport,660,NA,US,US-IN,Covington,,,2II9,2II9,40.152801513671875, -87.30809783935547
2IL0,small_airport,Sneek Airport,909,NA,US,US-IL,Shannon,,,2IL0,2IL0,42.181400299072266, -89.6769027709961
2IL1,small_airport,Mc Cartney Airport,908,NA,US,US-IL,Durand,,,2IL1,2IL1,42.413898468, -89.32929992679999
2IL2,small_airport,Watters Airport,660,NA,US,US-IL,Dwight,,,2IL2,2IL2,41.055176, -88.462375
2IL3,small_airport,McNeal's Field,575,NA,US,US-IL,East Moline,,,2IL3,2IL3,41.5159, -90.379601
2IL7,small_airport,Ben Emge Airport,555,NA,US,US-IL,Belleville,,,2IL7,2IL7,38.515301, -90.027901
2IL8,heliport,Illinois Department of Transportation Heliport,730,NA,US,US-IL,Elgin,,,2IL8,2IL8,42.019938, -88.281253
2IL9,small_airport,Meadow Creek Airport,770,NA,US,US-IL,Monee,,,2IL9,2IL9,41.43280029296875, -87.78170013427734
2IN0,small_airport,Skip's Place Airport,858,NA,US,US-IN,Ossian,,,2IN0,2IN0,40.83689880371094, -85.17109680175781
2IN2,small_airport,Gerig's Field,850,NA,US,US-IN,Roanoke,,,2IN2,2IN2,41.00920104980469, -85.37139892578125
2IN3,small_airport,Tatertown Airport,700,NA,US,US-IN,Medaryville,,,2IN3,2IN3,41.084800720214844, -86.92420196533203
2IN4,small_airport,Scott Field,810,NA,US,US-IN,Argos,,,2IN4,2IN4,41.25669860839844, -86.189697265625
2IN5,small_airport,Midkiff Airport,1038,NA,US,US-IN,Sulphur Springs,,,2IN5,2IN5,40.015201568603516, -85.472900390625
2IN6,small_airport,Galloway Airport,830,NA,US,US-IN,Noblesville,,,2IN6,2IN6,40.041901, -85.916901
2IN7,heliport,Columbus Regional Hospital Heliport,632,NA,US,US-IN,Columbus,,,2IN7,2IN7,39.217263, -85.893445
2IN8,heliport,Franciscan Health Crown Point Heliport,758,NA,US,US-IN,Crown Point,,,2IN8,2IN8,41.393527, -87.365448
2IN9,small_airport,Berry Field,795,NA,US,US-IN,New Whiteland,,,2IN9,2IN9,39.56669998168945, -86.11810302734375
2IS1,heliport,Proctor Hospital Heliport,640,NA,US,US-IL,Peoria,,,2IS1,2IS1,40.75059890749999, -89.5944976807
2IS3,small_airport,Jackson Field,760,NA,US,US-IL,Elmira,,,2IS3,2IS3,41.17169952392578, -89.80680084228516
2IS4,small_airport,Ritter Field,552,NA,US,US-IL,Illinois City,,,2IS4,2IS4,41.337831, -91.013507
2IS9,small_airport,Pontiac Flying/Cooksville Airport,741,NA,US,US-IL,Lexington,,,2IS9,2IS9,40.578098, -88.707802
2J0,small_airport,Wakulla County Airport,11,NA,US,US-FL,Panacea,,,,2J0,29.988973, -84.395763
2J8,small_airport,Pierson Municipal Airport,63,NA,US,US-FL,Pierson,,,2J8,2J8,29.25, -81.45919799804688
2J9,small_airport,Quincy Municipal Airport,221,NA,US,US-FL,Quincy,,,2J9,2J9,30.5979, -84.557404
2JY2,heliport,Mattix Run Heliport,35,NA,US,US-NJ,Galloway,,,2JY2,2JY2,39.48500061035156, -74.46720123291016
2JY3,heliport,Wm. B. Kessler Memorial Hospital Heliport,71,NA,US,US-NJ,Hammonton,,,2JY3,2JY3,39.63140106201172, -74.77279663085938
2JY5,heliport,Jet Line South Heliport,45,NA,US,US-NJ,Cinnaminson,,,2JY5,2JY5,40.01580047607422, -74.97579956054688
2JY6,heliport,The Ridge At Backbrook Heliport,170,NA,US,US-NJ,Ringoes,,,2JY6,2JY6,40.44125, -74.828167
2JY7,balloonport,Alba Vineyard Balloonport,240,NA,US,US-NJ,Milford,,,2JY7,2JY7,40.615689, -75.164167
2JY9,heliport,Hargrove Heliport,23,NA,US,US-NJ,Camden,,,2JY9,2JY9,39.946388244599994, -75.10388946530001
2K1,small_airport,Pond Creek Municipal Airport,1061,NA,US,US-OK,Pond Creek,,,2K1,2K1,36.662498474121094, -97.80870056152344
2K2,small_airport,Air Park South Airport,1336,NA,US,US-MO,Ozark,,,2K2,2K2,37.059502, -93.234299
2K5,small_airport,Telida Airport,650,NA,US,US-AK,Telida,,TLF,2K5,2K5,63.393902, -153.268997
2K6,small_airport,Elk County Airport,1063,NA,US,US-KS,Moline,,,2K6,2K6,37.38059997558594, -96.27079772949219
2K8,small_airport,Argonia Municipal Airport,1275,NA,US,US-KS,Argonia,,,K2K8,2K8,37.275297, -97.758739
2KL,small_airport,Sunrise Beach Airport,854,NA,US,US-TX,Sunrise Beach Village,,,K2KL,2KL,30.598801, -98.4086
2KS0,small_airport,Rupp Airport,1000,NA,US,US-KS,Sedan,,,2KS0,2KS0,37.20669937133789, -96.07689666748047
2KS1,closed,Rush Airport,950,NA,US,US-KS,Severance,,,,,39.7766, -95.251987
2KS2,small_airport,Stuber Flying Ranch Airport,1200,NA,US,US-KS,Severy,,,2KS2,2KS2,37.655601501464844, -96.29060363769531
2KS5,small_airport,Plains Municipal Airport,2762,NA,US,US-KS,Plains,,,KS44,S44,37.266749, -100.583793
2KS6,small_airport,Flying H Airport,1192,NA,US,US-KS,Seneca,,,2KS6,2KS6,39.750379, -96.026783
2KS8,small_airport,Vonada Airport,1629,NA,US,US-KS,Sylvan Grove,,,2KS8,2KS8,39.11371, -98.40338
2KS9,small_airport,Starshire Farm Airport,990,NA,US,US-KS,Topeka,,,2KS9,2KS9,38.900001525878906, -95.58360290527344
2KT4,small_airport,Eubank Field,850,NA,US,US-KY,Fountain Run,,,2KT4,2KT4,36.796953, -85.966902
2KY0,closed,Jane Todd Crawford Hospital Heliport,625,NA,US,US-KY,Greensburg,,,,,37.243245, -85.493048
2KY1,small_airport,Kitty Hawk Farm Ultralightport,980,NA,US,US-KY,Paint Lick,,,2KY1,2KY1,37.61920166015625, -84.38140106201172
2KY2,heliport,Livingston Hospital Heliport,420,NA,US,US-KY,Salem,,,2KY2,2KY2,37.262994, -88.227639
2KY3,small_airport,Plane-O-Field Airport,655,NA,US,US-KY,Bowling Green,,,2KY3,2KY3,36.83470153808594, -86.45829772949219
2KY4,small_airport,Oz Airport,820,NA,US,US-KY,Elizabethtown,,,2KY4,2KY4,37.655488, -85.813441
2KY5,small_airport,Womstead Field,1050,NA,US,US-KY,Olive Hill,,,2KY5,2KY5,38.375, -83.15470123291016
2KY6,heliport,The Medical Center At Bowling Green Heliport,494,NA,US,US-KY,Bowling Green,,,2KY6,2KY6,36.994456, -86.42863
2KY7,heliport,Taylor County Hospital Heliport,872,NA,US,US-KY,Campbellsville,,,2KY7,2KY7,37.367612, -85.336491
2KY9,heliport,Baptist Health La Grange Heliport,792,NA,US,US-KY,La Grange,,,2KY9,2KY9,38.39418, -85.376865
2L1,small_airport,Larimore Municipal Airport,1130,NA,US,US-ND,Larimore,,,2L1,2L1,47.906898498535156, -97.6406021118164
2LA0,small_airport,Central Industries Airport,2,NA,US,US-LA,Intracoastal City,,,2LA0,2LA0,29.787957, -92.158728
2LA1,heliport,N.Freshwater Bayou Heliport,4,NA,US,US-LA,Intracoastal City,,,2LA1,2LA1,29.68160057067871, -92.26399993896484
2LA2,heliport,Iberia Medical Center Heliport,15,NA,US,US-LA,New Iberia,,,2LA2,2LA2,29.98969, -91.784559
2LA3,seaplane_base,Exxon Intracoastal City Terminal Seaplane Base,8,NA,US,US-LA,Intracoastal City,,,2LA3,2LA3,29.824899673461914, -92.13289642333984
2LA4,small_airport,Bunkie Flying Service Airport,65,NA,US,US-LA,Bunkie,,,2LA4,2LA4,30.929100036621094, -92.1792984008789
2LA5,small_airport,Reed Flying Service Inc Airport,35,NA,US,US-LA,Iota,,,2LA5,2LA5,30.343299865722656, -92.43209838867188
2LA6,small_airport,Howell 1 Airport,180,NA,US,US-LA,Jackson,,,2LA6,2LA6,30.833499908447266, -91.16680145263672
2LA7,small_airport,Costello Airport,75,NA,US,US-LA,Oak Grove,,,2LA7,2LA7,32.965396, -91.425966
2LA9,heliport,Cow Island Trunkline Heliport,8,NA,US,US-LA,Kaplan,,,2LA9,2LA9,29.885499954223633, -92.27239990234375
2LL0,heliport,Taylorville Memorial Hospital Heliport,620,NA,US,US-IL,Taylorville,,,2LL0,2LL0,39.554444, -89.294166
2LL1,small_airport,Cwian Field,550,NA,US,US-IL,Sheridan,,,2LL1,2LL1,41.540247, -88.68802
2LL2,small_airport,Weihler Airport,740,NA,US,US-IL,Sherrard,,,2LL2,2LL2,41.31480026245117, -90.5521011352539
2LL5,small_airport,Justus Airport,685,NA,US,US-IL,Sidney,,,2LL5,2LL5,39.998600006103516, -88.05999755859375
2LL6,heliport,Genesis Medical Center - Illini Campus Heliport,700,NA,US,US-IL,Silvis,,,2LL6,2LL6,41.4944992065, -90.4181976318
2LL7,small_airport,Adams Restricted Landing Area Number 2,630,NA,US,US-IL,Pontiac,,,2LL7,2LL7,40.934816, -88.740664
2LL8,heliport,Washington County Hospital Heliport,700,NA,US,US-IL,Nashville,,,2LL8,2LL8,38.338726, -89.392299
2LL9,small_airport,George Airport,740,NA,US,US-IL,Somonauk,,,2LL9,2LL9,41.704200744628906, -88.69309997558594
2LS0,heliport,Air Logistics Galliano Heliport,-2,NA,US,US-LA,Galliano,,,2LS0,2LS0,29.414441, -90.29769
2LS2,small_airport,Chitimacha Air Park,14,NA,US,US-LA,Charenton,,,2LS2,2LS2,29.872222, -91.543056
2LS3,small_airport,Majors Airpark,34,NA,US,US-LA,Melville,,,2LS3,2LS3,30.626092, -91.768584
2M1,small_airport,Harry S Truman Regional Airport,860,NA,US,US-MO,Bates City,,,2M1,2M1,39.01810073852539, -94.08719635009766
2M5,seaplane_base,Stockton Lake Seaplane Base,867,NA,US,US-MO,Stockton,,,2M5,2M5,37.650001525878906, -93.75849914550781
2M7,small_airport,Hoffman's Black Mountain Aerodrome,677,NA,US,US-MI,Cheboygan,,,2M7,2M7,45.531898498535156, -84.30809783935547
2MA2,heliport,Digital Heliport,450,NA,US,US-MA,Hudson,,,2MA2,2MA2,42.326499938964844, -71.40950012207031
2MA3,heliport,Rider Heliport,40,NA,US,US-MA,Ipswich,,,2MA3,2MA3,42.66429901123047, -70.83979797363281
2MA4,heliport,Compaq Littleton Heliport,300,NA,US,US-MA,Littleton,,,2MA4,2MA4,42.54930114746094, -71.47260284423828
2MA5,heliport,Compaq Powdermill Road Heliport,175,NA,US,US-MA,Maynard,,,2MA5,2MA5,42.42789840698242, -71.45760345458984
2MA6,seaplane_base,Flynns Noquochoke Seaplane Base,,NA,US,US-MA,Westport,,,2MA6,2MA6,41.59360122680664, -71.06529998779297
2MA7,seaplane_base,Falls Pond Seaplane Base,175,NA,US,US-MA,North Attleborough,,,2MA7,2MA7,41.95840072631836, -71.32640075683594
2MA8,heliport,Compaq Stow Heliport,250,NA,US,US-MA,Stow,,,2MA8,2MA8,42.43090057373047, -71.54170227050781
2MA9,heliport,Digital Heliport,130,NA,US,US-MA,Tewksbury,,,2MA9,2MA9,42.63930130004883, -71.22450256347656
2MD0,small_airport,Anderson Farm Airport,8,NA,US,US-MD,Marion,,,2MD0,2MD0,38.04897, -75.704169
2MD1,small_airport,Recompense Farm Airport,30,NA,US,US-MD,Clements,,,2MD1,2MD1,38.30435, -76.7288
2MD2,heliport,Aerospace Tech Center Heliport,415,NA,US,US-MD,Columbia,,,2MD2,2MD2,39.23649978637695, -76.82610321044922
2MD3,small_airport,Fly Away Farm Airport,501,NA,US,US-MD,Boyds,,,2MD3,2MD3,39.229, -77.345333
2MD4,small_airport,Ennis Aerodrome,44,NA,US,US-MD,Salisbury,,,2MD4,2MD4,38.39459991455078, -75.55740356445312
2MD5,small_airport,Hoby Wolf Airport,600,NA,US,US-MD,Eldersburg,,,2MD5,2MD5,39.4079444, -76.9275556
2MD6,small_airport,Cherry Field,8,NA,US,US-MD,Lexington Park,,,2MD6,2MD6,38.14400100708008, -76.47219848632812
2MD7,heliport,Maritime Institute Heliport,170,NA,US,US-MD,Linthicum Heights,,,2MD7,2MD7,39.21120071411133, -76.6718978881836
2MD8,small_airport,Greater Gortner Airport,2500,NA,US,US-MD,Oakland,,,2MD8,2MD8,39.33340072631836, -79.44139862060547
2ME2,heliport,North Haven Heliport,48,NA,US,US-ME,North Haven,,,2ME2,2ME2,44.129372, -68.874339
2ME3,small_airport,Heartstone Farm Airport,230,NA,US,US-ME,Charleston,,,2ME3,2ME3,45.04135, -68.990021
2MI1,heliport,Spectrum Health Blodgett Heliport,800,NA,US,US-MI,Grand Rapids,,,2MI1,2MI1,42.953767, -85.622509
2MI2,heliport,St. Mary Hospital Heliport,665,NA,US,US-MI,Livonia,,,2MI2,2MI2,42.427799224853516, -83.40409851074219
2MI5,small_airport,Somerville Airport,660,NA,US,US-MI,Ada,,,2MI5,2MI5,42.941727, -85.485112
2MI6,small_airport,The Farm Airport,809,NA,US,US-MI,Whittemore,,,2MI6,2MI6,44.28743, -83.760913
2MI7,small_airport,Flugplatz Airport,700,NA,US,US-MI,Lexington,,,,7MI,43.34183, -82.54842
2MI8,small_airport,Vassar Field,675,NA,US,US-MI,Vassar,,,2MI8,2MI8,43.34339904785156, -83.53520202636719
2MI9,small_airport,Capen Airport,1015,NA,US,US-MI,Mecosta,,,2MI9,2MI9,43.62419891357422, -85.31780242919922
2MN0,small_airport,Pribbs Field,818,NA,US,US-MN,East Grand Forks,,,2MN0,2MN0,48.08209991455078, -97.01629638671875
2MN1,small_airport,Winter Strip,1040,NA,US,US-MN,Gluek,,,2MN1,2MN1,45.04610061645508, -95.4645004272461
2MN2,small_airport,Dreamcatcher Airport,1250,NA,US,US-MN,Jacobson,,,2MN2,2MN2,46.940399169921875, -93.29789733886719
2MN3,heliport,CCM Health Heliport,1024,NA,US,US-MN,Montevideo,,,2MN3,2MN3,44.955137, -95.711496
2MN4,small_airport,Cornfield Canyon Airport,1132,NA,US,US-MN,Blue Earth,,,2MN4,2MN4,43.59845, -94.2529
2MN6,small_airport,Van Norman's Airport,1100,NA,US,US-MN,St Charles,,,2MN6,2MN6,44.04719924926758, -92.09290313720703
2MN7,small_airport,Fussy Airport,1100,NA,US,US-MN,North Prairie,,,2MN7,2MN7,45.79159927368164, -94.3407974243164
2MN8,small_airport,Trygstad Airport,1227,NA,US,US-MN,Rochester,,,2MN8,2MN8,43.99610137939453, -92.33570098876953
2MN9,small_airport,F. Dillenburg Airport,1295,NA,US,US-MN,Foley,,,2MN9,2MN9,45.82440185546875, -93.99530029296875
2MO0,small_airport,Fletcher Field,805,NA,US,US-MO,Centerview,,,2MO0,2MO0,38.786659, -93.86752
2MO1,small_airport,Bird Field,1250,NA,US,US-MO,Willard,,,2MO1,2MO1,37.31999969482422, -93.4198989868164
2MO2,small_airport,Northwood Airport,1000,NA,US,US-MO,Holt,,,2MO2,2MO2,39.46419906616211, -94.30799865722656
2MO3,heliport,Independence Regional Health Center Heliport,952,NA,US,US-MO,Independence,,,2MO3,2MO3,39.094398498535156, -94.4352035522461
2MO4,small_airport,Breckenridge Airport,805,NA,US,US-MO,Rockville,,,2MO4,2MO4,38.114199, -94.176049
2MO7,small_airport,Fawn Lake Airport,750,NA,US,US-MO,Warrenton,,,2MO7,2MO7,38.873926, -91.089879
2MO9,small_airport,Runway Ranch Airport,929,NA,US,US-MO,Kansas City,,,2MO9,2MO9,38.95000076293945, -94.45020294189453
2MS0,heliport,Tgp Station 851 Heliport,420,NA,US,US-MS,New Albany,,,2MS0,2MS0,34.538299560546875, -89.01329803466797
2MS1,heliport,Tgp Station 843 Heliport,105,NA,US,US-MS,Isola,,,2MS1,2MS1,33.235599517822266, -90.57749938964844
2MS4,heliport,Tgp Station 546 Heliport,219,NA,US,US-MS,Columbus,,,2MS4,2MS4,33.44919967651367, -88.36170196533203
2MS5,heliport,Tgp Station 847 Heliport,245,NA,US,US-MS,Coffeeville,,,2MS5,2MS5,33.906898498535156, -89.7842025756836
2MS6,heliport,Tgp Station 63 Heliport,175,NA,US,US-MS,Batesville,,,2MS6,2MS6,34.29610061645508, -90.07219696044922
2MS7,small_airport,Puff Airpark,400,NA,US,US-MS,Puckett,,,2MS7,2MS7,32.05849838256836, -89.81670379638672
2MS8,small_airport,Spencer Field,175,NA,US,US-MS,Grenada,,,2MS8,2MS8,33.78969955444336, -89.87439727783203
2MS9,small_airport,Kimmel Land & Cattle Airport,265,NA,US,US-MS,Houston,,,2MS9,2MS9,33.83000183105469, -88.92279815673828
2MT0,small_airport,Bates Airstrip,3110,NA,US,US-MT,Kalispell,,,2MT0,2MT0,48.299972, -114.414543
2MT1,small_airport,Ryan Field,3660,NA,US,US-MT,West Glacier,,,2MT1,2MT1,48.483182, -113.960853
2MT2,small_airport,Braidwater Farm Airport,2910,NA,US,US-MT,Kalispell,,,2MT2,2MT2,48.198535, -114.257834
2MT3,heliport,Community Medical Center Heliport,3160,NA,US,US-MT,Missoula,,,2MT3,2MT3,46.86989974975586, -113.99099731445312
2MT4,heliport,River Bend Ranch Heliport,3010,NA,US,US-MT,Ferndale,,,2MT4,2MT4,48.082801818847656, -113.99600219726562
2MT5,small_airport,Briar Creek Airport,5175,NA,US,US-MT,Bozeman,,,2MT5,2MT5,45.59410095214844, -111.1520004272461
2MT6,heliport,Sun River Ranch Heliport,4450,NA,US,US-MT,Augusta,,,2MT6,2MT6,47.599998474121094, -112.6719970703125
2MT7,heliport,Barnaby Lake Medivac Site Heliport,3034,NA,US,US-MT,Fortine,,,2MT7,2MT7,48.778194, -114.968444
2MT8,small_airport,South Boulder Airport,4560,NA,US,US-MT,Cardwell,,,2MT8,2MT8,45.8151, -111.9259
2MT9,small_airport,Gold Creek Airport,4956,NA,US,US-MT,Drummond,,,2MT9,2MT9,46.523083, -112.9897
2MU0,heliport,Sainte Genevieve County Memorial Hospital Heliport,424,NA,US,US-MO,Sainte Genevieve,,,2MU0,2MU0,37.968692, -90.054243
2MU1,heliport,Saint Louis Children's Hospital Heliport,610,NA,US,US-MO,Saint Louis,,,2MU1,2MU1,38.6349983215332, -90.26110076904297
2MU9,small_airport,Monroe Field,710,NA,US,US-MO,Hawk Point,,,2MU9,2MU9,38.965599060058594, -91.11810302734375
2MY2,small_airport,Zarn Airport,1050,NA,US,US-MN,Amboy,,,2MY2,2MY2,43.907417, -94.274667
2MY3,heliport,Cambridge Medical Center Heliport,980,NA,US,US-MN,Cambridge,,,2MY3,2MY3,45.56545, -93.231361
2MY4,small_airport,Miller Airport,987,NA,US,US-MN,Clear Lake,,,2MY4,2MY4,45.434174, -93.950336
2MY5,small_airport,Sevcik Farms Airport,1148,NA,US,US-MN,Faribault,,,2MY5,2MY5,44.214125, -93.326139
2N2,small_airport,Newfound Valley Airport,510,NA,US,US-NH,Bristol,,,K2N2,2N2,43.591116, -71.751691
2N5,small_airport,Kampel Airport,610,NA,US,US-PA,Wellsville,,,2N5,2N5,40.04840087890625, -76.97799682617188
2N6,small_airport,Redwing Airport,75,NA,US,US-NJ,Jobstown,,,2N6,2N6,40.026501, -74.692703
2N7,seaplane_base,Little Ferry Seaplane Base,,NA,US,US-NJ,Little Ferry,,,2N7,2N7,40.850101, -74.032898
2NA0,small_airport,Soderquist Airport,1880,NA,US,US-ND,Wilton,,,2NA0,2NA0,47.25669860839844, -100.7959976196289
2NA7,small_airport,Slater Farm Airport,1600,NA,US,US-ND,Esmond,,,2NA7,2NA7,48.02830123901367, -99.61650085449219
2NC0,small_airport,Mountain Air Airport,4432,NA,US,US-NC,Burnsville,,,2NC0,2NC0,35.86869812011719, -82.341796875
2NC1,small_airport,Hawk's Knoll Airport,695,NA,US,US-NC,Waxhaw,,,2NC1,2NC1,34.997398376464844, -80.8009033203125
2NC2,heliport,Union Memorial Hospital Inc Heliport,600,NA,US,US-NC,Monroe,,,2NC2,2NC2,34.96770095825195, -80.52369689941406
2NC3,heliport,Sky-5 Heliport,400,NA,US,US-NC,Raleigh,,,2NC3,2NC3,35.779598236083984, -78.67420196533203
2NC4,small_airport,Scottbrook Farm Airport,160,NA,US,US-NC,Goldsboro,,,2NC4,2NC4,35.33789825439453, -78.15470123291016
2NC5,heliport,Meridian Corporate Center Heliport,773,NA,US,US-NC,Charlotte,,,2NC5,2NC5,35.23630142211914, -80.93309783935547
2NC6,small_airport,Flying M Airport,845,NA,US,US-NC,Lexington,,,2NC6,2NC6,35.799598693847656, -80.39620208740234
2NC7,small_airport,Scotland Neck East Airport,103,NA,US,US-NC,Scotland Neck,,,2NC7,2NC7,36.16790008544922, -77.3989028930664
2NC8,small_airport,Goodnight's Airport,740,NA,US,US-NC,Kannapolis,,,2NC8,2NC8,35.52539825439453, -80.63980102539062
2NC9,heliport,Scotland Memorial Heliport,214,NA,US,US-NC,Laurinburg,,,2NC9,2NC9,34.75320053100586, -79.46839904785156
2ND0,small_airport,Kraft Airport,910,NA,US,US-ND,Mapleton,,,2ND0,2ND0,46.813218, -97.050791
2ND1,small_airport,Westerlind Airport,1910,NA,US,US-ND,Mercer,,,2ND1,2ND1,47.49250030517578, -100.69999694824219
2ND2,small_airport,Makeeff Airport,1910,NA,US,US-ND,Mercer,,,2ND2,2ND2,47.566898345947266, -100.72100067138672
2ND3,small_airport,Casslindan Airport,832,NA,US,US-ND,Grand Forks,,,2ND3,2ND3,48.000842, -97.121934
2ND4,heliport,Trinity Medical Center Heliport,1692,NA,US,US-ND,Minot,,,2ND4,2ND4,48.231998443603516, -101.29199981689453
2ND5,small_airport,Cloud 9 Airport,1904,NA,US,US-ND,Turtle Lake,,,2ND5,2ND5,47.641991, -100.821241
2ND7,small_airport,Johnson Airport,1460,NA,US,US-ND,Newburg,,,2ND7,2ND7,48.75170135498047, -100.81400299072266
2ND8,small_airport,Fiebiger Airport,1491,NA,US,US-ND,Montplier,,,2ND8,2ND8,46.671372, -98.658068
2ND9,small_airport,Brekhus Field,1850,NA,US,US-ND,Norma,,,2ND9,2ND9,48.81669998168945, -101.91699981689453
2NE0,small_airport,Johnson Lake Airport,2625,NA,US,US-NE,Johnson Lake,,,2NE0,2NE0,40.696701, -99.834297
2NE3,small_airport,Rusty Crankshaft Airport,1295,NA,US,US-NE,Hickman,,,2NE3,2NE3,40.606252, -96.621362
2NE4,small_airport,Spring Lake Airport,3815,NA,US,US-NE,Gordon,,,2NE4,2NE4,42.449998, -102.147918
2NE5,small_airport,Fiese Airstrip,2535,NA,US,US-NE,Gothenburg,,,2NE5,2NE5,40.89898, -100.09148
2NE6,small_airport,Coppersmith Airport,3240,NA,US,US-NE,Grainton,,,2NE6,2NE6,40.920799255371094, -101.2969970703125
2NE7,small_airport,Kumor Airport,3520,NA,US,US-NE,Grant,,,2NE7,2NE7,40.85139846801758, -101.94300079345703
2NE8,small_airport,Walvoord Field,1370,NA,US,US-NE,Hickman,,,2NE8,2NE8,40.628703, -96.562944
2NH1,heliport,Foote Heliport,235,NA,US,US-NH,Merrimack,,,2NH1,2NH1,42.860257, -71.487382
2NH2,heliport,Westport Heliport,205,NA,US,US-NH,Litchfield,,,2NH2,2NH2,42.85490036010742, -71.47370147705078
2NH3,heliport,Scott Heliport,580,NA,US,US-NH,Bow,,,2NH3,2NH3,43.11429977416992, -71.49819946289062
2NH4,heliport,Spear Memorial Hospital Heliport,977,NA,US,US-NH,Plymouth,,,2NH4,2NH4,43.75749969482422, -71.69560241699219
2NH5,small_airport,Pilgrim's Home Airfield,600,NA,US,US-NH,Westmoreland,,,2NH5,2NH5,42.990299224853516, -72.40170288085938
2NH6,heliport,Speedway Northside Heliport,560,NA,US,US-NH,Loudon,,,2NH6,2NH6,43.365773, -71.455665
2NJ1,small_airport,Jugtown Mountain Airport,600,NA,US,US-NJ,Pattenburg,,,2NJ1,2NJ1,40.633399963378906, -75.06629943847656
2NJ2,heliport,Sportland Pier Heliport,10,NA,US,US-NJ,North Wildwood,,,2NJ2,2NJ2,38.989628, -74.800276
2NJ3,small_airport,Weidel/Private/ Airport,301,NA,US,US-NJ,Pennington,,,2NJ3,2NJ3,40.3404006958, -74.8543014526
2NJ4,heliport,Six Flags Great Adventure Heliport,120,NA,US,US-NJ,Jackson,,,2NJ4,2NJ4,40.14619827270508, -74.43460083007812
2NJ5,small_airport,Sanduff Farms Landing Field,350,NA,US,US-NJ,Phillipsburg,,,2NJ5,2NJ5,40.652002, -75.185997
2NJ6,small_airport,Markle Airport,320,NA,US,US-NJ,Phillipsburg,,,2NJ6,2NJ6,40.77370071411133, -75.1593017578125
2NJ7,heliport,Foley Machinery Heliport,200,NA,US,US-NJ,Piscataway,,,2NJ7,2NJ7,40.55009841918945, -74.48770141601562
2NJ8,heliport,Peddie School Heliport,106,NA,US,US-NJ,Hightstown,,,2NJ8,2NJ8,40.26179885864258, -74.51959991455078
2NJ9,heliport,Bayonne Golf Club Heliport,9,NA,US,US-NJ,Bayonne,,,2NJ9,2NJ9,40.66469955444336, -74.09110260009766
2NK2,heliport,Cove Neck Heliport,10,NA,US,US-NY,Cove Neck,,,2NK2,2NK2,40.88370132446289, -73.49120330810547
2NK3,small_airport,Rose Field,20,NA,US,US-NY,Orient,,,2NK3,2NK3,41.151686, -72.266564
2NK4,heliport,Wheelabrator Westchester Heliport,72,NA,US,US-NY,Peekskill,,,2NK4,2NK4,41.27748, -73.940418
2NK6,heliport,Bertrand Chaffee Hospital Heliport,1420,NA,US,US-NY,Springville,,,2NK6,2NK6,42.508399963378906, -78.65809631347656
2NK7,small_airport,Walton Airport,1200,NA,US,US-NY,Walton,,,2NK7,2NK7,42.157901763916016, -75.14790344238281
2NK8,heliport,Landmark Plaza Heliport,80,NA,US,US-NY,Whitestone,,,2NK8,2NK8,40.78200149536133, -73.82569885253906
2NK9,small_airport,Old Orchard Airpark,660,NA,US,US-NY,Modena,,,2NK9,2NK9,41.65719985961914, -74.07720184326172
2NM9,small_airport,High Desert Ranch Airport,5575,NA,US,US-NM,Corona,,,2NM9,2NM9,34.198763, -105.165108
2NR4,heliport,Apex Healthplex Heliport,432,NA,US,US-NC,Apex,,,2NR4,2NR4,35.747222, -78.872222
2NV2,small_airport,Gibb Ranch Airport,4242,NA,US,US-NV,Sparks,,,2NV2,2NV2,39.835629, -119.675904
2NV3,heliport,Vista Del Monte Lot 55 Heliport,1978,NA,US,US-NV,Mesquite,,,2NV3,2NV3,36.837922, -114.050432
2NV8,heliport,Mercy Air-Pahrump Heliport,2650,NA,US,US-NV,Pahrump,,,2NV8,2NV8,36.191349, -115.986368
2NY0,small_airport,Catskill Valley Airpark,190,NA,US,US-NY,South Cairo,,,2NY0,2NY0,42.280601501464844, -73.9529037475586
2NY2,heliport,High View Too Heliport,586,NA,US,US-NY,Chester,,,2NY2,2NY2,41.349667, -74.333167
2NY3,heliport,Kwp Heliport,610,NA,US,US-NY,Hurley,,,2NY3,2NY3,41.99039840698242, -74.08760070800781
2NY4,closed,Byron Airpark,665,NA,US,US-NY,Byron,,,,,43.074747, -78.051837
2NY5,heliport,Strong Memorial Hospital Heliport,554,NA,US,US-NY,Rochester,,,2NY5,2NY5,43.122299, -77.622803
2NY6,heliport,Slate Hill Heliport,505,NA,US,US-NY,Middletown,,,2NY6,2NY6,41.37200164794922, -74.50769805908203
2NY7,small_airport,Towner Farm Airport,1248,NA,US,US-NY,Addison,,,2NY7,2NY7,42.121498107910156, -77.2114028930664
2NY8,heliport,Benbyre Farm Heliport,260,NA,US,US-NY,Alligerville,,,2NY8,2NY8,41.80339813232422, -74.18289947509766
2NY9,small_airport,Kayutah Lake/James & Helene D Allen Memorial Airport,1385,NA,US,US-NY,Alpine,,,2NY9,2NY9,42.367811, -76.724406
2OA1,small_airport,Bristol Airstrip,865,NA,US,US-OH,Bristolville,,,2OA1,2OA1,41.41510009765625, -80.8843002319336
2OA2,small_airport,Mackie's Airport,993,NA,US,US-OH,Midland,,,2OA2,2OA2,39.247897, -83.916378
2OA3,heliport,Sawmill Creek Resort Heliport,580,NA,US,US-OH,Huron,,,2OA3,2OA3,41.409698486328125, -82.5967025756836
2OA4,small_airport,Victory Field,1055,NA,US,US-OH,Bethel Township,,,2OA4,2OA4,39.931391, -83.908863
2OA5,small_airport,Fl-Airfield,980,NA,US,US-OH,Marysville,,,2OA5,2OA5,40.182498931884766, -83.35089874267578
2OA6,small_airport,Hilltop Airport,1000,NA,US,US-OH,Cambridge,,,2OA6,2OA6,40.08649826049805, -81.58820343017578
2OA7,small_airport,Utter Field,890,NA,US,US-OH,Felicity,,,2OA7,2OA7,38.85139847, -84.10559845
2OG2,heliport,Erickson Air-Crane Whetstone Heliport,1224,NA,US,US-OR,Central Point,,,2OG2,2OG2,42.429861, -122.906671
2OG3,seaplane_base,Wiley's Seaplane Base,12,NA,US,US-OR,Lake Oswego,,,2OG3,2OG3,45.430999755859375, -122.6500015258789
2OG4,small_airport,El Rancho Airport,4130,NA,US,US-OR,Fields,,,2OG4,2OG4,42.331487, -118.650614
2OH0,small_airport,Bohannan Airport,960,NA,US,US-OH,Kilbourne,,,2OH0,2OH0,40.34432, -82.937175
2OH1,heliport,Magruder Memorial Heliport,580,NA,US,US-OH,Port Clinton,,,2OH1,2OH1,41.50559997558594, -82.93270111083984
2OH2,closed,Merritt Airport,990,NA,US,US-OH,Staunton,,,,,39.471726, -83.488358
2OH3,heliport,Adams County Regional Medical Center Heliport,915,NA,US,US-OH,Seaman,,,2OH3,2OH3,38.933869, -83.58339
2OH4,small_airport,Cedar Creek Airport,1220,NA,US,US-OH,Shauck,,,2OH4,2OH4,40.6245002746582, -82.635498046875
2OH5,heliport,Dayton Children's Hospital Heliport,750,NA,US,US-OH,Dayton,,,2OH5,2OH5,39.77336, -84.16976
2OH6,small_airport,Smith Field Airport,935,NA,US,US-OH,Troy,,,2OH6,2OH6,40.012001, -84.281303
2OH7,small_airport,Jbr Airport,945,NA,US,US-OH,Hamersville,,,,2OH7,38.911201477051, -84.026000976562
2OH8,small_airport,Port-O-John Airport,925,NA,US,US-OH,Derby,,,2OH8,2OH8,39.7952995300293, -83.22319793701172
2OH9,small_airport,Caesar Creek Soaring Club Gliderport,940,NA,US,US-OH,Waynesville,,,2OH9,2OH9,39.4767, -84.093803
2OI2,small_airport,Air Jordan Airport,920,NA,US,US-OH,Waynesville,,,2OI2,2OI2,39.561100006103516, -84.0519027709961
2OI3,heliport,Railway Stop Heliport,620,NA,US,US-OH,Walbridge,,,2OI3,2OI3,41.56779861450195, -83.52799987792969
2OI4,small_airport,Aero Lake Farm Airport,1195,NA,US,US-OH,Westfield Center,,,2OI4,2OI4,41.0452995300293, -81.9365005493164
2OI5,heliport,West Chester Hospital Heliport,886,NA,US,US-OH,West Chester,,,OH11,OH11,39.358282, -84.369059
2OI6,heliport,Park Medical Center Heliport,1020,NA,US,US-OH,Columbus,,,2OI6,2OI6,39.970298767089844, -82.96240234375
2OI7,heliport,Worthington Industries Heliport,920,NA,US,US-OH,Columbus,,,2OI7,2OI7,40.11199951171875, -82.98159790039062
2OI8,small_airport,K & D Airways Airport,1248,NA,US,US-OH,Mansfield,,,2OI8,2OI8,40.86389923095703, -82.42060089111328
2OI9,heliport,Comprix Heliport,725,NA,US,US-OH,Groveport,,,2OI9,2OI9,39.839500427246094, -82.90769958496094
2OK,heliport,Alaska Regional Hospital Heliport,137,NA,US,US-AK,Anchorage,,,2OK,2OK,61.212693, -149.826608
2OK2,small_airport,Twin Lakes Airport,1199,NA,US,US-OK,Midwest City,,,2OK2,2OK2,35.329200744628906, -97.2697982788086
2OK4,small_airport,Ragwing Acres Airport,780,NA,US,US-OK,Mounds,,,2OK4,2OK4,35.81679916381836, -96.05860137939453
2OK5,small_airport,Ferrell Ranch Airport,1575,NA,US,US-OK,Mountain View,,,2OK5,2OK5,34.92900085449219, -98.73979949951172
2OK7,small_airport,Cole Landing Area Airport,1353,NA,US,US-OK,Newcastle,,,2OK7,2OK7,35.258399963378906, -97.66280364990234
2OL2,small_airport,Myers Field Ultralight Flightpark,665,NA,US,US-OK,Bixby,,,2OL2,2OL2,35.887833, -95.919639
2OR0,small_airport,Nielsen Airport,510,NA,US,US-OR,Oregon City,,,2OR0,2OR0,45.34687, -122.52244
2OR1,small_airport,Big Muddy Ranch Airport,1641,NA,US,US-OR,Fossil,,,2OR1,2OR1,44.828668, -120.495311
2OR2,heliport,Pioneer Memorial Hospital Heliport,2940,NA,US,US-OR,Prineville,,,2OR2,2OR2,44.31230163574219, -120.83799743652344
2OR3,small_airport,Davidson Field,188,NA,US,US-OR,Jefferson,,,2OR3,2OR3,44.79460144042969, -123.0979995727539
2OR4,small_airport,Heavens Gate Ranch Airport,965,NA,US,US-OR,Oakland,,,2OR4,2OR4,43.47480010986328, -123.34600067138672
2OR5,closed,Woodland Park Hospital Heliport,300,NA,US,US-OR,Portland,,,,,45.533199, -122.551003
2OR6,small_airport,Lockhart Airport,4615,NA,US,US-OR,Ironside,,,2OR6,2OR6,44.181255, -118.216166
2OR9,heliport,World Trade Center Heliport,296,NA,US,US-OR,Portland,,,2OR9,2OR9,45.516277, -122.674849
2P2,small_airport,Washington Island Airport,652,NA,US,US-WI,Washington,,,,2P2,45.387917, -86.92327
2P4,small_airport,Baraga Airport,845,NA,US,US-MI,Baraga,,,2P4,2P4,46.784901, -88.577797
2P5,heliport,Holly City Heliport,85,NA,US,US-NJ,Millville,,,2P5,2P5,39.36899948120117, -75.07350158691406
2P7,small_airport,Alderman Airport,1187,NA,US,US-OH,St Clairsville,,,2P7,2P7,40.05690002441406, -80.96320343017578
2PA1,small_airport,Boehm's Field,1330,NA,US,US-PA,Greeley,,,2PA1,2PA1,41.4431, -75.007896
2PA3,small_airport,Reed Airport,1400,NA,US,US-PA,Lake Ariel,,,2PA3,2PA3,41.497394, -75.40947
2PA4,small_airport,Boden Airport,2120,NA,US,US-PA,Lakewood,,,2PA4,2PA4,41.84669876098633, -75.44629669189453
2PA5,small_airport,Johnson Airport,1506,NA,US,US-PA,Port Allegany,,,2PA5,2PA5,41.780601501464844, -78.26920318603516
2PA6,small_airport,The Old Commonwealth Aerodrome,540,NA,US,US-PA,Shartlesville,,,2PA6,2PA6,40.4911994934082, -76.09770202636719
2PA7,small_airport,Egolf Airport,610,NA,US,US-PA,Landisburg,,,2PA7,2PA7,40.33340072631836, -77.29969787597656
2PA8,small_airport,Shulls Airport,640,NA,US,US-PA,Landisburg,,,2PA8,2PA8,40.30009841918945, -77.29969787597656
2PA9,heliport,Wilson Heliport,460,NA,US,US-PA,Lansdale,,,2PA9,2PA9,40.20009994506836, -75.29959869384766
2PN1,small_airport,Malco Airport,1990,NA,US,US-PA,Westfield,,,2PN1,2PN1,41.9833984375, -77.52469635009766
2PN2,heliport,Fortman Heliport,990,NA,US,US-PA,Shrewsbury,,,2PN2,2PN2,39.787498474121094, -76.64720153808594
2PN4,small_airport,Quemahening Flightpark Ultralightport,1997,NA,US,US-PA,Stoystown,,,2PN4,2PN4,40.0817985534668, -78.94550323486328
2PN5,small_airport,Baker-Sell Airport,1371,NA,US,US-PA,Woodbury,,,2PN5,2PN5,40.2484016418457, -78.36080169677734
2PN7,small_airport,Brennan Personal Use Airport,1210,NA,US,US-PA,Zelienople,,,2PN7,2PN7,40.855848, -80.068772
2PN8,heliport,Federal Reserve Bank Heliport,167,NA,US,US-PA,Philadelphia,,,2PN8,2PN8,39.936798095703125, -75.15049743652344
2PN9,heliport,Sun Company-Radnor Heliport,425,NA,US,US-PA,Radnor,,,2PN9,2PN9,40.04710006713867, -75.35769653320312
2PS0,heliport,Rotelle Heliport,340,NA,US,US-PA,West Point,,,2PS0,2PS0,40.197898864746094, -75.29910278320312
2PS2,heliport,UPMC Memorial Hospital Heliport,410,NA,US,US-PA,York,,,2PS2,2PS2,39.966744, -76.692317
2PS3,small_airport,Mathna Airport,490,NA,US,US-PA,Dillsburg,,,2PS3,2PS3,40.015751, -77.042398
2PS4,heliport,Wgal-Tv Heliport,360,NA,US,US-PA,Lancaster,,,2PS4,2PS4,40.0369987487793, -76.33769989013672
2PS5,heliport,Rosini Residence Heliport,960,NA,US,US-PA,Shamokin,,,2PS5,2PS5,40.786800384521484, -76.58499908447266
2PS7,heliport,Merck Sharp & Dohme Heliport,315,NA,US,US-PA,Lansdale,,,2PS7,2PS7,40.216800689697266, -75.16629791259766
2PS8,closed,UPMC Susquehanna Sunbury Heliport,500,NA,US,US-PA,Sunbury,,,,,40.861702, -76.777737
2PS9,heliport,Albert Einstein Medical Center Heliport,270,NA,US,US-PA,Philadelphia,,,2PS9,2PS9,40.036800384521484, -75.14350128173828
2Q5,small_airport,Parker Carson Airport,4939,NA,US,US-NV,Carson City,,,,25NV,39.201583, -119.683444
2Q9,small_airport,Dyer Airport,4899,NA,US,US-NV,Dyer,,,2Q9,2Q9,37.60969924926758, -118.00599670410156
2R3,seaplane_base,Island Lake Seaplane Base,140,NA,US,US-AK,Kenai,,,2R3,2R3,60.70439910888672, -151.31100463867188
2RI7,heliport,Malbone Estate Heliport,83,NA,US,US-RI,Newport,,,2RI7,2RI7,41.504909, -71.310511
2S0,small_airport,Twisp Municipal Airport,1602,NA,US,US-WA,Twisp,,,2S0,2S0,48.350601, -120.094002
2S1,small_airport,Vashon Municipal Airport,316,NA,US,US-WA,Vashon,,,2S1,2S1,47.458599, -122.473999
2S2,small_airport,Beaver Marsh State Airport,4638,NA,US,US-OR,Beaver Marsh,,,2S2,2S2,43.12900161743164, -121.81800079345703
2S3,small_airport,Archer Memorial Field,794,NA,US,US-MI,St Johns,,,2S3,2S3,42.90700149536133, -84.47219848632812
2S5,small_airport,Waterville Airport,2645,NA,US,US-WA,Waterville,,,2S5,2S5,47.655998, -120.056
2S6,small_airport,Sportsman Airpark,181,NA,US,US-OR,Newberg,,,2S6,2S6,45.29570007, -122.9550018
2SC2,heliport,South Carolina Pipeline Heliport,350,NA,US,US-SC,Columbia,,,2SC2,2SC2,34.0703010559082, -80.91110229492188
2SC3,seaplane_base,Melrose Landing Seaplane Base,,NA,US,US-SC,Hilton Head,,,2SC3,2SC3,32.139198303222656, -80.86810302734375
2SC4,seaplane_base,Salty Fare Landng Seaplane Base,,NA,US,US-SC,Hilton Head,,,2SC4,2SC4,32.2338981628418, -80.75420379638672
2SC5,small_airport,Ridgewood Air Airport,560,NA,US,US-SC,Waterloo,,,2SC5,2SC5,34.29169845581055, -82.05390167236328
2SC6,heliport,Sled Heliport,275,NA,US,US-SC,Columbia,,,2SC6,2SC6,34.06610107421875, -81.1156005859375
2SC7,small_airport,Laurel Hill Farms Airport,8,NA,US,US-SC,McClellanville,,,2SC7,2SC7,33.051701, -79.541397
2SC8,small_airport,Gaston Airport,460,NA,US,US-SC,Gaston,,,2SC8,2SC8,33.785818, -81.092105
2SD0,small_airport,Paradise Valley Airport,4500,NA,US,US-SD,Nemo,,,2SD0,2SD0,44.16360092163086, -103.47899627685547
2SD1,heliport,Mc Kennan Hospital Heliport,1510,NA,US,US-SD,Sioux Falls,,,2SD1,2SD1,43.5340995789, -96.71499633790002
2SD2,small_airport,Pepper Port Airport,1965,NA,US,US-SD,Bonesteel,,,2SD2,2SD2,43.105801, -98.930397
2SD4,small_airport,Nicolaisen Airport,1440,NA,US,US-SD,Mount Vernon,,,2SD4,2SD4,43.68253, -98.26607
2SD5,heliport,Sturgis Heliport,3510,NA,US,US-SD,Sturgis,,,2SD5,2SD5,44.39780044555664, -103.50900268554688
2SD6,heliport,Avera Heart Hospital of South Dakota Heliport,1477,NA,US,US-SD,Sioux Falls,,,2SD6,2SD6,43.49079895019531, -96.77970123291016
2SD7,small_airport,Dangel Airport,1284,NA,US,US-SD,Hurley,,,2SD7,2SD7,43.33330154418945, -97.06279754638672
2SD9,small_airport,TC Field,1515,NA,US,US-SD,Ipswich,,,2SD9,2SD9,45.451663, -99.010241
2T2,small_airport,Percival Springs Airport,550,NA,US,US-IL,Watson,,,2T2,2T2,39.013901, -88.538902
2T7,heliport,Van Camp's Heliport,740,NA,US,US-MI,Tecumseh,,,2T7,2T7,42.01919937133789, -83.84860229492188
2TA1,small_airport,Gravco Airport,284,NA,US,US-TX,Lufkin,,,2TA1,2TA1,31.3902, -94.691002
2TA2,heliport,The Medical Center of Mesquite Heliport,506,NA,US,US-TX,Mesquite,,,2TA2,2TA2,32.77939987182617, -96.6010971069336
2TA3,small_airport,Triangle Ranch Private Airport,4400,NA,US,US-TX,Salt Flat,,,2TA3,2TA3,31.718201, -104.598
2TA4,small_airport,Mario's Flying Pizza Airport,233,NA,US,US-TX,Sealy,,,2TA4,2TA4,29.747506, -96.290066
2TA6,small_airport,Pyramid Ranch Airport,362,NA,US,US-TX,Fairfield,,,2TA6,2TA6,31.862699508666992, -96.19750213623047
2TA8,small_airport,El Coyote Ranch Airport,196,NA,US,US-TX,Encino,,,2TA8,2TA8,26.85840034, -98.22200012
2TE0,small_airport,Eagle Air Park,15,NA,US,US-TX,Brazoria,,BZT,2TE0,2TE0,28.982200622559, -95.579696655273
2TE1,heliport,Republic Helicopters Heliport,21,NA,US,US-TX,Santa Fe,,,2TE1,2TE1,29.32859992980957, -95.06189727783203
2TE2,small_airport,Flying Oaks Airport,720,NA,US,US-TX,Azle,,,2TE2,2TE2,32.829065, -97.53489
2TE4,small_airport,Frels Airport,100,NA,US,US-TX,El Campo,,,2TE4,2TE4,29.17919921875, -96.32270050048828
2TE5,small_airport,Piano Ranch Airport,383,NA,US,US-TX,Flatonia,,,2TE5,2TE5,29.695100784301758, -97.16329956054688
2TE6,small_airport,Burris Ranch Airport,448,NA,US,US-TX,Karnes City,,,2TE6,2TE6,28.883771, -98.049221
2TE7,small_airport,Beach Ranch Airport,2303,NA,US,US-TX,Post,,,2TE7,2TE7,33.227201, -101.133249
2TE9,heliport,Cuero Community Hospital Heliport,210,NA,US,US-TX,Cuero,,,2TE9,2TE9,29.112904, -97.284359
2TN0,heliport,Hospital Wing Heliport,282,NA,US,US-TN,Memphis,,,2TN0,2TN0,35.14179992675781, -90.02680206298828
2TN1,heliport,Lauderdale Community Hospital Heliport,415,NA,US,US-TN,Ripley,,,2TN1,2TN1,35.744112, -89.548606
2TN2,small_airport,Wings Field,540,NA,US,US-TN,Whiteville,,,2TN2,2TN2,35.221259, -89.190178
2TN4,small_airport,Shoemaker-Shelby Forest Airport,335,NA,US,US-TN,Millington,,,2TN4,2TN4,35.31809997558594, -90.0353012084961
2TN5,heliport,Athens Regional Medical Center Heliport,950,NA,US,US-TN,Athens,,,2TN5,2TN5,35.43560028076172, -84.59989929199219
2TN6,heliport,Saint Thomas Midtown Hospital Heliport,690,NA,US,US-TN,Nashville,,,2TN6,2TN6,36.153953, -86.802022
2TN7,small_airport,Wolf Creek Airport,890,NA,US,US-TN,Kingston,,,2TN7,2TN7,35.80440139770508, -84.41580200195312
2TN8,small_airport,Soggy Bottom Airport,580,NA,US,US-TN,Dowelltown,,,2TN8,2TN8,36.018001556396484, -85.93599700927734
2TN9,heliport,Baptist Memorial Hospital Heliport,360,NA,US,US-TN,Union City,,,2TN9,2TN9,36.41400146484375, -89.04669952392578
2TS0,small_airport,Myska Field,595,NA,US,US-TX,Denton,,,2TS0,2TS0,33.154709, -97.138817
2TS1,heliport,Titus Regional Medical Center Heliport,422,NA,US,US-TX,Mount Pleasant,,,2TS1,2TS1,33.175463, -94.97081
2TS2,small_airport,Shofner Farms Airport,57,NA,US,US-TX,Harlingen,,,2TS2,2TS2,26.168862, -97.733055
2TS3,small_airport,Tigerbird Field,450,NA,US,US-TX,Waco,,,2TS3,2TS3,31.67930030822754, -97.2406005859375
2TS4,small_airport,Circle R Ranch Airport,395,NA,US,US-TX,Malakoff,,,2TS4,2TS4,32.13970184326172, -95.97029876708984
2TS6,small_airport,Eagle's Nest Estates Airport,780,NA,US,US-TX,Midlothian,,,,T56,32.512602, -96.926695
2TS7,heliport,Jamak Fabrication Heliport,1050,NA,US,US-TX,Weatherford,,,2TS7,2TS7,32.78120040893555, -97.81639862060547
2TS8,small_airport,Bailey Airport,452,NA,US,US-TX,Stockdale,,,2TS8,2TS8,29.220500946044922, -97.87169647216797
2TX0,small_airport,Blue Sky Airfield,3615,NA,US,US-TX,Amarillo,,,2TX0,2TX0,35.062604, -101.850421
2TX1,small_airport,Russell Paradise Airport,535,NA,US,US-TX,Elmendorf,,,2TX1,2TX1,29.22865, -98.384046
2TX2,small_airport,Ray Smith Farm Airport,1050,NA,US,US-TX,Hico,,,2TX2,2TX2,32.0265007019043, -98.01000213623047
2TX3,small_airport,La Fonda Ranch Airport,1020,NA,US,US-TX,Brackettville,,,2TX3,2TX3,29.216899871826172, -100.61699676513672
2TX4,small_airport,Lewis Ranch Airport,540,NA,US,US-TX,Encinal,,,2TX4,2TX4,27.983600616455078, -99.37670135498047
2TX5,small_airport,Berry Airport,757,NA,US,US-TX,Gatesville,,,2TX5,2TX5,31.453500747680664, -97.75140380859375
2TX6,small_airport,Everitt Airport,3200,NA,US,US-TX,Idalou,,,2TX6,2TX6,33.681800842285156, -101.66799926757812
2TX7,small_airport,JW Airport,875,NA,US,US-TX,Justin,,,2TX7,2TX7,33.093472, -97.396338
2TX8,small_airport,Eagle's Landing Airport,930,NA,US,US-TX,Krum,,,2TX8,2TX8,33.305444, -97.378915
2TX9,heliport,Ethyl Corp Heliport,9,NA,US,US-TX,Pasadena,,,,2TX9,29.741100311279, -95.170799255371
2U0,small_airport,Smith Prairie Airport,4958,NA,US,US-ID,Prairie,,,2U0,2U0,43.49850082397461, -115.5479965209961
2U4,small_airport,Rockford Municipal Airport,4465,NA,US,US-ID,Rockford,,,2U4,2U4,43.19020080566406, -112.53199768066406
2U5,small_airport,Shearer US Forest Service Airport,2634,NA,US,US-ID,Kooskia,,,,2U5,45.9916, -114.841003
2U7,small_airport,Stanley Airport,6403,NA,US,US-ID,Stanley,,,,2U7,44.2085, -114.934998
2U8,small_airport,Thomas Creek Airport,4400,NA,US,US-ID,Stanley,,,2U8,2U8,44.72629928588867, -115.00299835205078
2UT2,small_airport,High Meadow Ranch Airport,8280,NA,US,US-UT,Duck Creek Village,,,2UT2,2UT2,37.52080154418945, -112.64199829101562
2UT3,small_airport,Fort Ranch Airport,4440,NA,US,US-UT,Brigham City,,,2UT3,2UT3,41.4921989440918, -112.59100341796875
2UT4,heliport,Heber Valley Hospital Heliport,5681,NA,US,US-UT,Heber City,,,2UT4,2UT4,40.49020004272461, -111.40599822998047
2UT5,small_airport,Charlevoix Airport,5300,NA,US,US-UT,New Harmony,,,2UT5,2UT5,37.447504, -113.247102
2UT9,small_airport,Glogen Farms Airport,4925,NA,US,US-UT,Wellsville,,,2UT9,2UT9,41.597622, -111.897867
2VA,small_airport,Zangger Vintage Airpark,1476,NA,US,US-IA,Larchwood,,,2VA,2VA,43.4514007568, -96.40589904790001
2VA0,small_airport,Red Birds Airyard Airport,940,NA,US,US-VA,Moneta,,,2VA0,2VA0,37.11307, -79.609417
2VA1,small_airport,Jett Airpark,90,NA,US,US-VA,Edwardsville,,,2VA1,2VA1,37.895999908447266, -76.3552017211914
2VA2,small_airport,Melville Airstrip,90,NA,US,US-VA,Surry,,,2VA2,2VA2,37.145999908447266, -76.79000091552734
2VA3,small_airport,Merlin Aerodrome,235,NA,US,US-VA,Amelia Court House,,,2VA3,2VA3,37.316693, -77.866373
2VA4,heliport,Winchester Medical Center Heliport,831,NA,US,US-VA,Winchester,,,2VA4,2VA4,39.195407, -78.191999
2VA5,small_airport,Rosegill Farm Airstrip,32,NA,US,US-VA,Saluda,,,2VA5,2VA5,37.630699, -76.565002
2VA6,small_airport,Nimcock Airport,85,NA,US,US-VA,Saluda,,,2VA6,2VA6,37.623342, -76.600027
2VA7,heliport,Virginia Beach General Hospital Heliport,25,NA,US,US-VA,Virginia Beach,,,2VA7,2VA7,36.86629867553711, -76.02580261230469
2VA8,small_airport,Brandywyne Farms Airport,66,NA,US,US-VA,Holland,,,2VA8,2VA8,36.686936, -76.823369
2VA9,closed,Airlie Airport,522,NA,US,US-VA,Warrenton,,,,,38.757892, -77.787231
2VE2,heliport,Spring Valley Hospital Heliport,2375,NA,US,US-NV,Las Vegas,,,2VE2,2VE2,36.091026, -115.239359
2VG2,small_airport,Upperville Airport,551,NA,US,US-VA,Upperville,,,2VG2,2VG2,38.9718017578125, -77.86969757080078
2VG3,small_airport,Cub Haven Airport,1350,NA,US,US-VA,Harrisonburg,,,2VG3,2VG3,38.54859924316406, -78.87110137939453
2VG4,heliport,Deer Run Heliport,805,NA,US,US-VA,Nelson County,,,2VG4,2VG4,37.887699127197266, -78.86190032958984
2VG5,heliport,Breeden Company Heliport,8,NA,US,US-VA,Virginia Beach,,,2VG5,2VG5,36.831298828125, -76.06600189208984
2VG6,heliport,Rychlk Heliport,330,NA,US,US-VA,Manassas,,,2VG6,2VG6,38.760799407958984, -77.62969970703125
2VG7,small_airport,Seven Gables Airport,411,NA,US,US-VA,Orange,,,2VG7,2VG7,38.16389846801758, -77.8499984741211
2VG8,small_airport,Folly Neck Airport,12,NA,US,US-VA,Warsaw,,,2VG8,2VG8,37.870653, -76.73235
2VG9,heliport,Sentara Williamsburg Regional Medical Center Heliport,118,NA,US,US-VA,Williamsburg,,,2VG9,2VG9,37.33539962769999, -76.74069976810001
2VI2,seaplane_base,Redoubt View Seaplane Base,385,NA,US,US-AK,Kenai,,,2VI2,2VI2,60.419038, -152.354894
2VT2,seaplane_base,Northern Lights Seaplane Base,95,NA,US,US-VT,Alburg,,,2VT2,2VT2,44.872798919677734, -73.28170013427734
2W1,small_airport,De Vere Field,1800,NA,US,US-WA,Cle Elum,,,2W1,2W1,47.1776008605957, -120.85299682617188
2W2,small_airport,Clearview Airpark,799,NA,US,US-MD,Westminster,,,2W2,2W2,39.466999, -77.017403
2W3,small_airport,Swanson Airport,843,NA,US,US-WA,Eatonville,,,2W3,2W3,46.87160110473633, -122.25700378417969
2WA0,heliport,Pcfd Nr 26 Heliport,1780,NA,US,US-WA,Greenwater,,,2WA0,2WA0,47.144798278808594, -121.63600158691406
2WA1,small_airport,Diamond Point Airstrip,262,NA,US,US-WA,Sequim,,,2WA1,2WA1,48.092602, -122.929001
2WA3,small_airport,Stuart Island West Airport,200,NA,US,US-WA,Friday Harbor,,,2WA3,2WA3,48.683991, -123.222849
2WA4,heliport,Bainbridge Island Fire Department Heliport,184,NA,US,US-WA,Bainbridge Island,,,2WA4,2WA4,47.643276, -122.521505
2WA5,heliport,Coulee Medical Center Heliport,1525,NA,US,US-WA,Grand Coulee,,,2WA5,2WA5,47.941898, -119.00713
2WA6,small_airport,Rice Ranch Airport,2434,NA,US,US-WA,Grand Coulee,,,2WA6,2WA6,47.997906, -119.087355
2WA8,small_airport,Kramer Ranch Airport,2181,NA,US,US-WA,Harrington,,,2WA8,2WA8,47.383764, -118.29812
2WA9,small_airport,Touchet Valley Airport,1350,NA,US,US-WA,Huntsville,,,2WA9,2WA9,46.28919982910156, -118.10099792480469
2WI0,small_airport,Bender's Airport,1197,NA,US,US-WI,Rothschild,,,2WI0,2WI0,44.852699279785156, -89.60009765625
2WI1,small_airport,Uff-Da Airport,945,NA,US,US-WI,Stoughton,,,2WI1,2WI1,42.943599700927734, -89.2865982055664
2WI3,heliport,Milwaukee County Medical Complex Heliport,835,NA,US,US-WI,Wauwatosa,,,2WI3,2WI3,43.041500091552734, -88.02310180664062
2WI4,small_airport,Plows & Props Airport,840,NA,US,US-WI,Springfield,,,2WI4,2WI4,42.642348, -88.398676
2WI5,small_airport,Blair Lake Airport,1625,NA,US,US-WI,Mercer,,,2WI5,2WI5,46.097401, -90.1632
2WI6,small_airport,Matson Airport,915,NA,US,US-WI,Stoughton,,,2WI6,2WI6,42.91360092163086, -89.18620300292969
2WI7,small_airport,Hecklers' Strip,1130,NA,US,US-WI,Mount Vernon,,,2WI7,2WI7,42.96969985961914, -89.66539764404297
2WI8,small_airport,Davies Airport,645,NA,US,US-WI,Oostburg,,,2WI8,2WI8,43.59749984741211, -87.77899932861328
2WI9,small_airport,Bulldog Ranch Airport,955,NA,US,US-WI,Oxford,,,2WI9,2WI9,43.7599983215332, -89.63480377197266
2WN3,small_airport,Curns Airport,790,NA,US,US-WI,New London,,,2WN3,2WN3,44.358525, -88.762486
2WN5,small_airport,Murmuring Springs Airport,910,NA,US,US-WI,Necedah,,,2WN5,2WN5,44.00640106201172, -90.01920318603516
2WN6,small_airport,Cunningham Airport,1089,NA,US,US-WI,Granton,,,2WN6,2WN6,44.529701232910156, -90.41929626464844
2WN7,small_airport,Planeacres Airport,844,NA,US,US-WI,Fisk,,,2WN7,2WN7,43.948699951171875, -88.67320251464844
2WN8,small_airport,Oshkosh Sky Ranch Airport,770,NA,US,US-WI,Omro,,,2WN8,2WN8,44.015228, -88.714269
2WN9,small_airport,Hillcrest Airport,2405,NA,US,US-WA,Goldendale,,,2WN9,2WN9,45.84510040283203, -120.70099639892578
2WS2,small_airport,Connor's Lake Landing,1000,NA,US,US-WI,Webster,,,2WS2,2WS2,45.91275, -92.293239
2WS3,small_airport,C. R. Acres Airport,800,NA,US,US-WI,Greenleaf,,,2WS3,2WS3,44.280792, -88.093577
2WS4,heliport,SSM Health St. Mary's Hospital-Jansville Heliport,860,NA,US,US-WI,Janesville,,,2WS4,2WS4,42.6698694, -88.9763806
2WV2,heliport,Louis A. Johnson Va Medical Center Heliport,1040,NA,US,US-WV,Clarksburg,,,2WV2,2WV2,39.10240173339844, -80.36209869384766
2WV3,small_airport,Hales Landing Airport,650,NA,US,US-WV,Elizabeth,,,2WV3,2WV3,39.11631, -81.392512
2WV5,small_airport,Willow Bend Airport,2150,NA,US,US-WV,Union,,,2WV5,2WV5,37.545445, -80.534163
2WV6,heliport,West Virginia State Police Heliport,682,NA,US,US-WV,Wheeling,,,2WV6,2WV6,40.0531005859375, -80.72470092773438
2WY3,small_airport,Haas Airport,7980,NA,US,US-WY,Merna,,,2WY3,2WY3,43.007198333740234, -110.31700134277344
2WY4,heliport,Raco 1 Heliport,5575,NA,US,US-WY,Burns,,,2WY4,2WY4,41.15810012817383, -104.44599914550781
2WY8,small_airport,Bar Flying E Airport,5550,NA,US,US-WY,Cody,,,2WY8,2WY8,44.40439987182617, -109.28199768066406
2X2,seaplane_base,Willow Seaplane Base,200,NA,US,US-AK,Willow,,,2X2,2X2,61.74399948120117, -150.0590057373047
2XA0,small_airport,Foard County Airport,1479,NA,US,US-TX,Crowell,,,2XA0,2XA0,33.9793014526, -99.7128982544
2XA1,small_airport,Great Horizon Ranch Airport,317,NA,US,US-TX,Cotulla,,,2XA1,2XA1,28.140322, -98.935994
2XA2,small_airport,Knape Airport,20,NA,US,US-TX,Danbury,,,2XA2,2XA2,29.220399856567383, -95.31089782714844
2XA3,heliport,North Cypress Medical Center Heliport,130,NA,US,US-TX,Cypress,,,2XA3,2XA3,29.927545, -95.632832
2XA4,closed,Flying S Ranch Airport,730,NA,US,US-TX,Collinsville,,,,,33.578527, -96.800407
2XA5,small_airport,Someday Ranch Airport,466,NA,US,US-TX,Lockhart,,,2XA5,2XA5,29.803699493408203, -97.69120025634766
2XA6,heliport,Red Berry Heliport,670,NA,US,US-TX,San Antonio,,,2XA6,2XA6,29.43470001220703, -98.41780090332031
2XA7,small_airport,Tailwheel Airport,360,NA,US,US-TX,Longview,,,2XA7,2XA7,32.6150016784668, -94.7656021118164
2XA8,heliport,Air Evac Lifeteam Base 53 Heliport,490,NA,US,US-TX,Teague,,,2XA8,2XA8,31.691578, -96.168664
2XA9,heliport,Rolling Plains Memorial Hospital Heliport,2180,NA,US,US-TX,Sweetwater,,,2XA9,2XA9,32.452367, -100.397167
2XS0,heliport,Valley Regional Medical Center Heliport,26,NA,US,US-TX,Brownsville,,,2XS0,2XS0,25.977842, -97.516011
2XS1,small_airport,Harris Ranch Airport,1188,NA,US,US-TX,Johnson City,,,2XS1,2XS1,30.21969985961914, -98.30259704589844
2XS2,small_airport,Indio-Faith Airport,750,NA,US,US-TX,Carrizo Springs,,,2XS2,2XS2,28.262800216699997, -100.162002563
2XS3,small_airport,Glad Oaks Airport,487,NA,US,US-TX,Palestine,,,2XS3,2XS3,32.019836, -95.695035
2XS4,small_airport,Skida Patch Airport,665,NA,US,US-TX,Bells,,,2XS4,2XS4,33.661399841308594, -96.40640258789062
2XS5,small_airport,Cross Triangle Ranch Airport,1420,NA,US,US-TX,Twin Sisters,,,2XS5,2XS5,30.0104999542, -98.4253005981
2XS6,small_airport,Foster Ranch Airport,1687,NA,US,US-TX,Utopia,,,2XS6,2XS6,29.722533, -99.574673
2XS7,small_airport,Annandale Ranch Airport,1205,NA,US,US-TX,Uvalde,,,2XS7,2XS7,29.450199127197266, -99.68370056152344
2XS8,small_airport,Benson Airstrip,929,NA,US,US-TX,Uvalde,,,2XS8,2XS8,29.229400634765625, -99.82389831542969
2XS9,heliport,Uvalde County Hospital Authority Heliport,917,NA,US,US-TX,Uvalde,,,2XS9,2XS9,29.214099884033203, -99.7677993774414
2Y1,small_airport,Drake Airport,1179,NA,US,US-IA,Radcliffe,,,2Y1,2Y1,42.31669998168945, -93.41690063476562
2Y3,seaplane_base,Yakutat Seaplane Base,,NA,US,US-AK,Yakutat,,,2Y3,2Y3,59.5625, -139.74099731445312
2Z1,seaplane_base,Entrance Island Seaplane Base,0,NA,US,US-AK,Entrance Island,,HBH,,,57.412201, -133.43848
2Z2,small_airport,Eureka Creek Airport,700,NA,US,US-AK,Eureka Creek,,,2Z2,2Z2,65.1759033203125, -150.2209930419922
2Z3,small_airport,Eva Creek Airport,2817,NA,US,US-AK,Eva Creek,,,2Z3,2Z3,64.04199981689453, -148.86300659179688
2Z5,seaplane_base,Chena River Seaplane Base,440,NA,US,US-AK,Fairbanks,,,2Z5,2Z5,64.83290100097656, -147.84800720214844
2Z6,seaplane_base,False Island Seaplane Base,,NA,US,US-AK,False Island,,FAK,2Z6,2Z6,57.5321998596, -135.212997437
30AK,small_airport,Doyle Estates Airport,50,NA,US,US-AK,Kenai,,,30AK,30AK,60.505807, -151.260023
30AL,heliport,Med Flight 2 Heliport,650,NA,US,US-AL,Danville,,,30AL,30AL,34.373001, -87.0805
30AR,small_airport,Phalanx Airport,584,NA,US,US-AR,Greers Ferry,,,30AR,30AR,35.54436111, -92.0561676
30CA,heliport,Indian Valley Hospital Heliport,3482,NA,US,US-CA,Greenville,,,30CA,30CA,40.141201, -120.937226
30CL,heliport,Long Beach Memorial Medical Center Heliport,84,NA,US,US-CA,Long Beach,,,30CL,30CL,33.808741, -118.186728
30CN,heliport,Air Methods Barstow Heliport,2269,NA,US,US-CA,Barstow,,,30CN,30CN,34.894777, -117.024867
30CO,small_airport,Coyote Creek Ranch Airport,8030,NA,US,US-CO,Guffey,,,30CO,30CO,38.67250061035156, -105.33599853515625
30F,small_airport,Lakeview Airport,535,NA,US,US-TX,Lake Dallas,,,30F,30F,33.132099, -97.014198
30FA,heliport,Florida Hospital Lake Placid Heliport,141,NA,US,US-FL,Lake Placid,,,30FA,30FA,27.320499420166016, -81.37049865722656
30FD,heliport,City of Fort Lauderdale Heliport,6,NA,US,US-FL,Fort Lauderdale,,,30FD,30FD,26.124000549316406, -80.14420318603516
30FL,heliport,Putnam Community Medical Center Heliport,59,NA,US,US-FL,Palatka,,,30FL,30FL,29.643512, -81.692906
30GA,small_airport,Elliott Field,1500,NA,US,US-GA,Dawsonville,,,09GE,09GE,34.459, -84.181297
30GE,small_airport,Papas Place Airport,720,NA,US,US-GA,Danielsville,,,30GE,30GE,34.194029, -83.194601
30IL,heliport,Clay County Hospital Heliport,475,NA,US,US-IL,Flora,,,30IL,30IL,38.67940139770508, -88.47250366210938
30IS,small_airport,Aero Lake Estates Airport,875,NA,US,US-IL,Genoa,,,30IS,30IS,42.077383, -88.625372
30KY,heliport,Wayne County Hospital Heliport,923,NA,US,US-KY,Monticello,,,30KY,30KY,36.81949996948242, -84.86740112304688
30LA,seaplane_base,Venice Base Heliport & Seaplane Base,7,NA,US,US-LA,Venice,,,30LA,30LA,29.271099090576172, -89.35579681396484
30LL,small_airport,Williams Airpark,614,NA,US,US-IL,Chapin,,,30LL,30LL,39.75419998168945, -90.36540222167969
30LS,heliport,Rotorcraft Heliport,31,NA,US,US-LA,Broussard,,,30LS,30LS,30.15239906311035, -91.95069885253906
30M,small_airport,Ralph M Sharpe Airport,195,NA,US,US-MS,Tunica,,,30M,30M,34.6589, -90.3763
30MA,heliport,Clinton Hospital Heliport,368,NA,US,US-MA,Clinton,,,30MA,30MA,42.42789840698242, -71.69280242919922
30ME,heliport,Togus VA LZ Heliport,169,NA,US,US-ME,Augusta,,,30ME,30ME,44.275255, -69.704879
30MI,small_airport,Wolverton's Field,750,NA,US,US-MI,Buchanan,,,30MI,30MI,41.859142, -86.327219
30MN,heliport,Mayo Clinic Health System - Albert Lea Heliport,1253,NA,US,US-MN,Albert Lea,,,30MN,30MN,43.652697, -93.371564
30MO,small_airport,Matzie Airport,1129,NA,US,US-MO,Lebanon,,,30MO,30MO,37.64590072631836, -92.49459838867188
30MT,small_airport,Nistler Helena Airport,4753,NA,US,US-MT,Helena,,,30MT,30MT,46.571072, -112.237895
30NC,small_airport,Happy Bottom Airport,705,NA,US,US-NC,Advance,,,30NC,30NC,36.04859924316406, -80.45690155029297
30NE,small_airport,Nebraskaland Aviation Airport,2000,NA,US,US-NE,Campbell,,,30NE,30NE,40.355803, -98.685817
30NJ,heliport,Hillside Farm Heliport,382,NA,US,US-NJ,Hopewell,,,30NJ,30NJ,40.39229965209961, -74.77909851074219
30NM,heliport,Crusader Heliport,4536,NA,US,US-NM,Sedan,,,30NM,30NM,36.116389, -103.096667
30NR,heliport,Bladen Lakes State Forest Tactical Landing Zone Heliport,95,NA,US,US-NC,Elizabethtown,,,30NR,30NR,34.709583, -78.571137
30NY,small_airport,Coye Field,1610,NA,US,US-NY,Canadice,,,30NY,30NY,42.750099182128906, -77.55809783935547
30OH,heliport,Bahl Helistop,1345,NA,US,US-OH,Mansfield,,,30OH,30OH,40.75699996948242, -82.55020141601562
30OK,small_airport,Lobo Field,792,NA,US,US-OK,Calvin,,,OL41,OL41,34.908091, -96.24362
30OR,small_airport,Bero Field,700,NA,US,US-OR,Vernonia,,,30OR,30OR,45.802601, -123.279999
30PN,heliport,Pittsburgh Children'S Hospital Heliport,1098,NA,US,US-PA,Pittsburgh,,,30PN,30PN,40.466389, -79.953056
30SD,small_airport,Barber Field,1380,NA,US,US-SD,Aberdeen,,,30SD,30SD,45.504811, -98.595539
30TA,small_airport,Tri-Modal Air Park,812,NA,US,US-TX,Georgetown,,,30TA,30TA,30.585468, -97.717552
30TE,small_airport,Cone Airport,3144,NA,US,US-TX,Lorenzo,,,30TE,30TE,33.811199, -101.396003
30TN,heliport,Tristar Skyline Medical Center Heliport,720,NA,US,US-TN,Nashville,,,30TN,30TN,36.24625, -86.749957
30TX,small_airport,Burg Lake Aero Airport,1463,NA,US,US-TX,Stonewall,,,30TX,30TX,30.232361, -98.654972
30VA,heliport,Clinch Valley Medical Center Heliport,1965,NA,US,US-VA,Richlands,,,30VA,30VA,37.094600677490234, -81.82099914550781
30W,seaplane_base,Sweetwater Bay Seaplane Base,579,NA,US,US-WI,Oconto,,,30W,30W,44.951900482177734, -87.80840301513672
30WA,small_airport,Weller Canyon Airport,1300,NA,US,US-WA,Waitsburg,,,30WA,30WA,46.31489944458008, -118.1780014038086
30WI,small_airport,Chambers Island Airport,588,NA,US,US-WI,Fish Creek,,,30WI,30WI,45.192562, -87.359333
30XA,heliport,Baylor Scott & White Aubrey Medical Center Heliport,594,NA,US,US-TX,Aubrey,,,30XA,30XA,33.220623, -96.912943
31A,small_airport,Sugar Valley Airport,731,NA,US,US-NC,Mocksville,,,5NC2,5NC2,35.984352, -80.511595
31AK,small_airport,Dalrymple's Airport,450,NA,US,US-AK,Fairbanks,,,31AK,31AK,64.83453, -147.437024
31AL,heliport,Old Chipley Helo Heliport,260,NA,US,US-AL,Slocomb,,,31AL,31AL,31.078289, -85.537789
31AR,heliport,Van Buren County Memorial Hospital Heliport,700,NA,US,US-AR,Clinton,,,31AR,31AR,35.57590103149414, -92.45349884033203
31CA,heliport,Baldwin Base Heliport,50,NA,US,US-CA,Irvine,,,31CA,31CA,33.69390106201172, -117.83200073242188
31CD,small_airport,Diamond Star Ranch Airport,6010,NA,US,US-CO,Colorado City,,,31CD,31CD,37.870856, -104.789057
31CL,heliport,Presbyterian Intercommunity Hospital Whittier Heliport,196,NA,US,US-CA,Whittier,,,31CL,31CL,33.971497, -118.049622
31CT,heliport,Quiet Corner Heliport,268,NA,US,US-CT,Pomfret,,,31CT,31CT,41.854767, -71.928483
31D,small_airport,Inter County Airport,1250,NA,US,US-PA,Irwin,,,K31D,31D,40.331203, -79.780204
31FA,small_airport,S & S Avion Ranch Airport,70,NA,US,US-FL,Oxford,,,31FA,31FA,28.959199905395508, -82.13420104980469
31FD,heliport,Florida State Hospital Heliport,235,NA,US,US-FL,Chattahoochee,,,31FD,31FD,30.706300735473633, -84.84239959716797
31FL,small_airport,Forever Florida Airport,54,NA,US,US-FL,St Cloud,,,31FL,31FL,28.043352, -81.01923
31GA,heliport,WGCL-TV Heliport,939,NA,US,US-GA,Atlanta,,,31GA,31GA,33.787341, -84.401055
31GE,small_airport,Tailwind Ranch Airport,392,NA,US,US-GA,Gordon,,,31GE,31GE,32.81924, -83.407809
31ID,small_airport,Thunder Ridge Airport,2632,NA,US,US-ID,Sandpioint,,,31ID,31ID,48.391667, -116.36625
31IL,heliport,Tamms Correctional Center Heliport,346,NA,US,US-IL,Tamms,,,31IL,31IL,37.25279998779297, -89.28060150146484
31IN,small_airport,Timber House Airport,726,NA,US,US-IN,Lafayette,,,31IN,31IN,40.28499984741211, -86.85639953613281
31IS,heliport,Mason District Hospital Heliport,479,NA,US,US-IL,Havana,,,31IS,31IS,40.30780029, -90.05460358
31KS,small_airport,Mills Field,1536,NA,US,US-KS,South Hutchinson,,,,K22,37.993782, -97.926559
31KY,small_airport,Wild Blue Airport,890,NA,US,US-KY,Paris,,,31KY,31KY,38.109928, -84.338737
31LA,heliport,Iota Volunteer Fire Department Heliport,26,NA,US,US-LA,Iota,,,31LA,31LA,30.329583, -92.497022
31LS,heliport,Helicopter Management Heliport,20,NA,US,US-LA,New Iberia,,,31LS,31LS,30.03420066833496, -91.86430358886719
31MA,small_airport,Norm's Field,460,NA,US,US-MA,Belchertown,,,31MA,31MA,42.26242, -72.409308
31MD,heliport,AGH Heliport,12,NA,US,US-MD,Berlin,,,31MD,31MD,38.340216, -75.210544
31ME,heliport,Coastline 1 Heliport,36,NA,US,US-ME,Scarborough,,,31ME,31ME,43.593781, -70.317381
31MO,small_airport,Hannah Airport,937,NA,US,US-MO,Bolckow,,,31MO,31MO,40.105499267578125, -94.74330139160156
31MT,small_airport,Reverse 5 Bar M Airport,4260,NA,US,US-MT,Great Falls,,,31MT,31MT,47.236454, -111.302315
31NC,heliport,NH HMC Heliport,753,NA,US,US-NC,Huntersville,,,31NC,31NC,35.406792, -80.859071
31NE,small_airport,Grimm Farm Airport,1670,NA,US,US-NE,Crofton,,,31NE,31NE,42.755001068115234, -97.7051010131836
31NH,heliport,Johnson's Heliport,562,NA,US,US-NH,Northwood,,,31NH,31NH,43.223588, -71.25072
31OH,heliport,Au Heliport,1300,NA,US,US-OH,Mansfield,,,31OH,31OH,40.773101806640625, -82.56269836425781
31OK,heliport,Siegfried Point Heliport,740,NA,US,US-OK,Disney,,,31OK,31OK,36.48649978637695, -94.99079895019531
31OR,heliport,Heli-Jet Heliport,397,NA,US,US-OR,Eugene,,,31OR,31OR,44.06209945678711, -123.1449966430664
31PA,heliport,Foxcatcher Farm Heliport,440,NA,US,US-PA,Newtown Square,,,31PA,31PA,39.99789810180664, -75.41519927978516
31PN,heliport,Control Dynamics Heliport,282,NA,US,US-PA,Warminster,,,31PN,31PN,40.209167, -75.081389
31TE,heliport,Tenneco Lab Helistop,58,NA,US,US-TX,Houston,,,31TE,31TE,29.722999572753906, -95.47109985351562
31TN,heliport,Crockett Hospital Heliport,922,NA,US,US-TN,Lawrenceburg,,,31TN,31TN,35.222925, -87.336958
31TS,small_airport,Flyers Field,640,NA,US,US-TX,Greenville,,,31TS,31TS,33.190399169921875, -96.18910217285156
31TT,heliport,A1 HVM Heliport,610,NA,US,US-TX,Lucas,,,31TT,31TT,33.0995, -96.598444
31TX,small_airport,Scott Airport,590,NA,US,US-TX,Waco,,,31TX,31TX,31.596799850463867, -97.33000183105469
31UT,heliport,Kyle Norman Heliport,5342,NA,US,US-UT,Herriman,,,31UT,31UT,40.4939, -112.0636
31VA,small_airport,Aberdeen Field,33,NA,US,US-VA,Smithfield,,,31VA,31VA,37.023799896240234, -76.5886001586914
31WA,heliport,Mary Bridge Heliport,409,NA,US,US-WA,Tacoma,,,31WA,31WA,47.259751, -122.452149
31WI,small_airport,Sullivan Airport,875,NA,US,US-WI,Sullivan,,,KW11,W11,43.007432, -88.602237
31WN,small_airport,Berlin Field LLC,773,NA,US,US-WI,Berlin,,,31WN,31WN,43.991368, -88.961968
31XS,small_airport,Fly-N-Ski Airport,638,NA,US,US-TX,Merit,,,31XS,31XS,33.18370056152344, -96.27030181884766
32AK,small_airport,Hardrock Field,664,NA,US,US-AK,Fairbanks,,,32AK,32AK,64.909078, -147.908047
32AL,heliport,SES North Pad Heliport,633,NA,US,US-AL,Huntsville,,,32AL,32AL,34.664849, -86.746609
32AR,heliport,Stuttgart Memorial Hospital Heliport,193,NA,US,US-AR,Stuttgart,,,32AR,32AR,34.517789, -91.559656
32AZ,heliport,Scottsdale Healthcare Thompson Peak Hospital Heliport,1675,NA,US,US-AZ,Scottsdale,,,32AZ,32AZ,33.67, -111.922222
32CA,small_airport,Stone Airstrip,220,NA,US,US-CA,Lemoore,,,32CA,32CA,36.331538, -119.825177
32CL,small_airport,Bob's Flying Service Inc Airport,40,NA,US,US-CA,Knights Landing,,,32CL,32CL,38.83319854736328, -121.71800231933594
32CN,heliport,Pacific Bell-2300 Imperial Hwy Heliport,209,NA,US,US-CA,El Segundo,,,32CN,32CN,33.93048, -118.38239
32CO,small_airport,Braun Airport,5543,NA,US,US-CO,Penrose,,,32CO,32CO,38.45472, -105.081899
32FA,small_airport,Sunset Strip Airpark,34,NA,US,US-FL,Okeechobee,,,32FA,32FA,27.23419952392578, -80.90370178222656
32FD,heliport,Kearney Construction Heliport,13,NA,US,US-FL,Riverview,,,32FD,32FD,27.904399871826172, -82.38330078125
32GA,small_airport,Sebastian Cove Airport,490,NA,US,US-GA,Eatonton,,,32GA,32GA,33.454201, -83.277802
32ID,small_airport,Chimney Creek Airport,5152,NA,US,US-ID,Fairfield,,,32ID,32ID,43.366217, -114.99109
32II,small_airport,Roberts Airport,820,NA,US,US-IN,Vevay,,,32II,32II,38.81639862060547, -85.1063003540039
32IL,heliport,Village of Tamms Heliport,340,NA,US,US-IL,Tamms,,,32IL,32IL,37.23889923095703, -89.26580047607422
32IS,small_airport,Baker Airport,510,NA,US,US-IL,Kilbourne,,,32IS,32IS,40.14061, -89.99601
32KS,small_airport,Wilkens Airport,2856,NA,US,US-KS,Healy,,,32KS,32KS,38.593101501464844, -100.61299896240234
32KY,heliport,St Elizabeth Medical Center South Heliport,873,NA,US,US-KY,Edgewood,,,32KY,32KY,39.013546, -84.56019
32LA,heliport,John W Stone Oil Distributor LLC Heliport,10,NA,US,US-LA,Cameron,,,32LA,32LA,29.774388, -93.35024
32LS,small_airport,Stevens Strip,13,NA,US,US-LA,Ponchatoula,,,32LS,32LS,30.41959953, -90.35900116
32MA,heliport,Berkshire Medical Center Heliport,855,NA,US,US-MA,North Adams,,,32MA,32MA,42.708035, -73.110328
32MD,small_airport,Roseland Airport,70,NA,US,US-MD,Sudlersville,,,32MD,32MD,39.18939971923828, -75.87680053710938
32MI,heliport,William Beaumont Hospital Heliport,705,NA,US,US-MI,Royal Oak,,,32MI,32MI,42.51503, -83.194095
32MN,small_airport,Don's Landing Field,1140,NA,US,US-MN,Watkins,,,32MN,32MN,45.36750030517578, -94.39939880371094
32MO,small_airport,Smith Airfield,860,NA,US,US-MO,Fredericktown,,,,,37.574356, -90.22582
32MS,small_airport,Browns Landing,385,NA,US,US-MS,Foxworth,,,32MS,32MS,31.194167, -89.9525
32MT,small_airport,Vbob Airport,5025,NA,US,US-MT,Twin Bridges,,,32MT,32MT,45.460325, -112.435125
32NC,small_airport,Hall Field,175,NA,US,US-NC,Parkton,,,32NC,32NC,34.896400451660156, -79.04309844970703
32NE,small_airport,Mc Ginn Ranch Airport,2758,NA,US,US-NE,Dunning,,,32NE,32NE,41.7210998535, -100.087997437
32NH,heliport,Lumberjack Heliport,742,NA,US,US-NH,Wentworth,,,32NH,32NH,43.838358, -71.885873
32NJ,heliport,George Harms Const Heliport,100,NA,US,US-NJ,Farmingdale,,,32NJ,32NJ,40.20840072631836, -74.17459869384766
32NR,small_airport,Sandy Creek Airport,791,NA,US,US-NC,Mooresville,,,32NR,32NR,35.61866, -80.712959
32NY,heliport,S J M Landing Heliport,380,NA,US,US-NY,Washingtonville,,,32NY,32NY,42.4297981262207, -72.216796875
32OH,small_airport,Rall Field,1330,NA,US,US-OH,Mansfield,,,32OH,32OH,40.760057, -82.41833
32OR,small_airport,Pine Hollow Airport,1820,NA,US,US-OR,Tygh Valley,,,32OR,32OR,45.254799, -121.293999
32PN,small_airport,Black Rock Airport,1150,NA,US,US-PA,New Brighton,,,32PN,32PN,40.73400115966797, -80.2759017944336
32TA,small_airport,Wilbourn Ranch Airport,350,NA,US,US-TX,Harwood,,,32TA,32TA,29.68727, -97.435899
32TE,small_airport,Granite Shoals Bob Sylvester Airpark,860,NA,US,US-TX,Granite Shoals,,,,2G5,30.589399, -98.3703
32TN,heliport,Southern Tennessee Medical Center Heliport,984,NA,US,US-TN,Winchester,,,32TN,32TN,35.174281, -86.089917
32TS,heliport,Seton Medical Center H-4 Heliport,582,NA,US,US-TX,Austin,,,32TS,32TS,30.304567, -97.746542
32TT,small_airport,The Mesquite Bean Airport,1960,NA,US,US-TX,Ovalo,,,32TT,32TT,32.161806, -99.779722
32TX,small_airport,Hinson Airport,365,NA,US,US-TX,Kenney,,,32TX,32TX,30.0580997467041, -96.35919952392578
32WI,small_airport,Dalonia Airport,850,NA,US,US-WI,Hortonville,,,32WI,32WI,44.31639862060547, -88.70089721679688
32WN,small_airport,Bowman Ultralight Airstrip,840,NA,US,US-WI,Suring,,,32WN,32WN,45.099013, -88.419871
32WS,seaplane_base,Lisas Landing Seaplane Base,981,NA,US,US-WI,Osceola,,,32WS,32WS,45.29676, -92.537791
32WY,small_airport,Double L Ranch Airport,5732,NA,US,US-WY,Etna,,,32WY,32WY,43.080301, -111.031936
32XA,heliport,Medical Center Hospital Heliport,3000,NA,US,US-TX,Odessa,,,32XA,32XA,31.84618, -102.374382
32XS,heliport,Cedar Circle Heliport,750,NA,US,US-TX,Midlothian,,,32XS,32XS,32.46149826049805, -97.00869750976562
33A,small_airport,Fairview Airport,1046,NA,US,US-SC,Landrum,,,33A,33A,35.15729904174805, -82.12229919433594
33AK,small_airport,Nugget Bench Airport,2010,NA,US,US-AK,Nugget Bench,,,33AK,33AK,62.515689, -150.945804
33AL,heliport,Russell Medical Heliport,703,NA,US,US-AL,Alexander City,,,33AL,33AL,32.930062, -85.970914
33AR,small_airport,Skypoint Estates Airport,547,NA,US,US-AR,Greers Ferry,,,33AR,33AR,35.602199554399995, -92.1425018311
33AZ,small_airport,Yolo Ranch Airport,5950,NA,US,US-AZ,Camp Wood,,,33AZ,33AZ,34.793156, -112.974472
33C,small_airport,Jablonski Airport,634,NA,US,US-MI,Nunica,,,33C,33C,43.08219909667969, -86.09480285644531
33CL,small_airport,Oak Country Ranch Airport,1200,NA,US,US-CA,Paso Robles,,,33CL,33CL,35.56829833984375, -120.7969970703125
33CN,heliport,Platform Hillhouse Heliport,98,NA,US,US-CA,Carpinteria,,,33CN,33CN,34.33110046386719, -119.60399627685547
33CO,small_airport,Melby Ranch Airstrip,8820,NA,US,US-CO,San Luis,,,33CO,33CO,37.064998626708984, -105.46399688720703
33CT,small_airport,Irish Hills Farms Airport,830,NA,US,US-CT,Bethlehem,,,33CT,33CT,41.609444, -73.239722
33FA,small_airport,Recreation Corporation Airport,67,NA,US,US-FL,Okeechobee,,,33FA,33FA,27.598100662231445, -80.84590148925781
33FD,small_airport,R O Ranch STOLport,50,NA,US,US-FL,Mayo,,,33FD,33FD,29.914400100708008, -83.2665023803711
33FL,small_airport,Flying S Ranch Airport,72,NA,US,US-FL,Kenansville,,,33FL,33FL,27.860861, -80.999862
33GA,small_airport,Hudson River Landing Airport,665,NA,US,US-GA,Carnesville,,,33GA,33GA,34.2599983215332, -83.28669738769531
33ID,small_airport,Ozzy's Airport,5128,NA,US,US-ID,Fairfield,,,33ID,33ID,43.379362, -114.769444
33II,heliport,Lifeline Landing Area Heliport,835,NA,US,US-IN,Connersville,,,33II,33II,39.658561, -85.143489
33IL,small_airport,John Scharff Airport,730,NA,US,US-IL,Clinton,,,33IL,33IL,40.166099548339844, -88.89830017089844
33IN,heliport,Rusby Field,750,NA,US,US-IN,Palmyra,,,33IN,33IN,38.44309997558594, -86.05780029296875
33IS,small_airport,Howell Airport,672,NA,US,US-IL,Findlay,,,33IS,33IS,39.544498443603516, -88.75759887695312
33KS,small_airport,Buena Terra Airpark,950,NA,US,US-KS,Topeka,,,33KS,33KS,39.152361, -95.610065
33KY,small_airport,Bigger (Stol) STOLport,406,NA,US,US-KY,Utica,,,33KY,33KY,37.612300872802734, -87.05690002441406
33LA,small_airport,Sky Ranch Airport,25,NA,US,US-LA,Youngsville,,,33LA,33LA,30.069599151611328, -91.98619842529297
33LL,small_airport,Isley Airport,595,NA,US,US-IL,Wheeler,,,33LL,33LL,39.086978, -88.290671
33LS,heliport,Our Lady of Lourdes Heart Hospital Heliport,43,NA,US,US-LA,Lafayette,,,33LS,33LS,30.173383, -92.026253
33MA,heliport,Seagate Heliport,40,NA,US,US-MA,Manchester,,,33MA,33MA,42.55979919433594, -70.77230072021484
33MS,small_airport,Freedom Strip,361,NA,US,US-MS,Purvis,,,33MS,33MS,31.102297, -89.418755
33MT,heliport,Kruger Heliport,3300,NA,US,US-MT,West Glacier,,,33MT,33MT,48.48059844970703, -114.0009994506836
33NC,small_airport,Easley Acres Airport,132,NA,US,US-NC,Lucama,,,33NC,33NC,35.63473, -78.013601
33NE,small_airport,Orr Ranch Airport,3880,NA,US,US-NE,Hay Springs,,,33NE,33NE,42.382895, -102.574239
33NH,heliport,Bear Hill Heliport,864,NA,US,US-NH,Henniker,,,33NH,33NH,43.144345, -71.853634
33NJ,heliport,Centra State Medical Center Heliport,169,NA,US,US-NJ,Freehold,,,33NJ,33NJ,40.237098693847656, -74.31099700927734
33NR,small_airport,Skyline Peak Airport,4548,NA,US,US-NC,Mars Hill,,,33NR,33NR,35.93897, -82.515467
33NY,small_airport,Wayne Delp Airport,800,NA,US,US-NY,West Coxsackie,,,33NY,33NY,42.393243, -73.867779
33OA,heliport,Liberty EMS Heliport,866,NA,US,US-OH,Liberty Township,,,33OA,33OA,39.377323, -84.368402
33OH,small_airport,Sunset Strip,945,NA,US,US-OH,Jerome,,,33OH,33OH,40.185298919677734, -83.17359924316406
33OI,small_airport,Soaring Horse Airport,950,NA,US,US-OH,Spencer,,,33OI,33OI,41.082802, -82.043198
33OK,small_airport,Myrick Airport,1195,NA,US,US-OK,Edmond,,,33OK,33OK,35.7432903732, -97.4055790901
33OR,small_airport,Crow-Mag Airport,450,NA,US,US-OR,Elmira,,,33OR,33OR,44.06370162963867, -123.39099884033203
33PN,heliport,Skepton Heliport,640,NA,US,US-PA,Pennsburg,,,,33PN,40.388999938965, -75.438003540039
33SC,heliport,Triad Carolinas Hospital Heliport,114,NA,US,US-SC,Florence,,,33SC,33SC,34.161399841308594, -79.75389862060547
33TA,small_airport,Lake Bonanza Airport,301,NA,US,US-TX,Montgomery,,,33TA,33TA,30.33300018310547, -95.61219787597656
33TN,heliport,Bradley Memorial Hospital Heliport,908,NA,US,US-TN,Cleveland,,,33TN,33TN,35.178211, -84.869442
33TS,heliport,CHI Saint Joseph Health Burleson Hospital Heliport,386,NA,US,US-TX,Caldwell,,,33TS,33TS,30.521044, -96.716567
33TX,closed,TGP 1 Heliport,108,NA,US,US-TX,Agua Dulce,,,,,27.744499, -97.846397
33UT,heliport,Saratoga Springs Intermountain Health Heliport,4590,NA,US,US-UT,Saratoga Springs,,,33UT,33UT,40.382747, -111.925183
33VA,small_airport,Fox Fire Airport,535,NA,US,US-VA,Halifax,,,33VA,33VA,36.7843017578125, -79.04969787597656
33VT,small_airport,Sky View Acres Airport,1350,NA,US,US-VT,Williamstown,,,33VT,33VT,44.118333, -72.565833
33WA,small_airport,Franz Ranch Airport,1478,NA,US,US-WA,Warden,,,33WA,33WA,47.04990005493164, -118.85099792480469
33WI,heliport,St Mary's Hospital Heliport,617,NA,US,US-WI,Green Bay,,,33WI,33WI,44.53219985961914, -88.06590270996094
33WV,heliport,Healthnet One Base Heliport,1106,NA,US,US-WV,Westover,,,33WV,33WV,39.632494, -80.000784
33WY,small_airport,Skidmo Airport,6020,NA,US,US-WY,Etna,,,33WY,33WY,43.045926, -110.991236
33XS,heliport,Six Mile Volunteer Fire Department Heliport,240,NA,US,US-TX,Hemphill,,,33XS,33XS,31.250303, -93.778996
34AK,small_airport,Cardwell Strip,425,NA,US,US-AK,Palmer,,,34AK,34AK,61.625, -149.28900146484375
34AL,heliport,Gaston Steam Plant Heliport,461,NA,US,US-AL,Wilsonville,,,34AL,34AL,33.246578, -86.469113
34AR,small_airport,Woodbridge Field,215,NA,US,US-AR,Marked Tree,,,34AR,34AR,35.581454, -90.384668
34CD,small_airport,Elk Park Ranch Airport,7900,NA,US,US-CO,Allenspark,,,34CD,34CD,40.262683, -105.448011
34CL,heliport,Burney Service Center Heliport,3116,NA,US,US-CA,Burney,,,34CL,34CL,40.893609, -121.651354
34CN,small_airport,Bonanza Hills Airport,295,NA,US,US-CA,Snelling,,,34CN,34CN,37.52349853515625, -120.39800262451172
34CO,small_airport,Simons Airport,5525,NA,US,US-CO,Aurora,,,34CO,34CO,39.716400146484375, -104.73200225830078
34FA,seaplane_base,Gezik Seaplane Base,,NA,US,US-FL,Rockledge,,,34FA,34FA,28.25189971923828, -80.66889953613281
34FD,small_airport,Blue Ridge Flightpark Airport,25,NA,US,US-FL,Oakhill,,,34FD,34FD,28.857200622558594, -80.90699768066406
34G,small_airport,Merillat Airport,820,NA,US,US-MI,Tecumseh,,,34G,34G,41.974998, -83.925201
34GA,heliport,Cobb General Hospital Heliport,1070,NA,US,US-GA,Austell,,,34GA,34GA,33.857208, -84.606677
34IA,small_airport,Beck Airport,1023,NA,US,US-IA,Russell,,,34IA,34IA,40.997189, -93.155608
34ID,small_airport,Freeman Creek Airport,3100,NA,US,US-ID,Cavendish,,,34ID,34ID,46.570368, -116.341918
34II,small_airport,Burk Personal Use Airport,930,NA,US,US-IN,Anderson,,,34II,34II,40.050816, -85.602318
34IL,small_airport,G. Bray Airport,550,NA,US,US-IL,Lewistown,,,34IL,34IL,40.361545, -90.109849
34IS,small_airport,Jim Wehrli Memorial Airport,630,NA,US,US-IL,Marseilles,,,34IS,34IS,41.444801330566406, -88.7166976928711
34JY,heliport,Borgata Casino Heliport,15,NA,US,US-NJ,Atlantic City,,,34JY,34JY,39.379958, -74.432242
34KS,heliport,St Joseph Heliport,1350,NA,US,US-KS,Wichita,,,34KS,34KS,37.67169952392578, -97.29119873046875
34KY,small_airport,Lone Pine Aerodrome,720,NA,US,US-KY,Auburn,,,34KY,34KY,36.912498474121094, -86.78279876708984
34LA,small_airport,Swamp Smith Airport,180,NA,US,US-LA,DeRidder,,,34LA,34LA,30.772236, -93.271465
34LL,heliport,Il Dept of Corrections/Lawrence County Heliport,490,NA,US,US-IL,Sumner,,,34LL,34LL,38.7282981873, -87.90809631350001
34MA,heliport,Crowhurst Heliport,70,NA,US,US-MA,Manchester-By-The Sea,,,34MA,34MA,42.57630157470703, -70.73889923095703
34MI,small_airport,De Witt Property Airport,605,NA,US,US-MI,Spring Lake,,,34MI,34MI,43.10029983520508, -86.22339630126953
34MN,seaplane_base,Peil/Juliar Seaplane Base,627,NA,US,US-MN,Mound,,,,,44.959685, -93.649399
34MO,heliport,Cyanamid-Hannibal Heliport,468,NA,US,US-MO,Hannibal,,,34MO,34MO,39.83250045776367, -91.44020080566406
34MS,small_airport,Colle Field,25,NA,US,US-MS,Gautier,,,34MS,34MS,30.473800659179688, -88.69619750976562
34MT,heliport,Crazy Mountain Ranch Heliport,5520,NA,US,US-MT,Clyde Park,,,34MT,34MT,45.89915, -110.469988
34NC,heliport,Carolinas Medical Center Heliport,750,NA,US,US-NC,Charlotte,,,34NC,34NC,35.204368, -80.838466
34ND,small_airport,Plath Farms Airport,928,NA,US,US-ND,Davenport,,,34ND,34ND,46.705694, -97.157035
34NE,small_airport,Evans Ranch Airport,2895,NA,US,US-NE,North Platte,,,34NE,34NE,41.2239, -100.934998
34NH,heliport,Stone Song Heliport,360,NA,US,US-NH,Milford,,,34NH,34NH,42.814701080322266, -71.66110229492188
34NK,heliport,CHS Lockport Heliport,617,NA,US,US-NY,Lockport,,,34NK,34NK,43.148652, -78.708077
34NY,small_airport,Horizon Air Airport,490,NA,US,US-NY,Waterloo,,,34NY,34NY,42.980774, -76.930488
34OH,small_airport,Arend Airport,720,NA,US,US-OH,Mark Center,,,34OH,34OH,41.25699996948242, -84.6416015625
34OI,small_airport,Mohican Air Park,1180,NA,US,US-OH,Lakeville,,,34OI,34OI,40.6945, -82.117897
34OR,heliport,Providence Medical Center Heliport,234,NA,US,US-OR,Portland,,,34OR,34OR,45.528198, -122.612
34PA,closed,Waltz Airport,542,NA,US,US-PA,Gettysburg,,,,,39.759076, -77.192738
34PN,small_airport,Fox Field,730,NA,US,US-PA,Newport,,,34PN,34PN,40.485556, -77.220556
34PS,heliport,Kalahari Heliport,1757,NA,US,US-PA,Pocono Manor,,,34PS,34PS,41.097967, -75.387404
34SC,small_airport,Toms Creek Airport,80,NA,US,US-SC,Kingstree,,,34SC,34SC,33.771833, -79.96625
34TA,small_airport,JSI Airport,590,NA,US,US-TX,Princeton,,,34TA,34TA,33.167099, -96.487198
34TE,small_airport,Bee Creek Airport,760,NA,US,US-TX,Maypearl,,,34TE,34TE,32.23210144042969, -97.00859832763672
34TN,heliport,Livingston Hospital Heliport,990,NA,US,US-TN,Livingston,,,34TN,34TN,36.383848, -85.328069
34TS,small_airport,Canyon Lake Airport,940,NA,US,US-TX,Canyon Lake,,,34TS,34TS,29.915800094604492, -98.24749755859375
34TX,heliport,Buckmaster Heliport,920,NA,US,US-TX,Weatherford,,,34TX,34TX,32.631026, -97.79053
34U,small_airport,Yuba Airport,645,NA,US,US-MI,Elk Rapids,,,34U,34U,44.838902, -85.431198
34VA,heliport,Loudoun Hospital Center Heliport,315,NA,US,US-VA,Leesburg,,,34VA,34VA,39.07720184326172, -77.47640228271484
34WA,heliport,Orbit Heliport,22,NA,US,US-WA,Washougal,,,34WA,34WA,45.567901611328125, -122.31900024414062
34WI,small_airport,Thiessen Field,1200,NA,US,US-WI,Baraboo,,,34WI,34WI,43.417758, -89.766201
34XA,heliport,Dell Childrens North Hospital Heliport,934,NA,US,US-TX,Austin,,,34XA,34XA,30.485456, -97.800944
34XS,small_airport,Flying Hare Field Airport,225,NA,US,US-TX,Conroe,,,34XS,34XS,30.391944, -95.538611
35AK,heliport,Seal Island Heliport,30,NA,US,US-AK,Deadhorse,,,,35AK,70.492202758789, -148.69500732422
35AL,heliport,Silcox Memorial Heliport,339,NA,US,US-AL,Citronelle,,,35AL,,31.089605, -88.245089
35C,small_airport,Wells Airport,890,NA,US,US-MI,Rockford,,,35C,35C,43.128399, -85.505302
35CA,heliport,Los Angeles County/USC Medical Center Heliport,454,NA,US,US-CA,Los Angeles,,,35CA,35CA,34.057766, -118.208096
35CN,closed,Farnsworth Ranch Airstrip,50,NA,US,US-CA,Grimes,,,,,39.104237, -121.936515
35CO,small_airport,Lone Tree Ranch Airport,5525,NA,US,US-CO,Punkin Center,,,35CO,35CO,38.886555, -103.812561
35FA,small_airport,Rimes Lakecrest Airport,65,NA,US,US-FL,Cross Creek,,,35FA,35FA,29.467899322509766, -82.15879821777344
35FD,small_airport,Rush Airport,80,NA,US,US-FL,Trenton,,,35FD,35FD,29.69230079650879, -82.72920227050781
35FL,heliport,St Vincent's Medical Center Heliport,63,NA,US,US-FL,Jacksonville,,,35FL,35FL,30.308245, -81.690613
35GA,heliport,Buford Precinct Heliport,1070,NA,US,US-GA,Buford,,,35GA,35GA,34.097900390625, -84.01239776611328
35IA,small_airport,Frazier Airport,758,NA,US,US-IA,DeWitt,,,35IA,35IA,41.848318, -90.595572
35ID,small_airport,Bluebird Airport,4318,NA,US,US-ID,Salmon,,,35ID,35ID,44.923832, -113.966316
35IL,small_airport,7th Heaven Airport,800,NA,US,US-IL,La Moille,,,35IL,35IL,41.534065, -89.204532
35IN,small_airport,Ellison Airport,875,NA,US,US-IN,Tipton,,,35IN,35IN,40.294498443603516, -85.94249725341797
35IS,small_airport,Enoch Airport,676,NA,US,US-IL,Findlay,,,35IS,35IS,39.52840042114258, -88.76399993896484
35JY,balloonport,Cyber Density Balloon Spot Balloonport,75,NA,US,US-NJ,Belle Mead,,,35JY,35JY,40.434427, -74.634626
35KY,small_airport,Welcome Field,695,NA,US,US-KY,Franklin,,,35KY,35KY,36.711504, -86.636038
35L,small_airport,Carriage Lane Airport,920,NA,US,US-MI,Gregory,,,35L,35L,42.464500427246094, -84.03500366210938
35LA,small_airport,Ms Pats Airport,10,NA,US,US-LA,Abbeville,,,35LA,35LA,29.97450065612793, -92.17610168457031
35LL,heliport,Crawford Memorial Hospital Heliport,550,NA,US,US-IL,Robinson,,,35LL,35LL,39.015899658203125, -87.75
35LS,heliport,The Bluffs Heliport,116,NA,US,US-LA,St Francisville,,,35LS,35LS,30.8031005859375, -91.24490356445312
35M,heliport,Vortex Heliport,24,NA,US,US-MS,Long Beach,,,35M,35M,30.388599395751953, -89.16529846191406
35MA,heliport,Idlewide Heliport,25,NA,US,US-MA,Beverly,,,35MA,35MA,42.55799865722656, -70.8125991821289
35ME,small_airport,Matinicus Island Airport,15,NA,US,US-ME,Matinicus Island,,,35ME,35ME,43.871338, -68.893504
35MI,small_airport,Law Field,920,NA,US,US-MI,Vermontville,,,35MI,35MI,42.6338996887207, -84.98580169677734
35MN,small_airport,Wipline Airport,687,NA,US,US-MN,Inver Grove Heights,,,35MN,35MN,44.81549835205078, -93.01349639892578
35MO,heliport,Camp Clark Army Heliport,900,NA,US,US-MO,Nevada,,,35MO,35MO,37.81669998168945, -94.30020141601562
35MT,small_airport,Haynes Ranch Airport,3620,NA,US,US-MT,Billings,,,35MT,35MT,45.861717, -108.646765
35MU,heliport,AE 146 Pike County Heliport,521,NA,US,US-MO,Louisiana,,,35MU,35MU,39.414878, -91.098633
35NC,small_airport,Johnston Airport,715,NA,US,US-NC,Mooresville,,,35NC,35NC,35.538299560546875, -80.75140380859375
35NE,small_airport,Shelburnes Airport,3475,NA,US,US-NE,Ogallala,,,35NE,35NE,41.051802, -101.806364
35NH,seaplane_base,Cobbetts Pond Seaplane Base,177,NA,US,US-NH,Windham,,,35NH,35NH,42.806914, -71.275853
35NJ,heliport,Mid-State Heliport,260,NA,US,US-NJ,Somerville,,,35NJ,35NJ,40.600399017333984, -75.71939849853516
35NK,small_airport,Tiger Paw Aerodrome,295,NA,US,US-NY,Lyndonville,,,35NK,35NK,43.367099, -78.414026
35NR,small_airport,Friendship Field,2356,NA,US,US-NC,Mars Hill,,,35NR,35NR,35.830545, -82.519312
35OH,heliport,Gainey Heliport,940,NA,US,US-OH,Massillon,,,35OH,35OH,40.81869888305664, -81.52369689941406
35OI,heliport,Fawcett Center For Tomorrow Heliport,738,NA,US,US-OH,Columbus,,,35OI,35OI,40.01060104370117, -83.018798828125
35OL,small_airport,Henderson Farm Airport,1750,NA,US,US-OK,Mooreland,,,35OL,35OL,36.63309860229492, -99.15119934082031
35PN,closed,Sabinsville-Consolidated Heliport,1618,NA,US,US-PA,Westfield,,,,,41.872601, -77.5205
35SC,heliport,Kershaw Health Medical Center Heliport,158,NA,US,US-SC,Camden,,,35SC,35SC,34.253527, -80.59154
35TA,heliport,Texas Health Presbyterian Hospital Plano Heliport,669,NA,US,US-TX,Plano,,,35TA,35TA,33.0434989929, -96.83719635010002
35TN,heliport,DeKalb Community Hospital Heliport,1114,NA,US,US-TN,Smithville,,,35TN,35TN,35.960944, -85.830211
35TX,small_airport,Flying B Ranch Airstrip,1750,NA,US,US-TX,Abilene,,,35TX,35TX,32.483972, -99.825912
35VA,heliport,Community Memorial Hospital Heliport,470,NA,US,US-VA,South Hill,,,35VA,35VA,36.751347, -78.104767
35WA,small_airport,Fisher Ranch Airport,1521,NA,US,US-WA,Washtucna,,,35WA,35WA,46.747883, -118.419139
35WI,small_airport,Barker Strip,1000,NA,US,US-WI,East Troy,,,35WI,35WI,42.745601654052734, -88.4375991821289
35XA,small_airport,Rcade Ranch Airport,267,NA,US,US-TX,Livingston,,,35XA,35XA,30.834058, -94.941683
35XS,heliport,Nocona General Hospital Heliport,905,NA,US,US-TX,Nocona,,,35XS,35XS,33.778492, -97.73256
36AA,heliport,W. M. Thomas Pad Heliport,165,NA,US,US-AL,Sawyerville,,,36AA,36AA,32.716836, -87.749524
36AK,small_airport,Flyway Farm Airstrip,150,NA,US,US-AK,Wasilla,,,36AK,36AK,61.346437, -150.069781
36AL,small_airport,Hidden Springs Airpark,346,NA,US,US-AL,Ozark,,,36AL,36AL,31.491973, -85.534407
36AR,small_airport,David Stanley Memorial Airport,200,NA,US,US-AR,Gregory,,,36AR,36AR,35.20640182495117, -91.31890106201172
36CA,small_airport,Stone Land County Airport,265,NA,US,US-CA,Stratford,,,36CA,36CA,36.131900787353516, -119.98600006103516
36CL,heliport,Tri-City Hospital Heliport,260,NA,US,US-CA,Oceanside,,,36CL,36CL,33.185298919677734, -117.29100036621094
36CO,small_airport,Fat Chance Airport,7100,NA,US,US-CO,Peyton,,,36CO,36CO,39.10609817504883, -104.54399871826172
36FA,heliport,Orlando Helicopter Adventures Heliport,85,NA,US,US-FL,Kissimmee,,,36FA,36FA,28.333457, -81.487765
36FD,heliport,Bay Helicopters Heliport,16,NA,US,US-FL,Panama City,,,36FD,36FD,30.19379997253418, -85.66130065917969
36FL,heliport,Mease Countryside Hospital Heliport,32,NA,US,US-FL,Safety Harbor,,,36FL,36FL,28.0428, -82.707377
36GA,small_airport,Lola Landing Airport,870,NA,US,US-GA,Conyers,,,36GA,36GA,33.72423, -83.97608
36H,seaplane_base,Squaw Harbor Seaplane Base,,NA,US,US-AK,Squaw Harbor,,,36H,36H,55.233299, -160.552002
36ID,heliport,Dorothy Roeber Memorial Heliport,5200,NA,US,US-ID,Atlanta,,,36ID,36ID,43.8072, -115.1308
36II,small_airport,Newby Landing Airport,878,NA,US,US-IN,Brownsburg,,,36II,36II,39.84120178222656, -86.34860229492188
36IL,heliport,Batchtown Heliport,595,NA,US,US-IL,Batchtown,,,36IL,36IL,39.033353, -90.666094
36IN,small_airport,Peterson Ultralightport,730,NA,US,US-IN,North Liberty,,,36IN,36IN,41.53620147705078, -86.44390106201172
36IS,small_airport,Gillen Airport,750,NA,US,US-IL,Monmouth,,,36IS,36IS,40.92639923095703, -90.731201171875
36KS,small_airport,White Farms Airport,1000,NA,US,US-KS,Galesburg,,,36KS,36KS,37.4748, -95.343597
36KY,small_airport,Arnolds Airport,843,NA,US,US-KY,Springfield,,,36KY,36KY,37.655601501464844, -85.15380096435547
36LA,heliport,Lafayette Training Center - Cusa Heliport,106,NA,US,US-LA,Lafayette,,,36LA,36LA,30.165800094599998, -92.05870056150002
36LL,heliport,Calhoun Medical Center Heliport,460,NA,US,US-IL,Hardin,,,36LL,36LL,39.15890121459961, -90.62220001220703
36MA,heliport,Beth Israel Deaconess Medical Center Heliport,161,NA,US,US-MA,Boston,,,36MA,36MA,42.338161, -71.109107
36ME,seaplane_base,Camden Seaplane Base,138,NA,US,US-ME,Camden,,,36ME,36ME,44.258154, -69.124372
36MI,small_airport,Tecumseh Mills Airport,797,NA,US,US-MI,Tecumseh,,,,22T,42.034351, -83.879328
36MO,small_airport,Harrison Private Airport,1050,NA,US,US-MO,Rolla,,,36MO,36MO,37.85279846191406, -91.64679718017578
36MT,small_airport,16 Ranch Airport,3960,NA,US,US-MT,Grass Range,,,36MT,36MT,46.800765, -108.811458
36NE,small_airport,Frevert Airstrip,1800,NA,US,US-NE,Wausa,,,36NE,36NE,42.51412, -97.581071
36NH,heliport,Long Pond Landing Heliport,185,NA,US,US-NH,Pelham,,,36NH,36NH,42.700801849365234, -71.37110137939453
36NJ,heliport,Colliers Mills Heliport,130,NA,US,US-NJ,Cassville,,,36NJ,36NJ,40.06340026855469, -74.44129943847656
36NR,heliport,ECU Health Roanoke Chowan Heliport,42,NA,US,US-NC,Ahoskie,,,36NR,36NR,36.284621, -76.995537
36OH,small_airport,Wright's Field,770,NA,US,US-OH,Conesville,,,36OH,36OH,40.19029998779297, -81.9739990234375
36OI,small_airport,Verhoff Airport,728,NA,US,US-OH,Continental,,,36OI,36OI,41.07310104370117, -84.21269989013672
36OK,small_airport,Jones Air Park,1100,NA,US,US-OK,Tecumseh,,,36OK,36OK,35.272300720214844, -96.88169860839844
36OR,small_airport,Jasper Ridge Airstrip,1125,NA,US,US-OR,Jasper,,,36OR,36OR,44.003619, -122.880642
36PA,heliport,Episcopal Hospital Heliport,74,NA,US,US-PA,Philadelphia,,,36PA,36PA,39.9901008605957, -75.13050079345703
36PN,heliport,Us Army Reserve Center Heliport,480,NA,US,US-PA,Edgemont,,,36PN,36PN,39.966800689697266, -75.45240020751953
36TA,heliport,G W Heliport,824,NA,US,US-TX,San Antonio,,,36TA,36TA,29.553191, -98.492577
36TE,heliport,Houston Police Department Northwest Heliport,101,NA,US,US-TX,Houston,,,36TE,36TE,29.857422, -95.539819
36TN,small_airport,Ruckman Field,660,NA,US,US-TN,Clarksville,,,36TN,36TN,36.471847, -87.135674
36TS,heliport,4BH Heliport,920,NA,US,US-TX,Georgetown,,,36TS,36TS,30.71691, -97.77673
36TX,closed,Bevoni-Flying B Airport,763,NA,US,US-TX,Sadler,,,,,33.720901, -96.861397
36UT,heliport,Park City Regional Medical Center Heliport,6759,NA,US,US-UT,Park City,,,36UT,36UT,40.687822, -111.470627
36VA,heliport,Carilion Westlake Center Heliport,990,NA,US,US-VA,Hardy,,,36VA,36VA,37.115957, -79.718
36VT,seaplane_base,North Hero Passage Seaplane Base,102,NA,US,US-VT,North Hero,,,36VT,36VT,44.854722, -73.285556
36WI,small_airport,Holland Air Park,730,NA,US,US-WI,Holmen,,,36WI,36WI,44.03219985961914, -91.29959869384766
36XS,small_airport,Mill Iron Ranch South Airport,2097,NA,US,US-TX,Wellington,,,36XS,36XS,34.897, -100.11789
37AL,heliport,Veterans Heliport,455,NA,US,US-AL,Pell City,,,37AL,37AL,33.603568, -86.302934
37AZ,small_airport,Sarita Airport,1464,NA,US,US-AZ,Coolidge,,,37AZ,37AZ,32.93560028076172, -111.48500061035156
37CA,small_airport,Billy Joe Airport,1350,NA,US,US-CA,Temecula,,,37CA,37CA,33.50699996948242, -117.07099914550781
37CL,small_airport,Lyall-Roberts Airport,925,NA,US,US-CA,Pauma Valley,,,37CL,37CL,33.324501, -116.989998
37CN,closed,Arnold Ranch Airport,382,NA,US,US-CA,Fresno,,,,,36.914398, -119.786003
37CO,heliport,Ash Mesa Heliport,5681,NA,US,US-CO,Olathe,,,37CO,37CO,38.56719970703125, -107.99600219726562
37FA,heliport,Advent Health Orlando Heliport,75,NA,US,US-FL,Orlando,,,37FA,37FA,28.575654, -81.368268
37FL,small_airport,Flying Harness Farms Airport,78,NA,US,US-FL,Bell,,,37FL,37FL,29.718599319458008, -82.84459686279297
37GA,small_airport,Blue Bird Field,800,NA,US,US-GA,Crandall,,,37GA,37GA,34.90039825439453, -84.77850341796875
37I,small_airport,Troy Skypark Airport,930,NA,US,US-OH,Troy,,,OH71,OH71,39.990898, -84.2705
37IA,small_airport,Nemo Field,725,NA,US,US-IA,DeWitt,,,37IA,37IA,41.849665, -90.477352
37ID,small_airport,Hungry Ridge Ranch Airport,4599,NA,US,US-ID,Grangeville,,,37ID,37ID,45.782647, -115.938002
37II,small_airport,Winn Field,808,NA,US,US-IN,Culver,,,37II,37II,41.17559814453125, -86.37359619140625
37IL,small_airport,Minder Airport,600,NA,US,US-IL,Lincoln,,,37IL,37IL,40.133399963378906, -89.32510375976562
37IN,small_airport,Felix Airport,750,NA,US,US-IN,Stockwell,,,37IN,37IN,40.29169845581055, -86.7802963256836
37IS,small_airport,Hilbert Airport,890,NA,US,US-IL,Marengo,,,37IS,37IS,42.33219909667969, -88.60559844970703
37KY,heliport,University of Kentucky Hospital Heliport,1050,NA,US,US-KY,Lexington,,,37KY,37KY,38.030586, -84.508214
37LA,small_airport,Wayne Brown Airport,59,NA,US,US-LA,Clayton,,,37LA,37LA,31.727699279785156, -91.58290100097656
37LL,small_airport,Dale Curten Farm Airport,615,NA,US,US-IL,Modoc,,,37LL,37LL,38.04779815673828, -89.99710083007812
37LS,heliport,Vortex 2 Heliport,20,NA,US,US-LA,New Iberia,,,37LS,37LS,30.03019905090332, -91.87210083007812
37M,small_airport,Hornersville Memorial Airport,248,NA,US,US-MO,Hornersville,,,37M,37M,36.04169845581055, -90.15010070800781
37MA,heliport,Hanson Heliport,400,NA,US,US-MA,Wilbraham,,,37MA,37MA,42.122778, -72.423611
37MI,small_airport,Handleman Sky Ranch Airport,1150,NA,US,US-MI,Oxford,,,37MI,37MI,42.85279846191406, -83.22769927978516
37MO,small_airport,Mayes Homestead Airport,1000,NA,US,US-MO,Polo,,,37MO,37MO,39.57500076293945, -94.18360137939453
37MS,small_airport,P2 Landing Airport,246,NA,US,US-MS,Clinton,,,37MS,37MS,32.389828, -90.350779
37N,small_airport,Garrison Dam Recreational Airpark,1723,NA,US,US-ND,Riverdale,,,37N,37N,47.48310089111328, -101.40899658203125
37NC,heliport,Valdese General Hospital Heliport,1250,NA,US,US-NC,Valdese,,,37NC,37NC,35.74810028076172, -81.52249908447266
37ND,small_airport,Sunset Strip,2360,NA,US,US-ND,Dunn Center,,,37ND,37ND,47.231998443603516, -102.50900268554688
37NE,small_airport,Watermeier Airport,1100,NA,US,US-NE,Burr,,,37NE,37NE,40.6077995300293, -96.30780029296875
37NH,seaplane_base,Hooksett's Seaplane Landing,175,NA,US,US-NH,Hooksett,,,37NH,37NH,43.085833, -71.466944
37NJ,heliport,Deepwater Heliport,,NA,US,US-NJ,Deepwater,,,37NJ,37NJ,39.697601318359375, -75.49490356445312
37NR,heliport,AMC Mountain Area Medical Airlift Heliport,2179,NA,US,US-NC,Franklin,,,37NR,37NR,35.194196, -83.359939
37NY,heliport,Cuba Memorial Hospital Heliport,1600,NA,US,US-NY,Cuba,,,37NY,37NY,42.2209014893, -78.26640319820001
37OH,heliport,Southwest General Hospital Heliport,792,NA,US,US-OH,Middleburg Heights,,,37OH,37OH,41.371141, -81.831367
37OK,heliport,Mercy Hospital Heliport,1072,NA,US,US-OK,Ada,,,37OK,37OK,34.777329, -96.633577
37OR,small_airport,Vey Sheep Ranch Airport,4158,NA,US,US-OR,Starkey,,,37OR,37OR,45.09320068359375, -118.39900207519531
37PA,small_airport,Roadcap Airport,731,NA,US,US-PA,Middleburg,,,37PA,37PA,40.78839874267578, -77.1061019897461
37PN,heliport,UPMC Hanover Hospital Heliport,672,NA,US,US-PA,Hanover,,,37PN,37PN,39.808025, -76.982344
37S,small_airport,Fort Peck Airport,2290,NA,US,US-MT,Fort Peck,,,37S,37S,48.005001068115234, -106.48200225830078
37TA,heliport,Texas Health Presbyterian Hospital Dallas Heliport,563,NA,US,US-TX,Dallas,,,37TA,37TA,32.880451, -96.761044
37TE,small_airport,Johnnie Volk Field,13,NA,US,US-TX,Hitchcock,,,37TE,37TE,29.360200881958008, -95.00990295410156
37TN,heliport,University of Tennessee Lifestar Sweetwater Heliport,968,NA,US,US-TN,Sweetwater,,,37TN,37TN,35.609402, -84.455299
37TS,small_airport,J Linn Airport,460,NA,US,US-TX,Greenville,,,37TS,37TS,32.9907, -96.040002
37TX,small_airport,Yates Field,1400,NA,US,US-TX,San Saba,,,37TX,37TX,31.32159996032715, -98.8656005859375
37VA,heliport,St. Mary's Hospital Heliport,263,NA,US,US-VA,Richmond,,,37VA,37VA,37.570278, -77.502778
37VT,small_airport,Brisson Airport,320,NA,US,US-VT,Shoreham,,,37VT,37VT,43.86859893798828, -73.31809997558594
37WA,small_airport,Baumann Farm Inc. Airport,1600,NA,US,US-WA,Washtucna,,,37WA,37WA,46.8317985534668, -118.46199798583984
37WI,small_airport,Docken Field,1230,NA,US,US-WI,Mount Horeb,,,37WI,37WI,42.9911003112793, -89.75350189208984
37X,small_airport,Skydive Houston Airport,235,NA,US,US-TX,Waller,,,37XA,37XA,29.993401, -95.930298
37XS,small_airport,Lake Whitney Country Club Airport,627,NA,US,US-TX,Whitney,,,37XS,37XS,31.99155, -97.33896
38AK,small_airport,Mels Airport,340,NA,US,US-AK,Wasilla,,,38AK,38AK,61.5625, -149.66799926757812
38AL,small_airport,Sawtooth Plantation Airport,350,NA,US,US-AL,Hurtsboro,,,38AL,38AL,32.168333, -85.40375
38AR,small_airport,Williams Field,1150,NA,US,US-AR,Siloam Springs,,,38AR,38AR,36.11880111694336, -94.46820068359375
38C,small_airport,Cain Field,889,NA,US,US-MI,Stanwood,,,38C,38C,43.599998474121094, -85.49310302734375
38CL,small_airport,Riego Flight Strip,21,NA,US,US-CA,Verona,,,38CL,38CL,38.75410079956055, -121.56300354003906
38CN,small_airport,Sanborn Airport,36,NA,US,US-CA,Meridian,,,38CN,38CN,39.10929870605469, -121.88400268554688
38CO,heliport,Basin Clinic Heliport,5400,NA,US,US-CO,Naturita,,,38CO,38CO,38.21860122680664, -108.2760009765625
38FA,closed,Blue Springs Airport,95,NA,US,US-FL,Madison,,,,,30.4835, -83.249901
38FD,heliport,Griffin's Main Office Heliport,125,NA,US,US-FL,Frostproof,,,38FD,38FD,27.73699951171875, -81.53199768066406
38FL,heliport,Flagler Hospital Heliport,26,NA,US,US-FL,St Augustine,,,38FL,38FL,29.862199783325195, -81.31670379638672
38GA,heliport,Lanier Park Hospital Heliport,1171,NA,US,US-GA,Gainesville,,,38GA,38GA,34.319698333740234, -83.79669952392578
38GE,heliport,SEC Heliport,720,NA,US,US-GA,Monroe,,,38GE,38GE,33.813611, -83.584722
38I,small_airport,Weller Airport,1150,NA,US,US-OH,Urbana,,,K38I,38I,40.091202, -83.6894
38IA,small_airport,Garys Airport,1289,NA,US,US-IA,Estherville,,,38IA,38IA,43.425674, -94.658718
38ID,small_airport,Sky Ranch North Airport,2750,NA,US,US-ID,Nampa,,,38ID,38ID,43.5094444444, -116.667916667
38II,small_airport,Hampton Field,895,NA,US,US-IN,Greencastle,,,38II,38II,39.72861, -86.822484
38IN,small_airport,Fuller Field,910,NA,US,US-IN,Brownsburg,,,38IN,38IN,39.902000427246094, -86.36309814453125
38IS,small_airport,Winchester Airport,685,NA,US,US-IL,Nauvoo,,,38IS,38IS,40.582000732421875, -91.3584976196289
38K,small_airport,Lucas Airport,1485,NA,US,US-KS,Lucas,,,38K,38K,39.061572, -98.526277
38KS,small_airport,Flying M Ranch Ultralight Flightpark,961,NA,US,US-KS,Basehor,,,38KS,38KS,39.152374, -94.91719
38KY,heliport,Grant County Hospital Heliport,956,NA,US,US-KY,Williamstown,,,38KY,38KY,38.6464, -84.57847
38LA,small_airport,Whiteville Airport,43,NA,US,US-LA,Ville Platte,,,38LA,38LA,30.784400939941406, -92.18229675292969
38LL,heliport,Gateway Regional Medical Center Heliport,425,NA,US,US-IL,Granite City,,,38LL,38LL,38.70830154418945, -90.1438980102539
38LS,small_airport,Ace Flying Airport,23,NA,US,US-LA,Parks,,,38LS,38LS,30.2367000579834, -91.82969665527344
38MI,small_airport,Chicora Field,700,NA,US,US-MI,Allegan,,,38MI,38MI,42.46689987182617, -85.97920227050781
38MN,seaplane_base,Root Beers Float Seaplane Base,948,NA,US,US-MN,Delano,,,38MN,38MN,45.04, -93.886
38MO,small_airport,Barber Airport,480,NA,US,US-MO,Annada,,,38MO,38MO,39.25559997558594, -90.85569763183594
38MT,heliport,AV8-ORR Helicopters Heliport,3600,NA,US,US-MT,Hamilton,,,38MT,38MT,46.227961, -114.157333
38N,small_airport,Smyrna Airport,18,NA,US,US-DE,Smyrna,,,38N,38N,39.3036, -75.5839
38ND,small_airport,Schroeder Private Airport,1140,NA,US,US-ND,Erie,,,38ND,38ND,47.097999572753906, -97.40119934082031
38NE,small_airport,Boardman Aerial Airport,1720,NA,US,US-NE,Henderson,,,38NE,38NE,40.75360107421875, -97.85140228271484
38NJ,heliport,Wjrz Radio Heliport,11,NA,US,US-NJ,Manahawkin,,,38NJ,38NJ,39.69929885864258, -74.23429870605469
38NY,small_airport,Greenlawn Farm Airport,1010,NA,US,US-NY,Dundee,,,38NY,38NY,42.54869842529297, -76.95800018310547
38OH,small_airport,Industry Air Park,877,NA,US,US-OH,Baltimore,,,38OH,38OH,39.84479904174805, -82.57959747314453
38OI,small_airport,Ronshausen Airport,750,NA,US,US-OH,Circleville,,,38OI,38OI,39.684863, -83.07045
38OK,heliport,Duncan Regional Hospital Heliport,1120,NA,US,US-OK,Duncan,,,38OK,38OK,34.52135, -97.976862
38OR,heliport,Pge Boardman Heliport,682,NA,US,US-OR,Boardman,,,38OR,38OR,45.69453333, -119.8087556
38PA,small_airport,Aerequus Airport,390,NA,US,US-PA,Solebury,,,38PA,38PA,40.390899658203125, -75.01409912109375
38PN,small_airport,Waisley Airport,950,NA,US,US-PA,Mc Kean,,,38PN,38PN,42.000099182128906, -80.16649627685547
38SC,small_airport,La Dolce Terra Airport,890,NA,US,US-SC,Gaffney,,,38SC,38SC,35.177778, -81.747778
38TE,heliport,John S Dunn Heliport,225,NA,US,US-TX,Houston,,,38TE,38TE,29.714123, -95.395047
38TN,small_airport,Sugar Grove Airport,800,NA,US,US-TN,Westmoreland,,,38TN,38TN,36.625539, -86.272967
38TS,heliport,Steeplechase Heliport,120,NA,US,US-TX,Houston,,,38TS,38TS,29.92564, -95.58973
38TT,small_airport,Olympus Airport,613,NA,US,US-TX,Campbell,,,38TT,38TT,33.167819, -95.980372
38UT,small_airport,Hoytsville Airport,5800,NA,US,US-UT,Coalville,,,38UT,38UT,40.877415, -111.376076
38V,small_airport,Arthur Municipal Airport,3646,NA,US,US-NE,Arthur,,,,NE33,41.562546, -101.711929
38VA,heliport,State Police Division Three Heliport,830,NA,US,US-VA,Appomattox,,,38VA,38VA,37.36040115356445, -78.868896484375
38VG,heliport,Carilion Tazewell Community Hospital Heliport,2477,NA,US,US-VA,Tazewell,,,38VG,38VG,37.123164, -81.489686
38VT,small_airport,Muddy Paw Airport,372,NA,US,US-VT,Shelburne,,,38VT,38VT,44.402083, -73.157917
38W,small_airport,Lynden Airport,106,NA,US,US-WA,Lynden,,,38W,38W,48.95589828491211, -122.45800018310547
38WA,small_airport,Blakely Island Airport,66,NA,US,US-WA,Blakely Island,,BYW,38WA,38WA,48.579162, -122.823844
38WI,small_airport,Northport Airport,800,NA,US,US-WI,Royalton,,,38WI,38WI,44.38859939575195, -88.85260009765625
38WT,small_airport,Northstar Airport,2502,NA,US,US-WA,Davenport,,,38WT,38WT,47.771913, -118.160644
38WV,small_airport,River's Edge Farm Airport,810,NA,US,US-WV,Capon Bridge,,,38WV,38WV,39.32529830932617, -78.42559814453125
38XA,small_airport,Walk-Air Airport,474,NA,US,US-TX,Tyler,,,38XA,38XA,32.408055, -95.389444
38XS,small_airport,San Rafael Ranch Airport,312,NA,US,US-TX,Santa Elena,,,38XS,38XS,26.815200805664062, -98.47930145263672
39AK,small_airport,Kroenke Strip,340,NA,US,US-AK,Palmer,,,39AK,39AK,61.586021, -149.235996
39AZ,heliport,Sonoran Crossing Medical Center Heliport,1640,NA,US,US-AZ,Scottsdale,,,39AZ,39AZ,33.784301, -112.130031
39B,seaplane_base,Nugent Chamberlain Lake Seaplane Base,945,NA,US,US-ME,Chesuncook,,,39B,39B,46.21670150756836, -69.24949645996094
39CA,heliport,Sce Palm Springs District Heliport,300,NA,US,US-CA,Cathedral City,,,39CA,39CA,33.786399841308594, -117.46600341796875
39CL,heliport,Castle Heliport,1459,NA,US,US-CA,Perris,,,39CL,39CL,33.787899017333984, -117.2300033569336
39CN,heliport,Adventist Health Ukiah Valley Heliport,608,NA,US,US-CA,Ukiah,,,39CN,39CN,39.153027, -123.202127
39CO,small_airport,Flying M Ranch Airport,7200,NA,US,US-CO,Montrose,,,39CO,39CO,38.50354, -107.72149
39DE,heliport,Bayhealth Medical Center Heliport,202,NA,US,US-DE,Milford,,,39DE,39DE,38.8867, -75.390969
39FA,small_airport,Sanders Ranch Airport,150,NA,US,US-FL,Hawthorne,,,39FA,39FA,29.6625, -82.0093
39FD,small_airport,Ancient Oaks Airport,26,NA,US,US-FL,Steinhatchee,,,39FD,39FD,29.729400634765625, -83.35350036621094
39FL,heliport,Palm Beach Sheriff's Range Heliport,20,NA,US,US-FL,West Palm Beach,,,39FL,39FL,26.716999053955078, -80.19979858398438
39G,small_airport,Avoca Airport,726,NA,US,US-MI,Avoca,,,39G,39G,43.030471, -82.669466
39GA,heliport,Wayne Memorial Hospital Heliport,99,NA,US,US-GA,Jessup,,,39GA,39GA,31.601375, -81.898524
39IA,small_airport,Husband Field,1010,NA,US,US-IA,Dallas Center,,,39IA,39IA,41.67940139770508, -94.02020263671875
39ID,small_airport,Getaway Field,2718,NA,US,US-ID,Kendrick,,,39ID,39ID,46.695349, -116.606304
39II,small_airport,Miller Field,957,NA,US,US-IN,Topeka,,,39II,39II,41.514801025390625, -85.55220031738281
39IL,small_airport,Kieser Field,712,NA,US,US-IL,Bloomington,,,39IL,39IL,40.442267, -89.066645
39IN,small_airport,Roberts Field,1085,NA,US,US-IN,Sulphur Springs,,,39IN,39IN,40.00230026245117, -85.42890167236328
39K,small_airport,Pomona Lake Airport,1050,NA,US,US-KS,Lyndon,,,K39K,39K,38.692001, -95.690002
39KY,heliport,Somerset-Pulaski Co EMS Heliport,993,NA,US,US-KY,Somerset,,,39KY,39KY,37.08539962769999, -84.6258010864
39LA,small_airport,Whitaker Ultralightport,65,NA,US,US-LA,Chataignier,,,39LA,39LA,30.58833333, -92.23055556
39LL,small_airport,Sullivan Airport,635,NA,US,US-IL,Hamilton,,,39LL,39LL,40.401389, -91.303056
39MD,small_airport,Barton Hall Airfield,21,NA,US,US-MD,Leonardtown,,,39MD,39MD,38.274989, -76.724047
39ME,heliport,Maine Coast Memorial Heliport,161,NA,US,US-ME,Ellsworth,,,39ME,39ME,44.5465528, -68.4173944
39MI,small_airport,Huber Airport,1418,NA,US,US-MI,Crystal Falls,,,39MI,39MI,46.168800354003906, -88.17240142822266
39MO,small_airport,Gardner Airport,1325,NA,US,US-MO,Springfield,,,39MO,39MO,37.118698, -93.204903
39MS,small_airport,Benton Farms Airport,312,NA,US,US-MS,Clinton,,,39MS,39MS,32.406831, -90.382678
39MT,small_airport,Flying E Ranch Airport,3922,NA,US,US-MT,Helena,,,39MT,39MT,46.636369, -112.076912
39NC,heliport,Rebel Field,1078,NA,US,US-NC,Rutherfordton,,,39NC,39NC,35.324582, -81.946798
39NJ,heliport,New Jersey State Police Troop B Headquarters Heliport,190,NA,US,US-NJ,Totowa,,,39NJ,39NJ,40.899034, -74.229314
39NY,heliport,Print Pad Heliport,63,NA,US,US-NY,Freeport,,,39NY,39NY,40.65330123901367, -73.57360076904297
39OH,small_airport,Crosswind Meadows Airport,1160,NA,US,US-OH,Minerva,,,39OH,39OH,40.81230163574219, -81.05509948730469
39OK,small_airport,Paradise Air Haven Airport,1205,NA,US,US-OK,Goldsby,,,39OK,39OK,35.11149978637695, -97.47930145263672
39OR,heliport,Croman Heliport,1280,NA,US,US-OR,White City,,,39OR,39OR,42.430471, -122.877094
39P,small_airport,Strom Field,941,NA,US,US-WA,Morton,,,,39P,46.5504, -122.266998
39PN,small_airport,Nelson's Run Airport,1305,NA,US,US-PA,Mercer,,,39PN,39PN,41.21590042114258, -80.19760131835938
39PS,heliport,Stat Medevac Harborcreek Heliport,760,NA,US,US-PA,Harborcreek,,,39PS,39PS,42.172, -79.942833
39R,small_airport,Flyin' B Airport,70,NA,US,US-TX,Houston,,,39R,39R,29.537701, -95.423798
39SC,small_airport,Rizzy Ridge Airport,775,NA,US,US-SC,Clover,,,39SC,39SC,35.158436, -81.2256
39T,small_airport,Tripp Creek Airport,717,NA,US,US-MI,St Johns,,,39T,39T,43.06480026245117, -84.48919677734375
39TA,small_airport,Flying Tigers Airport,588,NA,US,US-TX,Paris,,,39TA,39TA,33.6525993347168, -95.65579986572266
39TE,small_airport,Seminole Spraying Service Airport,3372,NA,US,US-TX,Seminole,,,39TE,39TE,32.718200683599996, -102.737998962
39TN,small_airport,Big Sandy Airpark,632,NA,US,US-TN,Big Sandy,,,39TN,39TN,36.272649, -88.040646
39TS,heliport,Hearthstone Heliport,125,NA,US,US-TX,Houston,,,39TS,39TS,29.87969970703125, -95.63079833984375
39TT,small_airport,Sugar Creek Field,887,NA,US,US-TX,Cleburne,,,39TT,39TT,32.360227, -97.307078
39TX,closed,Sony Microelectronics Helistop,765,NA,US,US-TX,San Antonio,,,,,29.4447, -98.639999
39WA,small_airport,Tailskid Ranch Airport,1910,NA,US,US-WA,Tum Tum,,,39WA,39WA,47.851898193359375, -117.78199768066406
39WI,small_airport,S & S Ranch Airport,1200,NA,US,US-WI,Viola,,,39WI,39WI,43.48469924926758, -90.61990356445312
39XA,heliport,Childrens Medical Center Plano Heliport,675,NA,US,US-TX,Plano,,,39XA,39XA,33.077694, -96.801111
39XS,heliport,Kimble Hospital Heliport,1749,NA,US,US-TX,Junction,,,39XS,39XS,30.49818, -99.781076
39Z,small_airport,Flying-A-Ranch Airport,630,NA,US,US-MI,Fruitport,,,,39Z,43.105001, -86.123702
3A3,seaplane_base,Seymour Lake Seaplane Base,320,NA,US,US-AK,Wasilla,,,3A3,3A3,61.6134986877, -149.666000366
3A9,small_airport,Arlington Municipal Airport,1818,NA,US,US-SD,Arlington,,,K3A9,3A9,44.393142, -97.123375
3AA3,heliport,CVTC Field Heliport,50,NA,US,US-AK,Valdez,,,3AA3,3AA3,61.13, -146.3705554
3AK2,small_airport,Niklason Lake Estates Airport,410,NA,US,US-AK,Palmer,,,3AK2,3AK2,61.627498626708984, -149.28700256347656
3AK3,small_airport,Songlo Vista Airport,825,NA,US,US-AK,Talkeetna,,,3AK3,3AK3,62.56380081176758, -150.2209930419922
3AK4,small_airport,Johnson Airport,102,NA,US,US-AK,Kenai,,,3AK4,3AK4,60.632522, -151.337657
3AK5,small_airport,Drift River Airport,30,NA,US,US-AK,Kenai,,DRF,3AK5,3AK5,60.588901519800004, -152.162002563
3AK6,small_airport,B & B Boys Ranch Airport,300,NA,US,US-AK,Palmer,,,3AK6,3AK6,61.592949, -149.268939
3AK7,small_airport,Laub Airport,100,NA,US,US-AK,Willow,,,3AK7,3AK7,61.76559829711914, -150.33900451660156
3AK8,small_airport,Boisselle's Strip,400,NA,US,US-AK,Wasilla,,,3AK8,3AK8,61.662498474121094, -149.39199829101562
3AK9,small_airport,Skyland Airpark,322,NA,US,US-AK,Willow/Caswell,,,3AK9,3AK9,62.006377, -149.969426
3AL0,heliport,Fayette County Hospital Heliport,370,NA,US,US-AL,Fayette,,,3AL0,3AL0,33.70920181274414, -87.82360076904297
3AL1,small_airport,Flying H Ranch Airport,264,NA,US,US-AL,Hartford,,,3AL1,3AL1,31.050399780273438, -85.685302734375
3AL2,heliport,East Alabama Medical Center Heliport,749,NA,US,US-AL,Opelika,,,3AL2,3AL2,32.639198303222656, -85.4021987915039
3AL3,heliport,Tuscaloosa Police Department Heliport,160,NA,US,US-AL,Tuscaloosa,,,3AL3,3AL3,33.17409896850586, -87.55709838867188
3AL5,small_airport,Edwards Farm Airport,750,NA,US,US-AL,Jacksonville,,,3AL5,3AL5,33.83530044555664, -85.76390075683594
3AL6,small_airport,Town & Country Airpark,730,NA,US,US-AL,Branchville,,,3AL6,3AL6,33.4901008605957, -86.4124984741211
3AL8,small_airport,Flint River Ranch Airport,590,NA,US,US-AL,Owens Crossroads,,,3AL8,3AL8,34.61920166015625, -86.46690368652344
3AL9,heliport,Cullman Regional Medical Center Heliport,826,NA,US,US-AL,Cullman,,,3AL9,3AL9,34.200599670410156, -86.80470275878906
3AR0,small_airport,Frost Flying Inc Airport,240,NA,US,US-AR,Marianna,,,3AR0,3AR0,34.821512, -90.846521
3AR1,heliport,Pine Mountain Heliport,800,NA,US,US-AR,Yellville,,,3AR1,3AR1,36.41059875488281, -92.66329956054688
3AR2,small_airport,Ridgeway Field,1400,NA,US,US-AR,Harrison,,,3AR2,3AR2,36.321487, -93.202236
3AR3,small_airport,Cypress Creek Airport,280,NA,US,US-AR,Cabot,,,3AR3,3AR3,35.059658, -92.082145
3AR4,small_airport,Four Mile Creek Ranch Airport,500,NA,US,US-AR,Cabot,,,3AR4,3AR4,35.005836, -92.077636
3AR5,small_airport,Tripp Strip,210,NA,US,US-AR,Griffithville,,,3AR5,3AR5,35.11790084838867, -91.61190032958984
3AR6,small_airport,Crystal Ridge Airport,500,NA,US,US-AR,Little Rock,,,3AR6,3AR6,34.728493, -92.516985
3AR7,small_airport,Taylor Field,1315,NA,US,US-AR,Lowell,,,3AR7,3AR7,36.26461, -94.16545
3AR8,small_airport,River Acres Airport,260,NA,US,US-AR,Heber Springs,,,3AR8,3AR8,35.472329, -91.96302
3AR9,small_airport,Hog Air Aviation Inc Airport,240,NA,US,US-AR,Paragould,,,3AR9,3AR9,36.055213, -90.366851
3AZ0,heliport,Flagstaff Medical Center Heliport,7016,NA,US,US-AZ,Flagstaff,,,3AZ0,3AZ0,35.208297, -111.643164
3AZ1,heliport,Pixley-Richards Gilbert Heliport,1231,NA,US,US-AZ,Gilbert,,,3AZ1,3AZ1,33.37229919433594, -111.83699798583984
3AZ3,heliport,Page Hospital Emergency Medical Heliport,4300,NA,US,US-AZ,Page,,,3AZ3,3AZ3,36.917137, -111.463758
3AZ4,heliport,John C Lincoln Deer Valley Hospital Heliport,1380,NA,US,US-AZ,Phoenix,,,3AZ4,3AZ4,33.665905, -112.115325
3AZ5,small_airport,Hualapai Airport,5317,NA,US,US-AZ,Peach Springs,,,3AZ5,3AZ5,35.572201, -113.292
3AZ6,heliport,Banner Del E Webb Medical Center Heliport,1255,NA,US,US-AZ,Sun City West,,,3AZ6,3AZ6,33.659335, -112.373496
3AZ7,heliport,The Buttes in Tempe Heliport,1297,NA,US,US-AZ,Tempe,,,3AZ7,3AZ7,33.404643, -111.970194
3AZ8,small_airport,High Mesa Airpark,3080,NA,US,US-AZ,Solomon,,,3AZ8,3AZ8,32.76685, -109.653254
3B3,small_airport,Sterling Airport,459,NA,US,US-MA,Sterling,,,3B3,3B3,42.4259, -71.7929
3B8,small_airport,Shady Acres Airport,445,NA,US,US-WA,Spanaway,,,3B8,3B8,47.0704, -122.371002
3C1,small_airport,Mishawaka Pilots Club Airport,755,NA,US,US-IN,Elkhart,,,3C1,3C1,41.657001, -86.034698
3C3,seaplane_base,Campbell Lake Seaplane Base,20,NA,US,US-AK,Anchorage,,,,A11,61.133099, -149.942003
3CA1,heliport,Newport Beach Police Heliport,156,NA,US,US-CA,Newport Beach,,,3CA1,3CA1,33.626399993896484, -117.87699890136719
3CA2,heliport,Jamboree Center Helistop,77,NA,US,US-CA,Irvine,,,3CA2,3CA2,33.677799224853516, -117.83699798583984
3CA6,heliport,Trizec 5670 Wilshire LLC Heliport,559,NA,US,US-CA,Los Angeles,,,3CA6,3CA6,34.061962, -118.352146
3CA7,small_airport,Metz Airport,240,NA,US,US-CA,Greenfield,,,3CA7,3CA7,36.32830047607422, -121.18699645996094
3CA8,heliport,Holy Cross Medical Center Heliport,1031,NA,US,US-CA,Mission Hills,,,3CA8,3CA8,34.280109, -118.461186
3CA9,small_airport,Clark Ranch Airport,276,NA,US,US-CA,Soledad,,,3CA9,3CA9,36.36330032348633, -121.30999755859375
3CL0,heliport,UC Davis Medical Center Tower II Heliport,236,NA,US,US-CA,Sacramento,,,3CL0,3CL0,38.554831, -121.455491
3CL1,heliport,Metropolitan Water District Heliport,465,NA,US,US-CA,Los Angeles,,,3CL1,3CL1,34.054704, -118.23636
3CL3,heliport,World Trade Center Heliport,398,NA,US,US-CA,Long Beach,,,3CL3,3CL3,33.777801513671875, -118.19999694824219
3CL4,heliport,Pasadena Police Benedict Heliport,960,NA,US,US-CA,Altadena,,,3CL4,3CL4,34.183561, -118.171134
3CL5,heliport,Chase Plaza Heliport,412,NA,US,US-CA,Los Angeles,,,3CL5,3CL5,34.037200927734375, -118.25800323486328
3CL7,heliport,Raleigh Enterprises Heliport,200,NA,US,US-CA,Los Angeles,,,3CL7,3CL7,34.036324, -118.443555
3CL8,heliport,Toyota Helistop,60,NA,US,US-CA,Torrance,,,3CL8,3CL8,33.856513, -118.31268
3CL9,heliport,SCE Northern Division Heliport,273,NA,US,US-CA,Ventura,,,3CL9,3CL9,34.286414, -119.170676
3CN2,heliport,Santa Barbara Cottage Hospital Heliport,201,NA,US,US-CA,Santa Barbara,,,3CN2,3CN2,34.43, -119.724166
3CN4,heliport,Kaiser Permanente Anaheim Medical Center Heliport,341,NA,US,US-CA,Anaheim,,,3CN4,3CN4,33.852, -117.8453
3CN5,heliport,Los Angeles County Sheriffs Dept South LA Heliport,209,NA,US,US-CA,Los Angeles,,,3CN5,3CN5,33.92864, -118.299004
3CN7,small_airport,Alta Mesa Airpark,125,NA,US,US-CA,Wilton,,,3CN7,3CN7,38.379143, -121.221728
3CO0,small_airport,Sky Island Ranch Airport,5300,NA,US,US-CO,Delta,,,3CO0,3CO0,38.738329, -108.000614
3CO1,small_airport,Cridler Field,6460,NA,US,US-CO,Hotchkiss,,,3CO1,3CO1,38.849516, -107.832739
3CO2,small_airport,Mertens Airport,4192,NA,US,US-CO,Sterling,,,3CO2,3CO2,40.616391, -103.332436
3CO3,heliport,Sterling Regional Medical Center Heliport,3946,NA,US,US-CO,Sterling,,,3CO3,3CO3,40.61249923706055, -103.22000122070312
3CO4,small_airport,Tercio Ranch Airstrip,7957,NA,US,US-CO,Stonewall,,,3CO4,3CO4,37.070899963378906, -105.01899719238281
3CO5,heliport,Texas Creek Heliport,6250,NA,US,US-CO,Texas Creek,,,3CO5,3CO5,38.409400939941406, -105.58499908447266
3CO7,small_airport,Dietrichs Airport,6780,NA,US,US-CO,Elizabeth,,,3CO7,3CO7,39.33250045776367, -104.56600189208984
3CO8,heliport,Estes Park Medical Center Heliport,7674,NA,US,US-CO,Estes Park,,,3CO8,3CO8,40.371371, -105.515024
3CO9,heliport,D B Smith Memorial Heliport,9710,NA,US,US-CO,Victor,,,3CO9,3CO9,38.712501525878906, -105.14199829101562
3D1,small_airport,Crivitz Municipal Airport,731,NA,US,US-WI,Crivitz,,,3D1,3D1,45.214199, -88.073196
3D2,small_airport,Ephraim-Gibraltar Airport,773,NA,US,US-WI,Fish Creek,,,K3D2,3D2,45.135399, -87.185898
3DA,small_airport,Dalton Airport,733,NA,US,US-MI,Flushing,,,3DA,3DA,43.052502, -83.804901
3E7,small_airport,Pronger Bros Ranch Airport,3722,NA,US,US-TX,Stratford,,,3E7,3E7,36.219501, -102.103996
3EV,small_airport,Skylane Airport,380,NA,US,US-IN,Evansville,,,3EV,3EV,38.0117, -87.594704
3EX,small_airport,Excelsior Springs Memorial Airport,997,NA,US,US-MO,Excelsior Springs,,,3EX,3EX,39.33720016479492, -94.19770050048828
3F5,small_airport,Forest Hill Airport,775,NA,US,US-MI,Westphalia,,,3F5,3F5,42.91230010986328, -84.67549896240234
3FA0,heliport,Three Lakes Golf Club Heliport,23,NA,US,US-FL,Stuart,,,3FA0,3FA0,27.078256, -80.281147
3FA3,heliport,Southfork Heliport,80,NA,US,US-FL,Saint Cloud,,,3FA3,3FA3,28.226944, -81.366528
3FA5,heliport,Richard Kohler Heliport,25,NA,US,US-FL,Osteen,,,3FA5,3FA5,28.830778, -81.115531
3FA6,heliport,Sumter County Sheriff's Heliport,77,NA,US,US-FL,Bushnell,,,3FA6,3FA6,28.662544, -82.107508
3FA7,small_airport,Flying 4 Ranch Airport,27,NA,US,US-FL,New Smyrna Beach,,,3FA7,3FA7,29.042662, -81.05695
3FA8,seaplane_base,Searey Central SPB,67,NA,US,US-FL,Tavares,,,3FA8,3FA8,28.766111, -81.74611
3FD0,small_airport,Last Chance Ranch Airport,70,NA,US,US-FL,Lake Placid,,,3FD0,3FD0,27.021699905395508, -81.45120239257812
3FD2,heliport,Leesburg Regional Medical Center Heliport,75,NA,US,US-FL,Leesburg,,,3FD2,3FD2,28.8083, -81.866997
3FD3,heliport,Holmes Regional Medical Center Heliport,40,NA,US,US-FL,Melbourne,,,3FD3,3FD3,28.087799072265625, -80.61370086669922
3FD5,heliport,Arnold Palmer Hospital Heliport,150,NA,US,US-FL,Orlando,,,3FD5,3FD5,28.523125, -81.380196
3FD6,small_airport,Tradewinds Aerodrome,5,NA,US,US-FL,Scottsmoor,,,3FD6,3FD6,28.76177, -80.84959
3FD7,heliport,Indian River Memorial Hospital Heliport,11,NA,US,US-FL,Vero Beach,,,3FD7,3FD7,27.658395, -80.396137
3FD8,heliport,West Boca Medical Center Heliport,20,NA,US,US-FL,Boca Raton,,,3FD8,3FD8,26.356321, -80.200236
3FD9,seaplane_base,Prairie Lake Private Residential Seaplane Base,86,NA,US,US-FL,Altamonte Springs,,,3FD9,3FD9,28.6567, -81.353401
3FK,small_airport,Franklin Flying Field,740,NA,US,US-IN,Franklin,,,3FK,3FK,39.426399, -86.058296
3FL0,small_airport,Mount Royal Airport,60,NA,US,US-FL,Welaka,,,3FL0,3FL0,29.436100006103516, -81.65670013427734
3FL1,small_airport,Two J's Flying Ranch Airport,60,NA,US,US-FL,Dade City,,,3FL1,3FL1,28.452499389648438, -82.20780181884766
3FL2,heliport,AdventHealth Fish Memorial Hospital Heliport,45,NA,US,US-FL,Orange City,,,3FL2,3FL2,28.915082, -81.285213
3FL3,heliport,Sheriff's Operation Center Heliport,70,NA,US,US-FL,Ocala,,,3FL3,3FL3,29.193300247192383, -82.17510223388672
3FL4,heliport,Knobel Heliport,38,NA,US,US-FL,Cocoa,,,3FL4,3FL4,28.24850082397461, -80.66200256347656
3FL5,small_airport,Mills Ranch South Airport,60,NA,US,US-FL,Kenansville,,,3FL5,3FL5,27.77829933166504, -80.9218978881836
3FL7,heliport,Ascension Sacred Heart Hospital Emerald Coast Heliport,17,NA,US,US-FL,Miramar Beach,,,3FL7,3FL7,30.379072, -86.305332
3FL8,small_airport,Hart Airport,125,NA,US,US-FL,Malone,,,3FL8,3FL8,30.946300506591797, -85.2738037109375
3G8,small_airport,Gen-Airpark,645,NA,US,US-IL,Geneseo,,,3G8,3G8,41.43980026245117, -90.11009979248047
3G9,small_airport,Butler Farm Show Airport,1333,NA,US,US-PA,Butler,,,3G9,3G9,40.8526, -79.9748
3GA0,small_airport,Grant Airport,790,NA,US,US-GA,Stockbridge,,,3GA0,3GA0,33.52750015258789, -84.15689849853516
3GA1,small_airport,Prattsburg Airport,554,NA,US,US-GA,Talbotton,,,3GA1,3GA1,32.728242, -84.356875
3GA2,heliport,Tanner Medical Center Heliport,1062,NA,US,US-GA,Carrollton,,,3GA2,3GA2,33.570098876953125, -85.07489776611328
3GA3,small_airport,Warren Field,1866,NA,US,US-GA,Lookout Mountain,,,3GA3,3GA3,34.871111, -85.4375
3GA4,heliport,Stonewall Heliport,1020,NA,US,US-GA,Union City,,,3GA4,3GA4,33.60089874267578, -84.54910278320312
3GA5,small_airport,Diamond R Ranch Airport,1213,NA,US,US-GA,Villa Rica,,,3GA5,3GA5,33.637831, -84.940542
3GA6,small_airport,Erlen Airport,1044,NA,US,US-GA,Whitesburg,,,3GA6,3GA6,33.57059860229492, -84.89830017089844
3GA8,small_airport,Cauley's Airstrip,251,NA,US,US-GA,Soperton,,,3GA8,3GA8,32.32939910888672, -82.63500213623047
3GA9,small_airport,Vintage Field,873,NA,US,US-GA,Zebulon,,,3GA9,3GA9,33.13349914550781, -84.37740325927734
3GE1,heliport,Okefenokee Heliport,125,NA,US,US-GA,Folkston,,,3GE1,3GE1,30.737499237060547, -82.12670135498047
3GE2,heliport,Williams Heliport,990,NA,US,US-GA,Stone Mountain,,,3GE2,3GE2,33.82080078125, -84.12809753417969
3GE3,small_airport,Broad River Air Park,690,NA,US,US-GA,Lavonia,,,3GE3,3GE3,34.41235, -83.18061
3GE4,small_airport,Fox Mountain Airport,925,NA,US,US-GA,Rising Fawn,,,3GE4,3GE4,34.72999954223633, -85.54190063476562
3GE5,heliport,Rockdale Hospital Heliport,865,NA,US,US-GA,Conyers,,,3GE5,3GE5,33.680058, -84.002785
3GE6,heliport,Wellstar Douglas Hospital Heliport,1120,NA,US,US-GA,Douglasville,,,3GE6,3GE6,33.73889923095703, -84.73280334472656
3GE8,small_airport,Prater Ranch Airport,460,NA,US,US-GA,Lincolnton,,,3GE8,3GE8,33.843616, -82.478807
3H3,seaplane_base,Cottonwood Lake Seaplane Base,300,NA,US,US-AK,Wasilla,,,3H3,3H3,61.5975990295, -149.315994263
3H5,small_airport,Erie Air Park,600,NA,US,US-IL,Erie,,,3H5,3H5,41.679199, -90.078697
3IA0,heliport,Washington County Hospital Heliport,760,NA,US,US-IA,Washington,,,3IA0,3IA0,41.28919982910156, -91.68769836425781
3IA2,heliport,Greene County Medical Center Heliport,1050,NA,US,US-IA,Jefferson,,,3IA2,3IA2,42.016700744628906, -94.38770294189453
3IA3,heliport,Des Moines General Hospital Heliport,889,NA,US,US-IA,Des Moines,,,3IA3,3IA3,41.594200134277344, -93.60079956054688
3IA6,heliport,Ottumwa Hospital Heliport,845,NA,US,US-IA,Ottumwa,,,3IA6,3IA6,41.028900146484375, -92.39070129394531
3IA7,heliport,Daec Heliport,753,NA,US,US-IA,Palo,,,3IA7,3IA7,42.101898193359375, -91.777099609375
3IA8,heliport,UnityPoint Keokuk Heliport,617,NA,US,US-IA,Keokuk,,,3IA8,3IA8,40.40721, -91.387968
3IA9,small_airport,Rake Airport,1180,NA,US,US-IA,Rake,,,3IA9,3IA9,43.475799560546875, -93.9072036743164
3ID2,small_airport,The Last Resort Airport,3155,NA,US,US-ID,Weippe,,,3ID2,3ID2,46.350675, -115.977
3ID3,small_airport,Estes Airport,2687,NA,US,US-ID,Moscow,,,3ID3,3ID3,46.778153, -117.025436
3ID4,heliport,Health Center Heliport,2560,NA,US,US-ID,Glenns Ferry,,,3ID4,3ID4,42.9541015625, -115.30500030517578
3ID7,small_airport,Indian Creek Ranch Airport,2674,NA,US,US-ID,Kuna,,,3ID7,3ID7,43.47600173950195, -116.40399932861328
3IG3,small_airport,Terry's Airport,850,NA,US,US-IN,Columbia City,,,3IG3,3IG3,41.17020034790039, -85.42160034179688
3II0,small_airport,Fremont (Murphy) Airport,1050,NA,US,US-IN,Fremont,,,3II0,3II0,41.6910848513, -84.864256382
3II1,small_airport,Shenandoah Flying Field,720,NA,US,US-IN,Gosport,,,3II1,3II1,39.41669845581055, -86.63580322265625
3II2,small_airport,Fifer Field,445,NA,US,US-IN,Griffin,,,3II2,3II2,38.212799072265625, -87.91950225830078
3II3,small_airport,Basting Airport,755,NA,US,US-IN,Woodburn,,,3II3,3II3,41.090865, -84.831126
3II4,heliport,Lafayette Home Hospital Heliport,680,NA,US,US-IN,Lafayette,,,3II4,3II4,40.4197998046875, -86.86669921875
3II6,heliport,Hawthorn Mine Heliport,533,NA,US,US-IN,Sandborn,,,3II6,3II6,38.931798, -87.24285
3II7,heliport,Army Aviation Support Facility Heliport,790,NA,US,US-IN,Shelbyville,,,3II7,3II7,39.579924, -85.81217
3II8,small_airport,Birkey Private Airport,796,NA,US,US-IN,Bremen,,,3II8,3II8,41.442298889160156, -86.26110076904297
3II9,small_airport,Dick's Strip,850,NA,US,US-IN,Arcola,,,3II9,3II9,41.098345, -85.241783
3IL0,closed,Patten Industries Heliport,695,NA,US,US-IL,Elmhurst,,,,,41.924156, -87.963415
3IL1,small_airport,Silver Creek Gliderport,595,NA,US,US-IL,New Douglas,,,3IL1,3IL1,38.9253005981, -89.66220092770001
3IL2,closed,Sweedler Airport,669,NA,US,US-IL,Elwood,,,,,41.4123, -88.048698
3IL3,heliport,Stillman Fire Heliport,720,NA,US,US-IL,Stillman Valley,,,3IL3,3IL3,42.10559844970703, -89.18329620361328
3IL4,heliport,Maaks Heliport,527,NA,US,US-IL,Middletown,,,3IL4,3IL4,40.13140106201172, -89.59320068359375
3IL6,heliport,Pinckneyville Correctional Center Heliport,463,NA,US,US-IL,Pinckneyville,,,3IL6,3IL6,38.08330154418945, -89.31999969482422
3IL9,small_airport,Alekat Acres Airport,600,NA,US,US-IL,Atlanta,,,,3IL9,40.281024, -89.312593
3IN0,small_airport,Flying M Airport,640,NA,US,US-IN,Portage,,,3IN0,3IN0,41.558732, -87.125933
3IN5,small_airport,Pippenger Airport,980,NA,US,US-IN,Albion,,,3IN5,3IN5,41.316898345947266, -85.37139892578125
3IN6,small_airport,Holloway Field,750,NA,US,US-IN,New Washington,,,3IN6,3IN6,38.588333, -85.505833
3IN7,small_airport,Chain-O-Lakes Airport,743,NA,US,US-IN,South Bend,,,3IN7,3IN7,41.661243, -86.353183
3IN8,small_airport,Ddt Field,823,NA,US,US-IN,Culver,,,3IN8,3IN8,41.2047004699707, -86.3458023071289
3IN9,small_airport,Thomas Airport,890,NA,US,US-IN,Cicero,,,3IN9,3IN9,40.15140151977539, -86.11920166015625
3IS1,small_airport,Mc Coy Airport,615,NA,US,US-IL,Blue Mound,,,3IS1,3IS1,39.702827, -89.209628
3IS2,small_airport,Earp Airport,740,NA,US,US-IL,Roseville,,,3IS2,3IS2,40.7406005859375, -90.66960144042969
3IS3,small_airport,Noland Farms Airport,600,NA,US,US-IL,Blue Mound,,,3IS3,3IS3,39.739237, -89.146113
3IS4,small_airport,Merkle Airport,970,NA,US,US-IL,Hanover,,,3IS4,3IS4,42.288898, -90.345398
3IS5,small_airport,Holmes Southeast Airport,590,NA,US,US-IL,Pawnee,,,3IS5,3IS5,39.685394, -89.598722
3IS6,small_airport,Davy Jones Private Airport,500,NA,US,US-IL,Bonnie,,,3IS6,3IS6,38.222808, -88.883858
3IS7,small_airport,Foote Airport,650,NA,US,US-IL,Wenona,,,3IS7,3IS7,41.086700439453125, -89.09590148925781
3IS8,small_airport,Rinkenberger Restricted Landing Area,808,NA,US,US-IL,Bradford,,BDF,3IS8,3IS8,41.230899810800004, -89.61569976810001
3IS9,heliport,Grand Tower Heliport,370,NA,US,US-IL,Grand Tower,,,3IS9,3IS9,37.6328010559082, -89.5062026977539
3J6,small_airport,Davis Field,68,NA,US,US-GA,Folkston,,,3J6,3J6,30.797501, -82.027603
3JY2,heliport,Cherry Hill Heliport,3,NA,US,US-NJ,Parsippany-Troy Hills,,,3JY2,3JY2,40.8705, -74.44325
3JY6,heliport,Paramount International Helistop,69,NA,US,US-NJ,Millville,,,3JY6,3JY6,39.374736, -75.064725
3K9,seaplane_base,Upper Wasilla Lake Seaplane Base,330,NA,US,US-AK,Wasilla,,,3K9,3K9,61.5886993408, -149.384994507
3KK,small_airport,Kankakee Airport,625,NA,US,US-IL,Kankakee,,,,3KK,41.096431, -87.909594
3KS,small_airport,HF Strip Airport,2567,NA,US,US-KS,Fowler,,,3KS,3KS,37.436084, -100.272131
3KS0,heliport,Stormont-Vail Hospital Heliport,920,NA,US,US-KS,Topeka,,,3KS0,3KS0,39.0525016784668, -95.69550323486328
3KS2,small_airport,Munson Field,1166,NA,US,US-KS,Arkansas City,,,3KS2,3KS2,37.060567, -96.998479
3KS3,small_airport,Rogers Airport,1210,NA,US,US-KS,Udall,,,3KS3,3KS3,37.40272, -97.194278
3KS4,small_airport,Eveleigh Farms Airport,3207,NA,US,US-KS,Ulysses,,,3KS4,3KS4,37.767848, -101.434579
3KS5,small_airport,High Point Airport,1395,NA,US,US-KS,Valley Center,,,3KS5,3KS5,37.8427155871, -97.3514413834
3KS6,heliport,St Mary Hospital Heliport,1150,NA,US,US-KS,Manhattan,,,3KS6,3KS6,39.20180130004883, -96.60079956054688
3KS7,small_airport,Berwick Airport,1400,NA,US,US-KS,Valley Center,,,3KS7,3KS7,37.828227, -97.349296
3KS8,small_airport,Reed-Wilsonton Airport,920,NA,US,US-KS,Altamont,,,3KS8,3KS8,37.256500244140625, -95.33360290527344
3KS9,small_airport,Tri Rotor Airport,3091,NA,US,US-KS,Ulysses,,,3KS9,3KS9,37.726869, -101.195288
3KY1,small_airport,Goode Airpark,395,NA,US,US-KY,Utica,,,3KY1,3KY1,37.64139938354492, -87.13169860839844
3KY3,small_airport,Mason Valley Airport,510,NA,US,US-KY,Taylorsville,,,3KY3,3KY3,38.038299560546875, -85.3593978881836
3KY4,small_airport,Craw Daddy Landing Airport,460,NA,US,US-KY,Carrollton,,,3KY4,3KY4,38.67279815673828, -85.18280029296875
3KY5,heliport,Carroll County Hospital Heliport,480,NA,US,US-KY,Carrollton,,,3KY5,3KY5,38.680497, -85.168043
3KY8,heliport,Fidelity Heliport,756,NA,US,US-KY,Covington,,,3KY8,3KY8,39.02790069580078, -84.52439880371094
3KY9,small_airport,Miles Field,850,NA,US,US-KY,Waddy,,,3KY9,3KY9,38.122265, -85.126166
3L7,small_airport,Flying M Ranch Airport,830,NA,US,US-MI,Lincoln,,,3L7,3L7,44.7383, -83.3797
3LA0,small_airport,Harrington Flying Service Airport,10,NA,US,US-LA,Kaplan,,,3LA0,3LA0,29.919700622558594, -92.24739837646484
3LA1,small_airport,Wilder Airport,55,NA,US,US-LA,Kinder,,,3LA1,3LA1,30.558500289916992, -92.8042984008789
3LA2,seaplane_base,Southern Natural Gas Co. Seaplane Base,,NA,US,US-LA,Lacombe,,,3LA2,3LA2,30.280799865722656, -89.9542007446289
3LA4,small_airport,Little Pecan Island Airport,7,NA,US,US-LA,Grand Chenier,,,3LA4,3LA4,29.799701, -92.803563
3LA6,small_airport,Morgan Crop Service Nr 2 Airport,12,NA,US,US-LA,Lake Charles,,,3LA6,3LA6,30.137699127197266, -93.07929992675781
3LA7,heliport,Variable Bore Rams Heliport,30,NA,US,US-LA,Broussard,,,3LA7,3LA7,30.076753, -91.948969
3LA8,small_airport,Open A-1 Ranch Airport,16,NA,US,US-LA,Lake Charles,,,3LA8,3LA8,30.138500213623047, -93.22789764404297
3LA9,small_airport,Morgan Crop Service Airport,12,NA,US,US-LA,Lake Charles,,,3LA9,3LA9,30.229400634765625, -93.0885009765625
3LL0,small_airport,Miller Airport,760,NA,US,US-IL,South Beloit,,,3LL0,3LL0,42.49169921875, -89.09590148925781
3LL1,small_airport,Herschel Hunter Airport,470,NA,US,US-IL,Marissa,,,3LL1,3LL1,38.223785, -89.706689
3LL2,heliport,Hammond-Henry Hospital Heliport,650,NA,US,US-IL,Geneseo,,,3LL2,3LL2,41.46110153198242, -90.15689849853516
3LL3,small_airport,Kibler Airport,588,NA,US,US-IL,Marshall,,,3LL3,3LL3,39.44609832763672, -87.64450073242188
3LL4,small_airport,Pillow Hill Airport,815,NA,US,US-IL,Spring Grove,,,3LL4,3LL4,42.447200775146484, -88.20149993896484
3LL5,small_airport,Richardson Field,860,NA,US,US-IL,Spring Grove,,,3LL5,3LL5,42.464500427246094, -88.23429870605469
3LL6,small_airport,Bickel Airport,530,NA,US,US-IL,Lenzburg,,,3LL6,3LL6,38.335, -89.769722
3LL7,heliport,St Margarets Hospital Heliport,625,NA,US,US-IL,Spring Valley,,,3LL7,3LL7,41.32500076293945, -89.19730377197266
3LL8,small_airport,McLeansboro Airport,415,NA,US,US-IL,McLeansboro,,,3LL8,3LL8,38.076011, -88.538446
3LL9,small_airport,Compton Airport,535,NA,US,US-IL,Pocahontas,,,3LL9,3LL9,38.80419921875, -89.60890197753906
3LS7,small_airport,Bock Farms Airport,592,NA,US,US-IL,Williamsville,,,3LS7,3LS7,39.98640060424805, -89.51170349121094
3LS8,small_airport,The Place Airport,50,NA,US,US-LA,Folsom,,,3LS8,3LS8,30.651296, -90.114369
3M0,small_airport,Gastons Airport,479,NA,US,US-AR,Lakeview,,,3M0,3M0,36.348701, -92.557098
3M1,heliport,Hermitage Lions Heliport,902,NA,US,US-MO,Hermitage,,,3M1,3M1,37.947200775146484, -93.33360290527344
3M5,small_airport,Moontown Airport,650,NA,US,US-AL,Huntsville,,,K3M5,3M5,34.747299, -86.461403
3MA0,heliport,Compaq Woburn Heliport,80,NA,US,US-MA,Woburn,,,3MA0,3MA0,42.50979995727539, -71.13639831542969
3MA1,heliport,Marlborough Hospital Heliport,520,NA,US,US-MA,Marlborough,,,3MA1,3MA1,42.356201171875, -71.55509948730469
3MA2,small_airport,Baines Airport,1160,NA,US,US-MA,Middlefield,,,3MA2,3MA2,42.316200256347656, -73.03199768066406
3MA3,heliport,Seapuit Heliport,20,NA,US,US-MA,Barnstable,,,3MA3,3MA3,41.61149978637695, -70.41529846191406
3MA4,heliport,North Chatham Heliport,10,NA,US,US-MA,Chatham,,,3MA4,3MA4,41.71480178833008, -69.96610260009766
3MA5,small_airport,Westport Airport,80,NA,US,US-MA,Westport,,,3MA5,3MA5,41.543201, -71.035301
3MA6,heliport,Happy Heliport,127,NA,US,US-MA,Dartmouth,,,3MA6,3MA6,41.58369827270508, -71.04060363769531
3MA8,heliport,Sadler Hill Heliport,125,NA,US,US-MA,Gloucester,,,3MA8,3MA8,42.62229919433594, -70.65229797363281
3MA9,heliport,Marston Mills Heliport,10,NA,US,US-MA,Marston Mills,,,3MA9,3MA9,41.64039993286133, -70.40779876708984
3MD0,small_airport,Burhans Memorial Airport,490,NA,US,US-MD,Frederick,,,3MD0,3MD0,39.348201751708984, -77.33609771728516
3MD1,heliport,MedStar Southern Maryland Hospital Center Heliport,270,NA,US,US-MD,Clinton,,,3MD1,3MD1,38.748009, -76.876858
3MD2,heliport,Garrett County Memorial Hospital Heliport,2457,NA,US,US-MD,Oakland,,,3MD2,3MD2,39.41320037841797, -79.40119934082031
3MD3,heliport,Hoopers Heliport,3,NA,US,US-MD,Ocean City,,,3MD3,3MD3,38.311500549316406, -75.12049865722656
3MD4,small_airport,Fairview Airport,150,NA,US,US-MD,Annapolis,,,3MD4,3MD4,38.97760009765625, -76.63939666748047
3MD5,small_airport,Hidden Hills Airport,20,NA,US,US-MD,Hurlock,,,3MD5,3MD5,38.62120056152344, -75.84130096435547
3MD6,small_airport,West St Mary's Airport,50,NA,US,US-MD,Drayden,,,3MD6,3MD6,38.18899917602539, -76.4468994140625
3MD7,heliport,Green Terrace Heliport,310,NA,US,US-MD,Baltimore,,,3MD7,3MD7,39.4025993347168, -76.50499725341797
3MD8,small_airport,Pokety Airport,10,NA,US,US-MD,Cambridge,,,3MD8,3MD8,38.612300872802734, -76.17109680175781
3MD9,small_airport,Chandler Airport,17,NA,US,US-MD,Ridge,,,3MD9,3MD9,38.11819839477539, -76.39129638671875
3ME7,seaplane_base,Peru / Destiny Cove SPB,580,NA,US,US-ME,,,,3ME7,,44.460597, -70.396957
3ME8,seaplane_base,Mast Cove Seaplane Base,267,NA,US,US-ME,Naples,,,3ME8,3ME8,43.994998931884766, -70.64129638671875
3MI0,small_airport,Doss Field,1050,NA,US,US-MI,Lake George,,,3MI0,3MI0,43.9370002746582, -85.02200317382812
3MI2,small_airport,South Fox Island Airport,616,NA,US,US-MI,Northport,,,3MI2,3MI2,45.399200439453125, -85.8301010131836
3MI3,heliport,Zayti Field Heliport,901,NA,US,US-MI,Novi,,,3MI3,3MI3,42.440222, -83.515861
3MI4,heliport,Clear Sky Heliport,980,NA,US,US-MI,Kalamazoo,,,,3MI4,42.185001373291, -85.721702575684
3MI6,heliport,Highland Heliport,1040,NA,US,US-MI,Highland,,,3MI6,3MI6,42.65700149536133, -83.65019989013672
3MI7,small_airport,Willie Run Airport,1043,NA,US,US-MI,Ortonville,,,3MI7,3MI7,42.829200744628906, -83.36859893798828
3MI9,seaplane_base,Ness Landing Seaplane Base,580,NA,US,US-MI,Rapid River,,,3MI9,3MI9,45.903900146484375, -86.97029876708984
3MN0,seaplane_base,Shadduck Seaplane Base,991,NA,US,US-MN,Annandale,,,3MN0,3MN0,45.292198181152344, -94.0947036743164
3MN2,heliport,Mercy Hospital & Healthcare Center Heliport,1060,NA,US,US-MN,Moose Lake,,,3MN2,3MN2,46.44070053100586, -92.77549743652344
3MN6,heliport,Mayo Clinic Health System-Mankato Heliport,1076,NA,US,US-MN,Mankato,,,3MN6,3MN6,44.163951, -93.983215
3MN7,small_airport,Blue Sky Airport,927,NA,US,US-MN,Sabin,,,3MN7,3MN7,46.800676, -96.594629
3MN9,small_airport,Schumacher Airport,1020,NA,US,US-MN,Oster,,,3MN9,3MN9,44.9844017029, -93.9360961914
3MO,small_airport,Sean D Sheldon Memorial Airfield,900,NA,US,US-MO,Osceola,,,23MU,23MU,38.0186, -93.6931
3MO1,heliport,Police Department Helicopter Maint Facility Heliport,855,NA,US,US-MO,Kansas City,,,3MO1,3MO1,39.0457992554, -94.49749755859999
3MO2,small_airport,Ultra Flight Airpark,502,NA,US,US-MO,Berger,,,3MO2,3MO2,38.685021, -91.338214
3MO3,heliport,Research Medical Center Heliport,947,NA,US,US-MO,Kansas City,,,3MO3,3MO3,39.00809860229492, -94.55819702148438
3MO4,small_airport,Penman Airport,287,NA,US,US-MO,Portageville,,,3MO4,3MO4,36.450489, -89.62831
3MO5,small_airport,Nimsick Airport,1095,NA,US,US-MO,Carthage,,,3MO5,3MO5,37.12810134887695, -94.21610260009766
3MO6,small_airport,Kitty Hawk Estates Airport,1000,NA,US,US-MO,Kearney,,,3MO6,3MO6,39.335601806640625, -94.48359680175781
3MO7,small_airport,Kelly Field,698,NA,US,US-MO,Bonne Terre,,,3MO7,3MO7,37.958725, -90.627651
3MS0,heliport,Grand Gulf Heliport,160,NA,US,US-MS,Port Gibson,,,3MS0,3MS0,32.013999938964844, -91.0521011352539
3MS1,small_airport,Thomas Field,485,NA,US,US-MS,Holly Springs,,,3MS1,3MS1,34.806433, -89.461455
3MS2,closed,Thunderfoot Ranch Airport,390,NA,US,US-MS,Tylertown,,,,,31.0791, -90.028397
3MS3,small_airport,Root Hog Airport,220,NA,US,US-MS,Flora,,,3MS3,3MS3,32.5159, -90.351196
3MS4,heliport,Pascagoula Naval Station Heliport,13,NA,US,US-MS,Pascagoula,,,3MS4,3MS4,30.33839988708496, -88.57360076904297
3MS5,small_airport,Mitchells Airport,323,NA,US,US-MS,Vaiden,,,3MS5,3MS5,33.300218, -89.814039
3MS6,small_airport,E E Lane Airport,268,NA,US,US-MS,Flora,,,3MS6,3MS6,32.554298400878906, -90.30290222167969
3MS8,small_airport,Fairview Farms Airport,170,NA,US,US-MS,Scooba,,,3MS8,3MS8,32.94219970703125, -88.3635025024414
3MS9,small_airport,Union Municipal Airport,512,NA,US,US-MS,Union,,,3MS9,3MS9,32.581038, -89.136972
3MT2,heliport,Exceptional Community Hospital Heliport,4607,NA,US,US-MT,Bozeman,,,3MT2,3MT2,45.728921, -111.083102
3MT3,small_airport,Three Cross Ranch Airport,3930,NA,US,US-MT,Ryegate,,,3MT3,3MT3,46.125556, -109.365
3MT5,heliport,Community Hospital of Anaconda EMS Helipad,5320,NA,US,US-MT,Anaconda,,,3MT5,3MT5,46.132137, -112.957397
3MT6,small_airport,Nistler Airport,5035,NA,US,US-MT,Bozeman,,,3MT6,3MT6,45.634272, -111.11433
3MT9,small_airport,Willow Airport,5536,NA,US,US-MT,Philipsburg,,,3MT9,3MT9,46.471562, -113.492461
3N5,small_airport,Newton Airport,620,NA,US,US-NJ,Newton,,,3N5,3N5,41.027302, -74.758499
3N8,small_airport,Mahnomen County Airport,1244,NA,US,US-MN,Waubun,,,,3N8,47.261412, -95.930057
3NA0,small_airport,Erickson Airport,1095,NA,US,US-ND,Clifford,,,3NA0,3NA0,47.41669845581055, -97.5114974975586
3NA2,small_airport,Lorentzen Airport,1790,NA,US,US-ND,Washburn,,,3NA2,3NA2,47.302799224853516, -101.06700134277344
3NA6,small_airport,Risovi Ranch Strip,1560,NA,US,US-ND,Hamberg,,,3NA6,3NA6,47.770599365234375, -99.46179962158203
3NA7,heliport,J. R. Heliport,1530,NA,US,US-ND,Kensal,,,3NA7,3NA7,47.38610076904297, -98.71700286865234
3NC0,small_airport,Clyde Valley Airport,1100,NA,US,US-NC,Morganton,,,3NC0,3NC0,35.690399169921875, -81.7123031616211
3NC1,small_airport,Welborn Farm Airport,1030,NA,US,US-NC,Boonville,,,3NC1,3NC1,36.20539855957031, -80.65840148925781
3NC2,heliport,Garner Road Heliport,375,NA,US,US-NC,Raleigh,,,3NC2,3NC2,35.732111, -78.628722
3NC3,small_airport,Tucker Field,645,NA,US,US-NC,Locust,,,3NC3,3NC3,35.24689865112305, -80.40750122070312
3NC4,small_airport,Mc Donald Field,545,NA,US,US-NC,Marshville,,,3NC4,3NC4,35.05350113, -80.40899658
3NC5,small_airport,Flying Bj Airport,1000,NA,US,US-NC,Stony Point,,,3NC5,3NC5,35.812198638916016, -81.06999969482422
3NC6,small_airport,Mc Cachren Field,565,NA,US,US-NC,Harrisburg,,,3NC6,3NC6,35.3117980957, -80.644203186
3NC7,small_airport,Maxwell Airport,3050,NA,US,US-NC,Sparta,,,3NC7,3NC7,36.5192985534668, -81.13670349121094
3NC8,heliport,Chinquapin Heliport,4200,NA,US,US-NC,Cashiers,,,3NC8,3NC8,35.157902, -83.067047
3NC9,small_airport,Womble Field,475,NA,US,US-NC,Chapel Hill,,,3NC9,3NC9,35.878176, -79.086778
3ND5,small_airport,Gage Flying Farmer Airport,1235,NA,US,US-ND,Oriska,,,3ND5,3ND5,47.061100006103516, -97.77120208740234
3ND6,small_airport,DJR Ultralight Flightpark,1945,NA,US,US-ND,Tuttle,,,3ND6,3ND6,47.242069, -99.897625
3NE2,small_airport,Phillips Private Airport,4370,NA,US,US-NE,Hemingford,,,3NE2,3NE2,42.326349, -103.194795
3NE3,small_airport,Wells Airport,2275,NA,US,US-NE,Holdrege,,,3NE3,3NE3,40.506868, -99.316464
3NE5,small_airport,MT Airfield,1165,NA,US,US-NE,Murdock,,,3NE5,3NE5,40.947553, -96.202597
3NE7,small_airport,Pawlet Ranch Airport,3850,NA,US,US-NE,Lakeside,,,3NE7,3NE7,41.8291015625, -102.34300231933594
3NH2,seaplane_base,Flying Loon Seaplane Base,1400,NA,US,US-NH,Nelson,,,3NH2,3NH2,42.9737639, -72.0847278
3NH4,heliport,Portsmouth Regional Hospital Heliport,62,NA,US,US-NH,Portsmouth,,,3NH4,3NH4,43.06462, -70.791532
3NH9,heliport,Longview Heliport,560,NA,US,US-NH,Alton,,,3NH9,3NH9,43.54759979248047, -71.22699737548828
3NJ0,heliport,Hamilton Farm Golf Club Heliport,308,NA,US,US-NJ,Bedminster,,,3NJ0,3NJ0,40.707801818847656, -74.68389892578125
3NJ1,small_airport,Pemberton Airport,65,NA,US,US-NJ,Pemberton,,,3NJ1,3NJ1,39.982101, -74.692703
3NJ2,heliport,Educational Testing Heliport,270,NA,US,US-NJ,Princeton,,,3NJ2,3NJ2,40.341800689697266, -74.71630096435547
3NJ3,heliport,Dow Jones & Co. Inc. Heliport,76,NA,US,US-NJ,Princeton,,,3NJ3,3NJ3,40.370399475097656, -74.58599853515625
3NJ4,heliport,Sarnoff Princeton Heliport,90,NA,US,US-NJ,Princeton,,,3NJ4,3NJ4,40.33340072631836, -74.63289642333984
3NJ5,small_airport,Mock Airport,560,NA,US,US-NJ,Quakertown,,,3NJ5,3NJ5,40.53340148925781, -74.91629791259766
3NJ6,small_airport,Inductotherm Airport,65,NA,US,US-NJ,Rancocas,,,3NJ6,3NJ6,40.015098571777344, -74.84290313720703
3NJ8,heliport,Aventis Pharmaceuticals Heliport,189,NA,US,US-NJ,Bridgewater,,,3NJ8,3NJ8,40.62260055541992, -74.63269805908203
3NJ9,small_airport,Allen Airstrip,51,NA,US,US-NJ,Vincentown,,,3NJ9,3NJ9,39.9411125183, -74.77083587650002
3NK0,small_airport,Mc Kinney Airport,547,NA,US,US-NY,Brockport,,,3NK0,3NK0,43.2030982971, -77.90249633790002
3NK1,heliport,Catskills Medical Center Heliport,1250,NA,US,US-NY,Monticello,,,3NK1,3NK1,41.708723, -74.736359
3NK2,heliport,Bassett Heliport,1243,NA,US,US-NY,Cooperstown,,,3NK2,3NK2,42.68949890136719, -74.92150115966797
3NK3,heliport,Linuo American Campus Heliport,322,NA,US,US-NY,Hopewell Junction,,,3NK3,3NK3,41.533948, -73.833359
3NK4,small_airport,Laska Airport,1480,NA,US,US-NY,Jamestown,,,3NK4,3NK4,42.028193, -79.19765
3NK5,small_airport,Secret Spot Airport,155,NA,US,US-NY,Plattsburgh,,,3NK5,3NK5,44.61669921875, -73.46530151367188
3NK6,small_airport,Tuscarora Plateau Airport,900,NA,US,US-NY,Tuscarora,,,3NK6,3NK6,42.637001037597656, -77.88390350341797
3NK7,heliport,B/G Heliport,1100,NA,US,US-NY,Gilboa/Grand Gorge,,,3NK7,3NK7,42.424800872802734, -74.45099639892578
3NK8,small_airport,B Flat Farm Airport,800,NA,US,US-NY,Copake,,,3NK8,3NK8,42.14059829711914, -73.61190032958984
3NK9,heliport,Arnot Ogden Hospital Heliport,909,NA,US,US-NY,Elmira,,,3NK9,3NK9,42.100595, -76.826406
3NO,small_airport,North Omaha Airport,1322,NA,US,US-NE,Omaha,,,3NO,3NO,41.368301, -96.022499
3NP,small_airport,Napoleon Airport,963,NA,US,US-MI,Napoleon,,,3NP,3NP,42.170898, -84.259697
3NR3,small_airport,Transylvania Community Airport,2110,NA,US,US-NC,Brevard,,,3NR3,3NR3,35.270277, -82.644167
3NR4,small_airport,Crabbe Airport,15,NA,US,US-NC,Elizabeth City,,,3NR4,3NR4,36.281394, -76.336688
3NR5,heliport,UNC Hillsborough Helipad,682,NA,US,US-NC,Hillsborough,,,3NR5,3NR5,36.036394, -79.092245
3NV1,heliport,Desert Springs Hospital Heliport,1967,NA,US,US-NV,Las Vegas,,,3NV1,3NV1,36.112528, -115.124214
3NV3,heliport,Remlinger Ranch Heliport,5090,NA,US,US-NV,New Washoe City,,,3NV3,3NV3,39.25910186767578, -119.75499725341797
3NY0,small_airport,The Ranch Airport,1110,NA,US,US-NY,Sprakers,,,3NY0,3NY0,42.827301, -74.403999
3NY2,heliport,Astoria Heliport,15,NA,US,US-NY,Astoria,,,3NY2,3NY2,40.78620147705078, -73.91210174560547
3NY3,small_airport,De Ronda Airport,1650,NA,US,US-NY,Springfield,,,3NY3,3NY3,42.859798431396484, -74.82430267333984
3NY5,small_airport,Luke Airport,1558,NA,US,US-NY,Binghamton,,,3NY5,3NY5,42.02370071411133, -75.95709991455078
3NY6,small_airport,Six Ponds Airport,1125,NA,US,US-NY,Duanesburg,,,3NY6,3NY6,42.84120178222656, -74.17870330810547
3NY7,small_airport,Hiserts Airpark Inc Airport,813,NA,US,US-NY,Ephratah,,,3NY7,3NY7,42.984398, -74.519083
3O5,small_airport,Walters Municipal Airport,1058,NA,US,US-OK,Walters,,,,3O5,34.369052, -98.406315
3O8,small_airport,Harris Ranch Airport,470,NA,US,US-CA,Coalinga,,,K3O8,3O8,36.247813, -120.238323
3OA3,heliport,Pelton Heliport,800,NA,US,US-OH,Oberlin,,,3OA3,3OA3,41.259904, -82.20475
3OA9,heliport,Memorial Hospital of Union County Heliport,1001,NA,US,US-OH,Marysville,,,3OA9,3OA9,40.229400634765625, -83.3677978515625
3OG3,small_airport,Dillon Field Airport,4092,NA,US,US-OR,Klamath Falls,,,3OG3,3OG3,42.122222, -121.791667
3OH0,small_airport,Andy Barnhart Memorial Airport,895,NA,US,US-OH,New Carlisle,,,3OH0,3OH0,39.930317, -84.013429
3OH1,small_airport,Morningstar North Airport,982,NA,US,US-OH,West Alexandria,,,3OH1,3OH1,39.69729995727539, -84.5427017211914
3OH4,small_airport,Riceland Aerodrome,1115,NA,US,US-OH,Andover,,,3OH4,3OH4,41.60390090942383, -80.58979797363281
3OH6,small_airport,Youngpeter Airport,815,NA,US,US-OH,Delphos,,,3OH6,3OH6,40.78329849243164, -84.3677978515625
3OH7,small_airport,Creager Airport,895,NA,US,US-OH,Williamsburg,,,,,39.030102, -84.0466
3OH8,small_airport,Gnadenhutten Airport,842,NA,US,US-OH,Gnadenhutten,,,3OH8,3OH8,40.360802, -81.423302
3OH9,small_airport,Merts Field,1010,NA,US,US-OH,Wilmington,,,3OH9,3OH9,39.562026, -83.857784
3OI6,small_airport,Vogel Airpark,1028,NA,US,US-OH,Savannah,,,3OI6,3OI6,40.96120071411133, -82.37069702148438
3OI7,heliport,Valley Asphalt Heliport,580,NA,US,US-OH,Sharonville,,,3OI7,3OI7,39.2859001159668, -84.4301986694336
3OI8,heliport,McLaren St Luke's Hospital Heliport,638,NA,US,US-OH,Maumee,,,3OI8,3OI8,41.5561, -83.682099
3OI9,heliport,V.J.S. Heliport,1050,NA,US,US-OH,Pepper Pike,,,3OI9,3OI9,41.47639846801758, -81.46600341796875
3OK0,small_airport,Valley Airport,780,NA,US,US-OK,Ada,,,3OK0,3OK0,34.70500183105469, -96.57669830322266
3OK1,small_airport,Okarche Airport,1239,NA,US,US-OK,Okarche,,,3OK1,3OK1,35.72999954223633, -97.96700286865234
3OK3,heliport,Cedar Crest Heliport,582,NA,US,US-OK,Locust Grove,,,3OK3,3OK3,36.105098724365234, -95.23519897460938
3OK4,heliport,Saint Anthony Hospital Heliport,1300,NA,US,US-OK,Oklahoma City,,,3OK4,3OK4,35.478368, -97.52245
3OK5,small_airport,Bearden Private Airport,1180,NA,US,US-OK,Lindsay,,,3OK5,3OK5,34.728599548300004, -97.605796814
3OK7,small_airport,Double W Airport,790,NA,US,US-OK,Sand Springs,,,3OK7,3OK7,36.241798400878906, -96.13420104980469
3OK8,small_airport,Flying G Ranch Airport,890,NA,US,US-OK,Sand Springs,,,3OK8,3OK8,36.11669921875, -96.23359680175781
3OK9,small_airport,Jazz Ranch Airport,1080,NA,US,US-OK,Shawnee,,,3OK9,3OK9,35.321786, -97.040084
3OL8,small_airport,Harrison Airport,805,NA,US,US-OK,Welch,,,3OL8,3OL8,36.877899169921875, -95.14910125732422
3OR0,heliport,Pge Service Center Heliport,76,NA,US,US-OR,Portland,,,3OR0,3OR0,45.49599838256836, -122.64800262451172
3OR2,small_airport,Maxwell Private Airport,2710,NA,US,US-OR,La Grande,,,3OR2,3OR2,45.312400817871094, -117.95899963378906
3OR4,heliport,Babler Bros Inc Heliport,50,NA,US,US-OR,Portland,,,3OR4,3OR4,45.57979965209961, -122.65799713134766
3OR5,heliport,Elkins Heliport,550,NA,US,US-OR,Salem,,,3OR5,3OR5,44.86009979248047, -123.03800201416016
3OR7,heliport,Trojan Heliport,26,NA,US,US-OR,Rainier,,,3OR7,3OR7,46.033199310302734, -123.11799621582031
3OR8,small_airport,Cline Falls Air Park,2920,NA,US,US-OR,Redmond,,,3OR8,3OR8,44.283199310302734, -121.26899719238281
3OR9,small_airport,Murphy Ranch Airport,3465,NA,US,US-OR,Juntura,,,3OR9,3OR9,43.957401275634766, -118.13200378417969
3PA0,small_airport,Horst Airport,450,NA,US,US-PA,Lebanon,,,3PA0,3PA0,40.383399963378906, -76.46640014648438
3PA4,small_airport,Giffin Airport,840,NA,US,US-PA,Leraysville,,,3PA4,3PA4,41.77790069580078, -76.13719940185547
3PA5,heliport,Davis Family Furniture Heliport,1000,NA,US,US-PA,Adamsburg,,,3PA5,3PA5,40.310298919677734, -79.65499877929688
3PA6,small_airport,Fox Hollow Airport,540,NA,US,US-PA,Lewisburg,,,3PA6,3PA6,40.992446, -76.902474
3PA7,heliport,Nason Medical Center LLC Heliport,1336,NA,US,US-PA,Roaring Spring,,,3PA7,3PA7,40.339663, -78.389907
3PA8,small_airport,Harris Airport,575,NA,US,US-PA,Lincoln University,,,3PA8,3PA8,39.82040023803711, -75.92579650878906
3PA9,small_airport,Moyer Airport,330,NA,US,US-PA,Line Lexington,,,3PA9,3PA9,40.29679870605469, -75.24800109863281
3PN0,small_airport,Schulteis Airport,680,NA,US,US-PA,Biglerville,,,3PN0,3PN0,39.96039962768555, -77.25910186767578
3PN1,small_airport,Ashlawn Airport,1511,NA,US,US-PA,Clifford,,,3PN1,3PN1,41.62200164794922, -75.59629821777344
3PN2,small_airport,Karlindo Airport,530,NA,US,US-PA,Fairfield,,,3PN2,3PN2,39.75899887084961, -77.34750366210938
3PN3,small_airport,Countryside Airport,1260,NA,US,US-PA,Lehman,,,3PN3,3PN3,41.28369903564453, -76.03520202636719
3PN4,heliport,UPMC Jameson Heliport,945,NA,US,US-PA,New Castle,,,3PN4,3PN4,41.012685, -80.35172
3PN5,heliport,H.G.F. Heliport,420,NA,US,US-PA,Allentown,,,3PN5,3PN5,40.565101623535156, -75.55799865722656
3PN6,small_airport,Gravel Run Airport,1240,NA,US,US-PA,Saegertown,,,3PN6,3PN6,41.742484, -80.07484
3PN7,small_airport,Stahl's Mountain Airport,1950,NA,US,US-PA,Union Dale,,,3PN7,3PN7,41.74789810180664, -75.49739837646484
3PN9,small_airport,Phil Cain Memorial Field Ultralight Flightpark,1210,NA,US,US-PA,Export,,,3PN9,3PN9,40.444399, -79.558053
3PS0,heliport,Penn Chester County Hospital Heliport,460,NA,US,US-PA,West Chester,,,3PS0,3PS0,39.970765, -75.603383
3PS1,heliport,Pitcairn Heliport,190,NA,US,US-PA,Bryn Athyn,,,3PS1,3PS1,40.12590026855469, -75.07879638671875
3PS3,heliport,Richard L Miller Heliport,590,NA,US,US-PA,Myerstown,,,,,40.389301, -76.310799
3PS4,small_airport,Mountain Hide-Away Airport,1604,NA,US,US-PA,Millcreek,,,3PS4,3PS4,40.72359848022461, -77.98739624023438
3PS5,heliport,Shamokin Hospital Heliport,720,NA,US,US-PA,Shamokin,,,3PS5,3PS5,40.80540084838867, -76.56999969482422
3PS7,heliport,Coxton Lake Heliport,2110,NA,US,US-PA,Lakewood,,,3PS7,3PS7,41.85810089111328, -75.44889831542969
3PS8,small_airport,Yingst Airport,701,NA,US,US-PA,Harrisburg,,,3PS8,3PS8,40.39580154418945, -76.74579620361328
3PS9,small_airport,Risker Field,1100,NA,US,US-PA,Bulger,,,3PS9,3PS9,40.37839889526367, -80.34950256347656
3Q0,small_airport,Mina Airport,4552,NA,US,US-NV,Mina,,,3Q0,3Q0,38.383301, -118.100998
3R8,small_airport,Scottsburg Airport,600,NA,US,US-IN,Scottsburg,,,3R8,3R8,38.65729904174805, -85.79019927978516
3RU,small_airport,Rust Airstrip,810,NA,US,US-GA,Woolsey,,,GA82,GA82,33.3326, -84.401901
3S2,small_airport,Swans Field,400,NA,US,US-ME,Dixfield,,,3S2,3S2,44.51409912109375, -70.40679931640625
3S5,small_airport,Schiffer Acres Airport,735,NA,US,US-MI,Saint Johns,,,K3S5,3S5,43.035736, -84.435631
3S6,small_airport,Toketee State Airport,3361,NA,US,US-OR,Clearwater,,,3S6,3S6,43.2234992980957, -122.4209976196289
3S7,small_airport,Nehalem Bay State Airport,22,NA,US,US-OR,Manzanita,,,3S7,3S7,45.69820022583008, -123.93000030517578
3SC3,heliport,Carolina Pines Regional Medical Center Heliport,228,NA,US,US-SC,Hartsville,,,3SC3,3SC3,34.34939956665039, -80.10330200195312
3SC4,small_airport,Crooked Fence Farm Airport,645,NA,US,US-SC,Woodruff,,,3SC4,3SC4,34.771301, -81.98822
3SC5,heliport,Hillcrest Memorial Hospital Heliport,875,NA,US,US-SC,Simpsonville,,,3SC5,3SC5,34.721342, -82.247842
3SC7,small_airport,Jordan Airport,33,NA,US,US-SC,Andrews,,,SC57,SC57,33.540569, -79.534174
3SD3,small_airport,Brown Field,2780,NA,US,US-SD,Scenic,,,3SD3,3SD3,43.811798095703125, -102.72000122070312
3SD4,small_airport,Chris Hofer Landing Strip,1491,NA,US,US-SD,Tea,,,3SD4,3SD4,43.464939, -96.862633
3SD5,heliport,Dilligaf Heliport,6020,NA,US,US-SD,Lead,,,3SD5,3SD5,44.22740173339844, -103.77899932861328
3T0,small_airport,Cedar Mills Airport,640,NA,US,US-TX,Gordonville,,,3T0,3T0,33.839298248291016, -96.81009674072266
3T2,small_airport,Wolfe Air Park,55,NA,US,US-TX,Manvel,,,,3T2,29.48, -95.327202
3T4,small_airport,Tetlin Airport,1663,NA,US,US-AK,Tetlin,,TEH,3T4,3T4,63.124618, -142.518005
3T6,small_airport,Clark Airport,705,NA,US,US-TX,Justin,,,3T6,3T6,33.133499, -97.2967
3T7,small_airport,Middle Bass Island Airport,580,NA,US,US-OH,Middle Bass Island,,,3T7,3T7,41.688625, -82.808139
3T8,small_airport,Wildcat Canyon Airport,660,NA,US,US-TX,China Spring,,,3T8,3T8,31.678800582885742, -97.36280059814453
3TA,small_airport,Stafford Municipal Airport,1886,NA,US,US-KS,Stafford,,,3TA,3TA,37.959481, -98.6478
3TA0,small_airport,Four Square Ranch Airport,2250,NA,US,US-TX,Rocksprings,,,3TA0,3TA0,30.096900939941406, -100.40499877929688
3TA2,small_airport,Clark Sky Ranch Airport,145,NA,US,US-TX,Sealy,,,3TA2,3TA2,29.736489, -96.062679
3TA3,heliport,Baltzell's Las Brisas Heliport,1165,NA,US,US-TX,Lakehills,,,3TA3,3TA3,29.588451, -98.946197
3TA4,small_airport,Tin Top Ranch Airport,1300,NA,US,US-TX,Brownwood,,,3TA4,3TA4,31.48579978942871, -98.9760971069336
3TA5,small_airport,Blanco Landing Airport,1460,NA,US,US-TX,Blanco,,,3TA5,3TA5,30.122467, -98.374783
3TA6,small_airport,Spring Ranch Airport,1440,NA,US,US-TX,Brackettville,,,3TA6,3TA6,29.541900634765625, -100.25299835205078
3TA7,small_airport,Jim Sears Airport,900,NA,US,US-TX,Paradise,,,3TA7,3TA7,33.140104, -97.804184
3TA8,small_airport,Picosa Ranch Airport,600,NA,US,US-TX,Crystal City,,,3TA8,3TA8,28.71969985961914, -100.05500030517578
3TA9,small_airport,Chacon Creek Ranch Airport,595,NA,US,US-TX,Crystal City,,,3TA9,3TA9,28.708599090576172, -100.00700378417969
3TE,small_airport,Al Meyers Airport,815,NA,US,US-MI,Tecumseh,,,,3TE,42.025101, -83.939201
3TE0,small_airport,K Ranch Airport,285,NA,US,US-TX,Iola,,,3TE0,3TE0,30.731599807739258, -96.131103515625
3TE1,small_airport,Gum Island Airport,53,NA,US,US-TX,Dayton,,,3TE1,3TE1,29.95159912109375, -94.90440368652344
3TE2,heliport,Texas Commerce Bank Building Heliport,458,NA,US,US-TX,Houston,,,3TE2,3TE2,29.758800506591797, -95.36380004882812
3TE3,small_airport,Lazy Dog Ranch Airpark,600,NA,US,US-TX,Nevada,,,3TE3,3TE3,33.074013, -96.432
3TE4,small_airport,Hot Springs Airport,3071,NA,US,US-TX,Presidio,,,3TE4,3TE4,30.008801, -104.665001
3TE5,small_airport,Stamps Field,3445,NA,US,US-TX,Panhandle,,,3TE5,3TE5,35.33060073852539, -101.38500213623047
3TE6,small_airport,Skellytown Airport,3280,NA,US,US-TX,Skellytown,,,3TE6,3TE6,35.56999969482422, -101.16899871826172
3TE8,small_airport,Terlingua Airport,2717,NA,US,US-TX,Terlingua,,,3TE8,3TE8,29.319401, -103.584
3TE9,small_airport,Pinoak Airport,91,NA,US,US-TX,Dayton,,,3TE9,3TE9,30.10580062866211, -94.95880126953125
3TN0,small_airport,Indian Springs Airport,1580,NA,US,US-TN,Kingsport,,,3TN0,3TN0,36.535, -82.423889
3TN1,heliport,Methodist Hospital-North Heliport,346,NA,US,US-TN,Memphis,,,3TN1,3TN1,35.23400115966797, -89.89289855957031
3TN2,closed,Merian Seaplane Base,740,NA,US,US-TN,Kingston,,,,,35.821701, -84.611
3TN3,small_airport,Wayne's World Airport,440,NA,US,US-TN,Dresden,,,3TN3,3TN3,36.264622, -88.755541
3TN4,closed,Kenner Farm Airport,940,NA,US,US-TN,Seymour,,,,,35.881036, -83.726641
3TN5,heliport,Holston Valley Medical Center Heliport,1270,NA,US,US-TN,Kingsport,,,3TN5,3TN5,36.553643, -82.552815
3TN6,small_airport,Wilson Field,435,NA,US,US-TN,Memphis,,,3TN6,3TN6,35.0968017578125, -89.28060150146484
3TN7,heliport,Pigeon Forge Heliport,1400,NA,US,US-TN,Pigeon Forge,,,3TN7,3TN7,35.724300384521484, -83.63929748535156
3TN8,small_airport,Massingale Airport,840,NA,US,US-TN,Lenoir City,,,3TN8,3TN8,35.763999938964844, -84.1874008178711
3TN9,small_airport,Holenthawall Airport,645,NA,US,US-TN,Springfield,,,3TN9,3TN9,36.61330032348633, -86.810302734375
3TS0,small_airport,East Side Airport,373,NA,US,US-TX,Longview,,,3TS0,3TS0,32.50849914550781, -94.70020294189453
3TS1,small_airport,White Wings Airport,1083,NA,US,US-TX,Wimberley,,,3TS1,3TS1,30.01140022277832, -98.04049682617188
3TS2,heliport,West Hospital Authority Heliport,650,NA,US,US-TX,West,,,3TS2,3TS2,31.816400528, -97.09279632570001
3TS3,small_airport,J-D Ranch Airport,34,NA,US,US-TX,Alvin,,,3TS3,3TS3,29.37470054626465, -95.29049682617188
3TS4,heliport,Intermedics Heliport,34,NA,US,US-TX,Angleton,,,3TS4,3TS4,29.211258, -95.440072
3TS8,heliport,Dailey Inc Heliport,25,NA,US,US-TX,Houston,,,3TS8,3TS8,29.789400100708008, -95.27739715576172
3TS9,small_airport,Oak Glen Ranch Airport,430,NA,US,US-TX,Cooper,,,3TS9,3TS9,33.37929916381836, -95.60359954833984
3TX0,heliport,Texas Department of Public Safety Corpus Christi Heliport,37,NA,US,US-TX,Corpus Christi,,,3TX0,3TX0,27.7411, -97.434998
3TX1,small_airport,Paradise Point Airport,345,NA,US,US-TX,Frankston,,,3TX1,3TX1,32.082431, -95.445039
3TX2,small_airport,Flying S Farm Airport,780,NA,US,US-TX,Justin,,,3TX2,3TX2,33.0806999206543, -97.3488998413086
3TX3,small_airport,Sitton Field,682,NA,US,US-TX,Justin,,,3TX3,3TX3,33.119598388671875, -97.3197021484375
3TX6,small_airport,Lowell Smith Jr Airport,740,NA,US,US-TX,Rio Vista,,,3TX6,3TX6,32.233481, -97.380849
3TX7,small_airport,Flying P Airport,805,NA,US,US-TX,Justin,,,3TX7,3TX7,33.14080047607422, -97.37110137939453
3TX9,small_airport,Rafter J Airport,710,NA,US,US-TX,Burleson,,,3TX9,3TX9,32.5275993347168, -97.28079986572266
3U0,small_airport,Murphy Hot Springs Airport,5829,NA,US,US-ID,Three Creek,,,3U0,3U0,42.02069854736328, -115.33799743652344
3U1,small_airport,Warren USFS Airport,5896,NA,US,US-ID,Warren,,,K3U1,3U1,45.267767, -115.683106
3U2,small_airport,Johnson Creek Airport,4933,NA,US,US-ID,Yellow Pine,,,3U2,3U2,44.912215, -115.485433
3U5,small_airport,Augusta Airport,4145,NA,US,US-MT,Augusta,,,3U5,3U5,47.46329879760742, -112.37999725341797
3U9,small_airport,Boulder Airport,4968,NA,US,US-MT,Boulder,,,3U9,3U9,46.211601, -112.106003
3UT6,heliport,Riverton Hospital Heliport,4638,NA,US,US-UT,Riverton,,,3UT6,3UT6,40.520019, -111.981616
3UT8,heliport,Little Sahara Medical Helipad #1,5228,NA,US,US-UT,Little Sahara Recreation Area,,,3UT8,3UT8,39.72637, -112.30547
3UT9,heliport,Little Sahara Medical Helipad #2,4957,NA,US,US-UT,Little Sahara Recreation Area,,,3UT9,3UT9,39.673007, -112.354742
3VA0,small_airport,Ayres-Aicp Airport,530,NA,US,US-VA,Warrenton,,,3VA0,3VA0,38.775901794433594, -77.91059875488281
3VA1,small_airport,The Meadows Airport,584,NA,US,US-VA,Warrenton,,,3VA1,3VA1,38.770587, -77.797278
3VA2,small_airport,Aviacres Airport,435,NA,US,US-VA,Warrenton,,,3VA2,3VA2,38.624298095703125, -77.78610229492188
3VA3,small_airport,Flying Circus Aerodrome,315,NA,US,US-VA,Bealeton,,,3VA3,3VA3,38.551488, -77.715411
3VA4,small_airport,Bill Davenport Memorial Airport,10,NA,US,US-VA,Warsaw,,,3VA4,3VA4,37.857067, -76.736097
3VA5,small_airport,Goose Hunt Farm Airport,340,NA,US,US-VA,Leesburg,,,3VA5,3VA5,39.028889, -77.625
3VA6,heliport,Beaver Lodge Estate Heliport,340,NA,US,US-VA,Somerville,,,3VA6,3VA6,38.51959991455078, -77.57360076904297
3VA7,small_airport,White Post Airport,610,NA,US,US-VA,White Post,,,3VA7,3VA7,39.061816, -78.092365
3VA8,small_airport,Garner Airport,80,NA,US,US-VA,Windsor,,,3VA8,3VA8,36.856300354003906, -76.68219757080078
3VA9,heliport,Danville Life Saving Crew Heliport,520,NA,US,US-VA,Danville,,,3VA9,3VA9,36.58570098876953, -79.4092025756836
3VG2,small_airport,Machipongo International Airport,36,NA,US,US-VA,Machipongo,,,3VG2,3VG2,37.3883018494, -75.8925018311
3VG3,small_airport,Serenity Farm Airport,10,NA,US,US-VA,Burgess,,,3VG3,3VG3,37.936100006103516, -76.34860229492188
3VG7,small_airport,Hartwood Airport,390,NA,US,US-VA,Fredericksburg,,,3VG7,3VG7,38.4846, -77.612801
3VG9,small_airport,Potts Landing Airport,550,NA,US,US-VA,South Boston,,,3VG9,3VG9,36.711385, -79.136266
3VS,small_airport,Roy Otten Memorial Airfield,1030,NA,US,US-MO,Versailles,,VRS,3VS,3VS,38.427799224854, -92.875198364258
3W2,small_airport,Put In Bay Airport,595,NA,US,US-OH,Put In Bay,,,3W2,3W2,41.6367, -82.8283
3W3,small_airport,Kentmorr Airpark,10,NA,US,US-MD,Stevensville,,,3W3,3W3,38.918201, -76.358002
3W5,small_airport,Mears Field Airport,267,NA,US,US-WA,Concrete,,,K3W5,3W5,48.5298, -121.758003
3W6,small_airport,Bladenboro Airport,115,NA,US,US-NC,Bladenboro,,,K3W6,3W6,34.542921, -78.778131
3W9,small_airport,Middle Bass-East Point Airport,582,NA,US,US-OH,Middle Bass Island,,,3W9,3W9,41.694401, -82.7966
3WA0,small_airport,Taylor Airport,470,NA,US,US-WA,Rainier,,,3WA0,3WA0,46.89759826660156, -122.66999816894531
3WA1,small_airport,Johnson's Landing Ultralightport,1260,NA,US,US-WA,Leavenworth,,,3WA1,3WA1,47.603599548339844, -120.66999816894531
3WA2,small_airport,Hanes Airport,2209,NA,US,US-WA,Harrington,,,3WA2,3WA2,47.500997, -118.233619
3WA3,small_airport,Angel Park Airport,884,NA,US,US-WA,Kahlotus,,,3WA3,3WA3,46.64849853515625, -118.58300018310547
3WA4,small_airport,Watson Airport,1349,NA,US,US-WA,Kahlotus,,,3WA4,3WA4,46.71649932861328, -118.61799621582031
3WA5,heliport,Barnes Lonesome Polecat Ranch Heliport,188,NA,US,US-WA,Oak Harbor,,,3WA5,3WA5,48.25830078125, -122.66699981689453
3WA7,heliport,Kent Benaroya Heliport,25,NA,US,US-WA,Kent,,,3WA7,3WA7,47.41450119018555, -122.2300033569336
3WA8,heliport,Evergreen Hospital Heliport,185,NA,US,US-WA,Kirkland,,,3WA8,3WA8,47.71611023, -122.1801682
3WA9,small_airport,Flying Carpet Airport,255,NA,US,US-WA,Lacey,,,,,46.964544, -122.799937
3WI0,small_airport,Carnot Field,655,NA,US,US-WI,Algoma,,,3WI0,3WI0,44.6422004699707, -87.4197998046875
3WI1,small_airport,Olson's Airport,825,NA,US,US-WI,Union Grove,,,3WI1,3WI1,42.65700149536133, -88.08760070800781
3WI2,small_airport,Tesmer Airport,925,NA,US,US-WI,Waterloo,,,3WI2,3WI2,43.152801513671875, -88.9845962524414
3WI3,small_airport,Plover River Airfield,1185,NA,US,US-WI,Bevent,,,3WI3,3WI3,44.765201568603516, -89.40730285644531
3WI4,small_airport,Flying 'O' Airport,1320,NA,US,US-WI,Wausau,,,3WI4,3WI4,44.92359924316406, -89.40229797363281
3WI5,small_airport,Clover Valley Airport,850,NA,US,US-WI,Whitewater,,,3WI5,3WI5,42.8125, -88.72650146484375
3WI6,small_airport,Melin Farms Airport,885,NA,US,US-WI,Clinton,,,3WI6,3WI6,42.590775, -88.874613
3WI8,small_airport,Plantation Pine Airport,825,NA,US,US-WI,Redgranite,,,3WI8,3WI8,44.05329895019531, -89.1218032836914
3WI9,small_airport,Rosenbaum Field,940,NA,US,US-WI,Chippewa Falls,,,3WI9,3WI9,44.99375915527344, -91.37775421142578
3WN1,small_airport,Digger Doug Airport,1065,NA,US,US-WI,Dodgeville,,,3WN1,3WN1,42.870139, -89.900972
3WN2,small_airport,Old Dairy Airport,725,NA,US,US-WI,Washburn,,,3WN2,3WN2,46.69160079956055, -90.87069702148438
3WN3,heliport,Kenosha County Heliport,771,NA,US,US-WI,Kenosha,,,3WN3,3WN3,42.5702018737793, -88.04560089111328
3WN4,small_airport,Mark's Park & Airfield,855,NA,US,US-WI,New London,,,3WN4,3WN4,44.305906, -88.771512
3WN6,small_airport,Knutson Farms Airport,1035,NA,US,US-WI,Chetek,,,3WN6,3WN6,45.23899841308594, -91.71189880371094
3WN7,small_airport,Woodland Airstrip,610,NA,US,US-WI,Two Rivers,,,3WN7,3WN7,44.150732, -87.618394
3WN8,small_airport,Blunt Field,930,NA,US,US-WI,Chippewa Falls,,,3WN8,3WN8,44.93560028076172, -91.43070220947266
3WN9,small_airport,Brion Memorial Airport,900,NA,US,US-WI,Strum,,,3WN9,3WN9,44.55690002441406, -91.36689758300781
3WS9,small_airport,Woodland Farms Airport,1309,NA,US,US-WI,Hillsboro,,,3WS9,3WS9,43.61145, -90.307196
3WV2,heliport,Va Medical Center Heliport,885,NA,US,US-WV,Huntington,,,3WV2,3WV2,38.37779998779297, -82.5167007446289
3WV6,heliport,Air Evac 121 Heliport,2400,NA,US,US-WV,Mount Hope,,,3WV6,3WV6,37.834155, -81.196654
3WV7,heliport,United Medical Center Heliport,1247,NA,US,US-WV,Bridgeport,,,3WV7,3WV7,39.329202, -80.238642
3X5,small_airport,North Bass Island Airport,594,NA,US,US-OH,North Bass Island,,,3X5,3X5,41.717999, -82.821098
3XA0,small_airport,Drennan Airport,726,NA,US,US-TX,Grandview,,,3XA0,3XA0,32.313889, -97.231111
3XA1,small_airport,Hardy Field,670,NA,US,US-TX,Valley View,,,3XA1,3XA1,33.47395, -97.169267
3XA2,heliport,Matagorda Regional Medical Center Heliport,52,NA,US,US-TX,Bay City,,,3XA2,3XA2,28.979889, -95.992331
3XA4,heliport,Palmview Police Department,160,NA,US,US-TX,Palmview,,,3XA4,3XA4,26.23945236, -98.37071991
3XA5,heliport,Houston Methodist Clear Lake Hospital Heliport,12,NA,US,US-TX,Nassau Bay,,,3XA5,3XA5,29.550536, -95.085742
3XA6,heliport,Dell Children's Medical Center Heliport,644,NA,US,US-TX,Austin,,,3XA6,3XA6,30.304401, -97.707757
3XA7,small_airport,Eagle Rock Ranch Airport,1540,NA,US,US-TX,Pontotoc,,,3XA7,3XA7,30.890974, -99.006557
3XA8,small_airport,Chicken Strip,1055,NA,US,US-TX,Cresson,,,3XA8,3XA8,32.514162, -97.594803
3XA9,heliport,MFS Sabine Pass Heliport,8,NA,US,US-TX,Sabine Pass,,,3XA9,3XA9,29.716024, -93.864541
3XS1,small_airport,Kubecka Aviation Airport,20,NA,US,US-TX,Palacios,,,3XS1,3XS1,28.767200469970703, -96.30690002441406
3XS2,heliport,Citizens Medical Center Heliport,95,NA,US,US-TX,Victoria,,,3XS2,3XS2,28.812016, -96.978173
3XS4,small_airport,Jenkins Airport,15,NA,US,US-TX,Vidor,,,3XS4,3XS4,30.1343994140625, -93.93599700927734
3XS5,small_airport,Star Smith Field,662,NA,US,US-TX,Von Ormy,,,3XS5,3XS5,29.29800033569336, -98.67669677734375
3XS6,heliport,Christus Good Shepherd Medical Center Heliport,359,NA,US,US-TX,Longview,,,3XS6,3XS6,32.500151, -94.731034
3XS7,heliport,Bell Training Facility Heliport,657,NA,US,US-TX,Fort Worth,,,3XS7,3XS7,33.049167, -97.2935
3XS8,small_airport,Ken Ada Ranch Airport,250,NA,US,US-TX,Waller,,,3XS8,3XS8,30.137034, -95.917643
3XS9,heliport,Comanche Hospital Heliport,1422,NA,US,US-TX,Comanche,,,3XS9,3XS9,31.896299362182617, -98.60540008544922
3Y0,small_airport,Wall Lake Municipal Airport,1224,NA,US,US-IA,Wall Lake,,,3Y0,3Y0,42.26240158081055, -95.0906982421875
3Y4,small_airport,Woodbine Municipal Airport,1068,NA,US,US-IA,Woodbine,,,K3Y4,3Y4,41.736099, -95.683601
3Y7,small_airport,Isabel Municipal Airport,2398,NA,US,US-SD,Isabel,,,3Y7,3Y7,45.389806, -101.437656
3Z1,small_airport,Feather River Airport,325,NA,US,US-AK,Feather River,,,3Z1,3Z1,64.83170318603516, -166.1320037841797
3Z8,seaplane_base,Golden Horn Lodge Seaplane Base,91,NA,US,US-AK,Golden Horn Lodge,,GDH,3Z8,3Z8,59.7470016479, -158.875
3Z9,seaplane_base,Haines Seaplane Base,,NA,US,US-AK,Haines,,,3Z9,3Z9,59.235001, -135.440994
40AK,small_airport,Sterling Air Park,90,NA,US,US-AK,Sterling,,,40AK,40AK,60.557236, -150.836964
40AL,heliport,North Alabama Medical Center Heliport,526,NA,US,US-AL,Florence,,,40AL,40AL,34.805125, -87.652819
40AR,small_airport,Lost Bridge Village Airport,1440,NA,US,US-AR,Garfield,,,40AR,40AR,36.392799377441406, -93.91239929199219
40AZ,small_airport,Boulais Ranch Airport,1240,NA,US,US-AZ,Maricopa,,,40AZ,40AZ,33.07889938354492, -112.12899780273438
40C,small_airport,Watervliet Municipal Airport,656,NA,US,US-MI,Watervliet,,,40C,40C,42.200001, -86.25
40CA,heliport,City of Industry Civic Financial Center Heliport,322,NA,US,US-CA,City of Industry,,,40CA,40CA,34.024539, -117.95929
40CN,heliport,Loma Linda University Medical Center-Murrieta Heliport,1576,NA,US,US-CA,Murrieta,,,40CN,40CN,33.614716, -117.169905
40D,small_airport,Three Lakes Municipal Airport,1636,NA,US,US-WI,Three Lakes,,,40D,40D,45.790199, -89.121002
40FD,heliport,Little's Heliport,115,NA,US,US-FL,Lakeland,,,40FD,40FD,28.01059913635254, -81.87899780273438
40GA,heliport,Smyrna Hospital Heliport,930,NA,US,US-GA,Smyrna,,,40GA,40GA,33.859798431396484, -84.51380157470703
40I,small_airport,Red Stewart Airfield,955,NA,US,US-OH,Waynesville,,,40I,40I,39.50529861450195, -84.12190246582031
40ID,small_airport,Camas Creek Ranch Airport,5075,NA,US,US-ID,Fairfield,,,40ID,40ID,43.314031, -114.905598
40IL,small_airport,Antique Aerodrome,683,NA,US,US-IL,Cornell,,,40IL,40IL,41.006637, -88.658001
40IN,small_airport,Cherry Hill Airport,745,NA,US,US-IN,Freetown,,,40IN,40IN,39.07419967651367, -86.1541976928711
40IS,heliport,Children's Memorial Hospital Heliport,720,NA,US,US-IL,Chicago,,,40IS,40IS,41.92559814453125, -87.64640045166016
40KS,small_airport,Chanay Airport,1110,NA,US,US-KS,Pomona,,,40KS,40KS,38.53165, -95.451515
40KY,small_airport,Rooster Field,840,NA,US,US-KY,Shelbyville,,,40KY,40KY,38.2934, -85.205002
40LA,small_airport,Woodsland Plantation Airport,60,NA,US,US-LA,Monroe,,,40LA,40LA,32.34600067138672, -91.96959686279297
40LL,heliport,Kirby Medical Center Heliport,673,NA,US,US-IL,Monticello,,,40LL,40LL,40.059988, -88.560035
40MA,heliport,Lowell General Hospital Heliport,143,NA,US,US-MA,Lowell,,,40MA,40MA,42.648141, -71.34294
40ME,small_airport,Tib Field,450,NA,US,US-ME,Fryeburg,,,,40ME,44.107519, -70.956454
40MN,small_airport,Turner Field,1410,NA,US,US-MN,Bingham Lake,,,40MN,40MN,43.866600036621094, -95.01419830322266
40MT,small_airport,Silver Creek Airport,3860,NA,US,US-MT,Helena,,,40MT,40MT,46.706601, -112.06909
40NC,heliport,Heavenly Flights Heliport,2474,NA,US,US-NC,Boone,,,40NC,40NC,36.180301666259766, -81.5239028930664
40ND,heliport,Gorder Farm Heliport,951,NA,US,US-ND,Galchutt,,,40ND,40ND,46.384700775146484, -96.82260131835938
40NE,small_airport,Landgren Ranch Airport,2100,NA,US,US-NE,Bartlett,,,40NE,40NE,41.975636, -98.515287
40NJ,heliport,Osterman Heliport,200,NA,US,US-NJ,Neshanic,,,40NJ,40NJ,40.48619842529297, -74.73570251464844
40NK,heliport,Central Government Center Heliport,680,NA,US,US-KY,Louisville,,,40NK,40NK,38.138906, -85.62941
40OH,small_airport,Bucks Airport,1220,NA,US,US-OH,Newbury Township,,,40OH,40OH,41.450479, -81.234512
40OI,small_airport,M.C.R. Airport,1155,NA,US,US-OH,Lodi,,,40OI,40OI,41.06169891357422, -81.98359680175781
40OK,small_airport,Hilltop Airport,930,NA,US,US-OK,Oilton,,,40OK,40OK,36.1161003112793, -96.53810119628906
40PA,heliport,Specialty Records Heliport,913,NA,US,US-PA,Olyphant,,,40PA,40PA,41.45899963378906, -75.58100128173828
40PN,small_airport,Eagles Mere Field Airport,1900,NA,US,US-PA,Muncy Valley,,,40PN,40PN,41.391438, -76.611179
40RI,heliport,Newport Trust Heliport,34,NA,US,US-RI,Newport,,,40RI,40RI,41.461444, -71.307667
40TA,small_airport,Miles Field,460,NA,US,US-TX,Jewett,,,40TA,40TA,31.312999725341797, -96.22049713134766
40TE,small_airport,Sybert Farm Airport,841,NA,US,US-TX,Jarrell,,,40TE,40TE,30.789100646972656, -97.65499877929688
40TN,small_airport,Cloud 9 Aerodrome,1090,NA,US,US-TN,Bean Station,,,40TN,40TN,36.347471, -83.267349
40TX,heliport,TGP 25 Heliport,163,NA,US,US-TX,Cleveland,,,40TX,40TX,30.321521, -95.16291
40UT,heliport,Pulver Heliport,5297,NA,US,US-UT,Alpine,,,40UT,40UT,40.46881, -111.75393
40VA,heliport,Sovah Health Martinsville Heliport,1010,NA,US,US-VA,Martinsville,,,40VA,40VA,36.699846, -79.866259
40WA,heliport,Signal Peak Lookout Heliport,5111,NA,US,US-WA,White Swan,,,40WA,40WA,46.23320007324219, -121.13500213623047
40WI,small_airport,Schubert Airstrip,750,NA,US,US-WI,Centerville,,,40WI,40WI,44.05830001831055, -91.43070220947266
40WV,heliport,Weirton Medical Center Heliport,1203,NA,US,US-WV,Weirton,,,40WV,40WV,40.393778, -80.527402
40XA,heliport,Lone Star Heliport,110,NA,US,US-TX,Houston,,,40XA,40XA,29.76583, -95.398444
40XS,small_airport,Hank Sasser Airport at Breakaway,897,NA,US,US-TX,Cedar Park,,,40XS,40XS,30.51768, -97.780865
41AK,small_airport,Settlers Bay Airstrip,75,NA,US,US-AK,Wasilla,,,41AK,41AK,61.5009002686, -149.639694214
41AL,heliport,UAB Hospital/Gardendale Fed Heliport,630,NA,US,US-AL,Gardendale,,,41AL,41AL,33.6484, -86.8189
41AR,small_airport,Ashworth Airport,501,NA,US,US-AR,Arkadelphia,,,41AR,41AR,34.12329864501953, -93.34970092773438
41AZ,small_airport,Ak Chin Community Airfield,1210,NA,US,US-AZ,Maricopa,,,41AZ,41AZ,32.991601, -112.02364
41C,small_airport,Calkins Field,740,NA,US,US-MI,Wayland,,,,41C,42.691605, -85.647727
41CA,small_airport,Silver Creek Ranch Airport,2511,NA,US,US-CA,Silver Flat,,,41CA,41CA,40.3176, -123.253998
41CO,small_airport,Flying Dog Ranch Airstrip,7020,NA,US,US-CO,Buford,,,41CO,41CO,39.971195, -107.611082
41FD,heliport,Rotunda Heliport,3,NA,US,US-FL,Placida,,,41FD,41FD,26.89579963684082, -82.24169921875
41FL,heliport,Southern Machine & Steel Yard Heliport,18,NA,US,US-FL,Fort Myers,,,41FL,41FL,26.634199142456055, -81.83399963378906
41G,small_airport,University Airpark,856,NA,US,US-MI,Bath,,,41G,41G,42.840302, -84.479103
41GA,heliport,Falcons Nest Heliport,940,NA,US,US-GA,Jonesboro,,,41GA,41GA,33.538056, -84.346486
41ID,small_airport,Black'S Airfield,2788,NA,US,US-ID,Kuna,,,41ID,41ID,43.471383, -116.326417
41IG,small_airport,Parker Field,780,NA,US,US-IN,Crawfordsville,,,41IG,41IG,39.972549, -86.997578
41IN,heliport,Professional Arts Building Heliport,512,NA,US,US-IN,New Albany,,,41IN,41IN,38.30030059814453, -85.83580017089844
41IS,small_airport,Rees Field,675,NA,US,US-IL,Grand Ridge,,,41IS,41IS,41.204498291015625, -88.80339813232422
41KS,small_airport,Flying Z Ranch Airport,1075,NA,US,US-KS,Spring Hill,,,41KS,41KS,38.734313, -94.798422
41KY,heliport,UofL Health - Jewish Hospital Heliport,440,NA,US,US-KY,Louisville,,,41KY,41KY,38.250187, -85.750839
41LA,heliport,Metro Aviation Heliport,158,NA,US,US-LA,Shreveport,,,41LA,41LA,32.536389, -93.76
41MA,heliport,Haney Heliport,22,NA,US,US-MA,Mashpee,,,41MA,41MA,41.590556, -70.474963
41ME,small_airport,Eagle Ridge Airfield,400,NA,US,US-ME,Jay,,,41ME,41ME,44.519616, -70.146278
41MI,heliport,Sturgis Hospital Heliport,921,NA,US,US-MI,Stugis,,,41MI,41MI,41.795308, -85.406566
41MO,small_airport,Sawyer Creek Airport,1240,NA,US,US-MO,Rogersville,,,41MO,41MO,37.186944, -93.094167
41MS,small_airport,Dixie Dusters Airport,126,NA,US,US-MS,Itta Bena,,,41MS,41MS,33.523339, -90.362093
41MT,small_airport,R & R Field,2274,NA,US,US-MT,Heron,,,41MT,41MT,48.08715, -116.046267
41NC,small_airport,Sloop Airport,794,NA,US,US-NC,Kannapolis,,,41NC,41NC,35.52180099487305, -80.52200317382812
41ND,small_airport,Hill Airport,1533,NA,US,US-ND,Minot,,,41ND,41ND,48.140511, -101.147367
41NH,heliport,Upper Connecticut Vally Hospital Heliport,1101,NA,US,US-NH,Colebrook,,,41NH,41NH,44.903922, -71.481517
41NJ,heliport,Meadowlands Hospital Medical Center Heliport,10,NA,US,US-NJ,Secaucus,,,41NJ,41NJ,40.79180145263672, -74.07240295410156
41NK,small_airport,Winchell Mountain Airport,1141,NA,US,US-NY,Millerton,,,41NK,41NK,41.947778, -73.518055
41NR,small_airport,Monarch Field,801,NA,US,US-NC,Mocksville,,,41NR,41NR,35.927119, -80.571944
41NY,small_airport,Bonebender Airport,336,NA,US,US-NY,Essex,,,41NY,41NY,44.312400817871094, -73.38490295410156
41OI,heliport,Mansfield General Hospital Heliport,1335,NA,US,US-OH,Mansfield,,,41OI,41OI,40.752601623535156, -82.5281982421875
41OK,heliport,KOCO TV Heliport,1163,NA,US,US-OK,Oklahoma City,,,41OK,41OK,35.563145, -97.488636
41OR,heliport,McKenzie-Willamette Medical Center Heliport,46,NA,US,US-OR,Springfield,,,41OR,41OR,44.053657, -123.003597
41PA,small_airport,Deitch Airport,420,NA,US,US-PA,New Kingstown,,,41PA,41PA,40.25790023803711, -77.0813980102539
41PN,heliport,Decarbo Ambulance Service Heliport,800,NA,US,US-PA,New Castle,,,41PN,41PN,40.9901008605957, -80.33869934082031
41TA,small_airport,Circle P Ranch Airport,800,NA,US,US-TX,Bluff Dale,,,41TA,41TA,32.23731, -97.8707
41TE,heliport,South Texas Veterans Health Care Heliport,1600,NA,US,US-TX,Kerrville,,,41TE,41TE,30.018286, -99.11432
41TN,small_airport,Stonewall Airpark,760,NA,US,US-TN,Milton,,,41TN,41TN,35.90079879760742, -86.20719909667969
41TS,small_airport,Flying T Ranch Airport,705,NA,US,US-TX,Westminster,,,41TS,41TS,33.37839889526367, -96.44830322265625
41TT,small_airport,Rancho Paraiso Airport,2097,NA,US,US-TX,Mountain Home,,,41TT,41TT,30.181375, -99.40747
41TX,closed,Henington Airport,645,NA,US,US-TX,Wolfe City,,,,,33.375258, -96.08233
41VA,heliport,Brown's Island Heliport,150,NA,US,US-VA,Richmond,,,,,37.534302, -77.443604
41WA,heliport,Central Washington Hospital Heliport,878,NA,US,US-WA,Wenatchee,,,41WA,41WA,47.407198, -120.32121
41WI,small_airport,Paddock Field,950,NA,US,US-WI,Elkhorn,,,41WI,41WI,42.73860168457031, -88.57980346679688
41XA,heliport,Saber Heliport,1174,NA,US,US-TX,Spring Branch,,,41XA,41XA,29.831536, -98.462468
41XS,small_airport,Macho Grande Airport,600,NA,US,US-TX,Taylor,,,41XS,41XS,30.534482, -97.419849
42AL,heliport,Choctaw General Hospital Heliport,133,NA,US,US-AL,Butler,,,42AL,42AL,32.093361, -88.210349
42AR,heliport,Baxter County Sheriffs Heliport,773,NA,US,US-AR,Mountain Home,,,42AR,42AR,36.33325, -92.3874
42B,small_airport,Goodspeed Airport,9,NA,US,US-CT,East Haddam,,,,42B,41.446072, -72.45698
42C,small_airport,White Cloud Airport,914,NA,US,US-MI,White Cloud,,,42C,42C,43.5597, -85.7742
42CA,heliport,John F Kennedy Memorial Hospital Heliport,12,NA,US,US-CA,Indio,,,42CA,42CA,33.705854, -116.236761
42CL,heliport,Costa Mesa Police Department Heliport,60,NA,US,US-CA,Costa Mesa,,,42CL,42CL,33.66310119628906, -117.90399932861328
42CN,small_airport,Peg Field,460,NA,US,US-CA,Reedley,,,42CN,42CN,36.70909881591797, -119.40499877929688
42CO,heliport,Ptarmigan Heliport,8198,NA,US,US-CO,Evergreen,,,42CO,42CO,39.6875, -105.39600372314453
42FD,heliport,Palm Beach Community College Heliport,13,NA,US,US-FL,Lake Worth,,,42FD,42FD,26.610700607299805, -80.08760070800781
42FL,seaplane_base,Plantation Key Seaplane Base,,NA,US,US-FL,Marathon,,,42FL,42FL,24.971200942993164, -80.59559631347656
42GA,heliport,Matthews Heliport,1167,NA,US,US-GA,Marietta,,,42GA,42GA,33.980899810791016, -84.56330108642578
42IA,small_airport,Lakeport Farms Airport,1077,NA,US,US-IA,Salix,,,42IA,42IA,42.261494, -96.289523
42IL,heliport,Lynn Heliport,870,NA,US,US-IL,Union,,,42IL,42IL,42.20330047607422, -88.49749755859375
42JY,heliport,Vineland Golf Course Heliport,85,NA,US,US-NJ,Millville,,,42JY,42JY,39.413436, -75.008369
42KS,small_airport,Farney Field Airport,1345,NA,US,US-KS,Kiowa,,,42KS,42KS,37.01069, -98.454528
42KY,small_airport,Pirates Cove Airport,380,NA,US,US-KY,Benton,,,42KY,42KY,36.77640151977539, -88.22229766845703
42L,heliport,Naa Long Beach Port Helistop,15,NA,US,US-CA,Long Beach,,,42L,42L,33.76470184326172, -118.19999694824219
42LA,heliport,Ochsner St Mary Hospital Heliport,102,NA,US,US-LA,Morgan City,,,42LA,42LA,29.708624, -91.200909
42MA,heliport,Worcester Medical Center Heliport,469,NA,US,US-MA,Worcester,,,42MA,42MA,42.25429916381836, -71.79769897460938
42MD,small_airport,Herrington Field,2470,NA,US,US-MD,Oakland,,,42MD,42MD,39.46829987, -79.4253006
42ME,seaplane_base,Waters World Seaplane Base,237,NA,US,US-ME,Rome,,,42ME,42ME,44.537456, -69.899501
42MN,small_airport,Kral's Personal Use Landing Field,990,NA,US,US-MN,Corcoran,,,42MN,42MN,45.08409881591797, -93.56439971923828
42MO,small_airport,Aire Parque Airport,710,NA,US,US-MO,Festus,,,42MO,42MO,38.12310028076172, -90.38899993896484
42MS,heliport,Oktibbeha County Hospital Heliport,265,NA,US,US-MS,Starkville,,,42MS,42MS,33.4752306, -88.8209694
42MT,small_airport,Crown Ranch Airpark,4532,NA,US,US-MT,Seeley Lake,,,42MT,42MT,47.414718, -113.622358
42NC,small_airport,Spring Paths Airport,290,NA,US,US-NC,Spring Hope,,,42NC,42NC,35.957801818847656, -78.17060089111328
42NH,heliport,Androscoggin Valley Hospital Helipad,1183,NA,US,US-NH,Berlin,,,42NH,42NH,44.48673, -71.15433
42NJ,heliport,Inspira Elmer Heliport,95,NA,US,US-NJ,Elmer,,,42NJ,42NJ,39.589204, -75.181541
42NR,heliport,Harnett Health Heliport,185,NA,US,US-NC,Lillington,,,42NR,42NR,35.425961, -78.809454
42NY,small_airport,Walter's Field,1560,NA,US,US-NY,East Homer,,,42NY,42NY,42.66899871826172, -76.05619812011719
42OH,small_airport,Dunn Field,955,NA,US,US-OH,Newton Falls,,,42OH,42OH,41.155978, -81.004429
42OI,heliport,Stoney Creek Farm Heliport,900,NA,US,US-OH,Newark,,,42OI,42OI,40.0994987487793, -82.46540069580078
42OK,heliport,Kwtv Heliport,1160,NA,US,US-OK,Oklahoma City,,,42OK,42OK,35.547298431396484, -97.49559783935547
42OR,small_airport,Shotgun Ranch Airstrip,3430,NA,US,US-OR,Post,,,42OR,42OR,44.134082, -120.324883
42PA,heliport,Ransome Heliport,575,NA,US,US-PA,Exton,,,42PA,42PA,40.022598, -75.585999
42PN,heliport,Allegheny General Hospital Emergency Heliport,811,NA,US,US-PA,Pittsburgh,,,42PN,42PN,40.45090103149414, -80.00060272216797
42SC,small_airport,Chicken Coop Airport,74,NA,US,US-SC,Florence,,,42SC,42SC,34.162866, -79.666066
42TA,heliport,Rental Tools Heliport,28,NA,US,US-TX,La Porte,,,42TA,42TA,29.7012996673584, -95.07830047607422
42TN,small_airport,Oliver Landing Airport,475,NA,US,US-TN,Paris,,,42TN,42TN,36.411944, -88.265556
42TT,small_airport,Duke International Airport,250,NA,US,US-TX,Cleveland,,,42TT,42TT,30.45562, -95.230785
42TX,small_airport,Magee Airport,620,NA,US,US-TX,Wolfe City,,,42TX,42TX,33.321608, -96.065986
42UT,heliport,Pluralsight Headquarters Heliport,4738,NA,US,US-UT,Draper,,,42UT,42UT,40.486556, -111.889694
42VA,small_airport,Virginia Beach Airport,15,NA,US,US-VA,Virginia Beach,,,42VA,42VA,36.678979, -76.032677
42VG,heliport,Sentara Princess Anne Heliport,15,NA,US,US-VA,Virginia Beach,,,42VG,42VG,36.77635, -76.099513
42VT,small_airport,Frogs End Airport,320,NA,US,US-VT,Shelburne,,,42VT,42VT,44.36690139770508, -73.15019989013672
42WA,small_airport,Sheffels Ranch Airport,2222,NA,US,US-WA,Wilbur,,,42WA,42WA,47.81719970703125, -118.8010025024414
42WI,heliport,Rusk County Memorial Heliport,1126,NA,US,US-WI,Ladysmith,,,42WI,42WI,45.45439910888672, -91.11009979248047
42XA,small_airport,Skid Row Airpark,472,NA,US,US-TX,Golinda,,,42XA,42XA,31.362276, -97.0903
42XS,small_airport,Temple Ranch Airport,490,NA,US,US-TX,Freer,,,42XS,42XS,27.957444, -98.403889
43AK,small_airport,Kalmbach Airport,445,NA,US,US-AK,Wasilla,,,43AK,43AK,61.600799560546875, -149.57899475097656
43AL,heliport,Flat Rock Community Club Heliport,1289,NA,US,US-AL,Flat Rock,,,43AL,43AL,34.769023, -85.69632
43AR,small_airport,Haigwood Landing Strip,230,NA,US,US-AR,Newport,,,43AR,43AR,35.613074, -91.24173
43AZ,heliport,MTAS 1 Heliport,1184,NA,US,US-AZ,Tonopah,,,43AZ,43AZ,33.400669, -113.229861
43CL,closed,Dick Dale Skyranch Airport,1793,NA,US,US-CA,Twentynine Palms,,,,,34.206265, -115.997775
43FA,heliport,Air Eye Med Helistop,30,NA,US,US-FL,Brandon,,,43FA,43FA,27.931176, -82.287834
43FD,seaplane_base,Cole's Seaplane Base,53,NA,US,US-FL,Kissimmee,,,43FD,43FD,28.28773, -81.385705
43FL,small_airport,Rockin G Ranch Airport,67,NA,US,US-FL,Umatilla,,,4FA1,4FA1,28.984023, -81.826184
43G,small_airport,Belleville Airport,696,NA,US,US-MI,Belleville,,,43G,43G,42.176701, -83.545799
43GA,heliport,Piedmont Henry Hospital Heliport,809,NA,US,US-GA,Stockbridge,,,43GA,43GA,33.513643, -84.228162
43GE,heliport,Piedmont Mountainside FSED Heliport,1362,NA,US,US-GA,East Ellijay,,,43GE,43GE,34.662637, -84.489758
43I,seaplane_base,Mississinewa Reservoir Landing Area Seaplane Base,737,NA,US,US-IN,Peru,,,43I,43I,40.70370101928711, -85.93250274658203
43IA,small_airport,Giggity Acres Airport,662,NA,US,US-IA,DeWitt,,,43IA,43IA,41.770833, -90.4
43ID,small_airport,Harris Ridge Airport,3018,NA,US,US-ID,Kooskia,,,43ID,43ID,46.184188, -115.868056
43IG,small_airport,Grayland Intergalactic Airport,280,NA,US,US-WA,Grayland,,,43IG,43IG,46.801528, -124.072944
43II,heliport,Kirk Heliport,710,NA,US,US-IN,Merrillville,,,43II,43II,41.452301025390625, -87.31890106201172
43IL,heliport,Vertiport Chicago Heliport,594,NA,US,US-IL,Chicago,,,43IL,43IL,41.862142, -87.670249
43IN,small_airport,Hepler Airport,460,NA,US,US-IN,St Wendel,,,43IN,43IN,38.13750076293945, -87.67639923095703
43IS,heliport,Igoe Heliport,695,NA,US,US-IL,Seymour,,,43IS,43IS,40.097801208496094, -88.42060089111328
43K,small_airport,Marion Municipal Airport,1390,NA,US,US-KS,Marion,,,43K,43K,38.337502, -96.991699
43KS,small_airport,Smith Airport,1100,NA,US,US-KS,Manhattan,,,43KS,43KS,39.101898193359375, -96.41780090332031
43KY,heliport,Wlky-Tv Studios Heliport,500,NA,US,US-KY,Louisville,,,43KY,43KY,38.263099670410156, -85.71019744873047
43L,heliport,Van Nuys County Court Heliport,850,NA,US,US-CA,Los Angeles,,,43L,43L,34.18330001831055, -118.447998046875
43LA,small_airport,Want's Ultralight Flightpark,177,NA,US,US-LA,Belcher,,,43LA,43LA,32.747904, -93.872874
43MI,small_airport,W Gladstone Airport,720,NA,US,US-MI,Gladstone,,,43MI,43MI,45.859100341796875, -87.1167984008789
43MN,small_airport,Superior Aero Estates Airport,1385,NA,US,US-MN,Saginaw,,,43MN,43MN,46.934031, -92.412775
43MO,small_airport,Riordan Airport,1000,NA,US,US-MO,Pleasant Hill,,,43MO,43MO,38.783344, -94.370134
43MT,small_airport,Government Mountain Airport,2310,NA,US,US-MT,Noxon,,,43MT,43MT,47.991745, -115.751871
43NC,small_airport,Bahnson Airport,810,NA,US,US-NC,Mocksville,,,43NC,43NC,36.02080154418945, -80.51640319824219
43NE,small_airport,Onion Crest Airpark,2205,NA,US,US-NE,Kearney,,,43NE,43NE,40.76593, -99.154783
43NH,heliport,Trayport Heliport,108,NA,US,US-NH,Rollinsford,,,43NH,43NH,43.223044, -70.831564
43NJ,heliport,Parlin East Heliport,161,NA,US,US-NJ,Parlin,,,43NJ,43NJ,40.45289993286133, -74.31289672851562
43NV,small_airport,Topaz Ranch Airport,5066,NA,US,US-NV,Wellington,,,43NV,43NV,38.72871, -119.466067
43OA,small_airport,Anderson Airfield,940,NA,US,US-OH,Waynesville,,,43OA,43OA,39.581422, -84.092783
43OI,small_airport,Windswept Airport,710,NA,US,US-OH,North Baltimore,,,43OI,43OI,41.198699951171875, -83.70079803466797
43OK,small_airport,Biggs Skypatch Airport,1000,NA,US,US-OK,Wellston,,,K3OK,3OK,35.660331, -97.002388
43OR,small_airport,Inspiration Airport,3400,NA,US,US-OR,Bend,,,43OR,43OR,44.622655, -122.753742
43PA,small_airport,Kolb Airport,290,NA,US,US-PA,Spring City,,,43PA,43PA,40.160099029541016, -75.54630279541016
43SC,small_airport,Flying Changes Farm Ultralight Flightpark,910,NA,US,US-SC,Marietta,,,43SC,43SC,35.019537, -82.546479
43TE,heliport,Police Headquarters Heliport,85,NA,US,US-TX,Houston,,,43TE,43TE,29.765467, -95.371537
43TN,small_airport,Roseanne Airport,1050,NA,US,US-TN,Morrison,,,43TN,43TN,35.622034, -86.01589
43TT,heliport,Cook Children's North Campus Heliport,592,NA,US,US-TX,Prosper,,,43TT,43TT,33.221358, -96.869695
43TX,small_airport,Mid-Valley Dusters Inc Airport,91,NA,US,US-TX,Alamo,,,43TX,43TX,26.153136, -98.136331
43VA,heliport,State Police Division Six Heliport,1250,NA,US,US-VA,Salem,,,,,37.277599, -80.128403
43WA,heliport,Wilson Heliport,35,NA,US,US-WA,Woodinville,,,43WA,43WA,47.762298583984375, -122.15699768066406
43WI,small_airport,Eagle Ridge Ultralightport,1067,NA,US,US-WI,Colfax,,,43WI,43WI,45.031106, -91.73124
43XA,small_airport,Gulf Coast Aviation Airport,23,NA,US,US-TX,Bay City,,,43XA,43XA,28.825625, -95.908217
43XS,heliport,Tdcj/Southern Regional Medical Facility Heliport,10,NA,US,US-TX,Texas City,,,43XS,43XS,29.425800323486328, -94.98100280761719
43Y,small_airport,Northome Municipal Airport,1427,NA,US,US-MN,Northome,,,43Y,43Y,47.889453, -94.260103
44A,small_airport,Rolle Airfield,163,NA,US,US-AZ,San Luis,,,44A,44A,32.518398, -114.697998
44AK,small_airport,West Papoose Lake Airpark,230,NA,US,US-AK,Wasilla,,,44AK,44AK,61.53340148925781, -150.1020050048828
44AZ,small_airport,Sandhill Ranch Airport,5868,NA,US,US-AZ,Page,,,44AZ,44AZ,36.93190002441406, -111.97000122070312
44B,small_airport,Charles A. Chase Jr. Memorial Field,520,NA,US,US-ME,Dover-Foxcroft,,,,44B,45.177502, -69.244698
44CN,heliport,UCLA Wilshire Glendon Heliport,509,NA,US,US-CA,Los Angeles,,,44CN,44CN,34.059059, -118.443818
44CO,small_airport,Redlands Airport,6100,NA,US,US-CO,Hotchkiss,,,44CO,44CO,38.839885, -107.792802
44FA,heliport,Orlando Health Lakeland Heliport,135,NA,US,US-FL,Lakeland,,,44FA,44FA,27.994444, -81.917778
44FL,heliport,Martin Memorial Hospital Heliport,5,NA,US,US-FL,Stuart,,,44FL,44FL,27.200612, -80.243496
44G,small_airport,Betz Airport,691,NA,US,US-MI,Blissfield,,,44G,44G,41.855598, -83.870796
44ID,small_airport,Boulder Creek Airstrip,4950,NA,US,US-ID,Donnelly,,,44ID,44ID,44.736942, -116.074158
44II,small_airport,The Wolf Den Airport,815,NA,US,US-IN,Roanoke,,,44II,44II,40.95309829711914, -85.3865966796875
44IL,heliport,Wilson Heliport,595,NA,US,US-IL,Minooka,,,44IL,44IL,41.53919982910156, -88.32489776611328
44IN,small_airport,Rush STOLport,675,NA,US,US-IN,West Lafayette,,,44IN,44IN,40.49980163574219, -86.95500183105469
44IS,small_airport,Potter Airport,700,NA,US,US-IL,Barry,,,44IS,44IS,39.74480056762695, -91.07489776611328
44KS,small_airport,Vankirk Airport,1350,NA,US,US-KS,Derby,,,44KS,44KS,37.610298, -97.162498
44KY,small_airport,Duff Airport,820,NA,US,US-KY,Chavies,,,44KY,44KY,37.352215, -83.342135
44L,heliport,Wilshire Area Heliport,150,NA,US,US-CA,Los Angeles,,,,44L,34.047191, -118.342768
44LA,small_airport,B T & K H Ranch Airport,110,NA,US,US-LA,Dry Creek,,,44LA,44LA,30.647761, -93.056785
44LL,heliport,Carlinville Area Hospital Heliport,620,NA,US,US-IL,Carlinville,,,44LL,44LL,39.28120040893555, -89.86949920654297
44LS,small_airport,Sheridan's Strip,24,NA,US,US-LA,Ponchatoula,,,44LS,44LS,30.472201, -90.367785
44M,small_airport,Tenkiller Lake Airpark,877,NA,US,US-OK,Cookson,,,44M,44M,35.705101013183594, -94.93589782714844
44MD,heliport,Union Memorial Hospital Heliport,330,NA,US,US-MD,Baltimore,,,44MD,44MD,39.328778, -76.614528
44ME,small_airport,Heacock Field Ultralight Flightpark,195,NA,US,US-ME,Hollis Center,,,44ME,44ME,43.676555, -70.617203
44MI,small_airport,Airbatco Field,852,NA,US,US-MI,Mulliken,,,44MI,44MI,42.774235, -84.903217
44MU,small_airport,Lynch Field,1170,NA,US,US-MO,Granby,,,44MU,44MU,36.90810012817383, -94.30999755859375
44NC,small_airport,Broadway Airfield,650,NA,US,US-NC,Landis,,,44NC,44NC,35.54330062866211, -80.65190124511719
44ND,small_airport,Fredericks Ranch Airport,2225,NA,US,US-ND,Halliday,,,44ND,44ND,47.527801513671875, -102.24099731445312
44NE,heliport,Last Enchantment Heliport,1334,NA,US,US-NE,Davey,,,44NE,44NE,40.983227, -96.709677
44NH,heliport,Lakes Region General Hospital Heliport,597,NA,US,US-NH,Laconia,,,44NH,44NH,43.528004, -71.463906
44NK,small_airport,Bengtsson Field,2078,NA,US,US-NY,Gilboa,,,44NK,44NK,42.464067, -74.385428
44NR,heliport,UNC Rex Hospital Helipad,481,NA,US,US-NC,Raleigh,,,44NR,44NR,35.817778, -78.703889
44NY,small_airport,Tomcat Airport,460,NA,US,US-NY,Fort Plain,,,44NY,44NY,42.93429946899414, -74.65239715576172
44OH,heliport,Sjs Heliport,1025,NA,US,US-OH,Cuyahoga Falls,,,44OH,44OH,41.16619873046875, -81.49340057373047
44OI,heliport,Perry Nuclear Power Plant Heliport,623,NA,US,US-OH,Painesville,,,44OI,44OI,41.7947998046875, -81.14510345458984
44OR,small_airport,Compton Airport,160,NA,US,US-OR,Canby,,,44OR,44OR,45.2223014831543, -122.72699737548828
44PA,small_airport,Pennfield Farm Airport,1200,NA,US,US-PA,Spring Mills,,,44PA,44PA,40.850101470947266, -77.61640167236328
44PN,heliport,Sports Complex Of Honesdale Heliport,1361,NA,US,US-PA,Honesdale,,,44PN,44PN,41.560619, -75.265575
44SC,small_airport,4 Holes Field,184,NA,US,US-SC,Orangeburg,,,44SC,44SC,33.481943, -80.777026
44T,small_airport,Hoskins Field,213,NA,US,US-WA,Olympia,,,,44T,46.992438, -122.828003
44TA,heliport,Aero Crafter Inc Heliport,520,NA,US,US-TX,Princeton,,,44TA,44TA,33.124968, -96.52221
44TE,small_airport,Shirley Williams Airport,880,NA,US,US-TX,Kingsland,,,44TE,44TE,30.683500289916992, -98.41699981689453
44TN,small_airport,Stone Field,890,NA,US,US-TN,Louisville,,,44TN,44TN,35.84090042, -84.07569885
44TS,small_airport,Mc David Ranch Airport,1407,NA,US,US-TX,Llano,,,44TS,44TS,30.5776996613, -98.8337020874
44TX,small_airport,White Oak Airport,1875,NA,US,US-TX,Fredericksburg,,,44TX,44TX,30.210500717163086, -99.09480285644531
44VA,small_airport,Big Hill Airport,1620,NA,US,US-VA,Eagle Rock,,,44VA,44VA,37.731201171875, -79.81120300292969
44WA,heliport,Skyline Hospital Ems Heliport,1000,NA,US,US-WA,White Salmon,,,44WA,44WA,45.722198486328125, -121.4729995727539
44WI,small_airport,Stoiber Airport,1298,NA,US,US-WI,Spencer,,,44WI,44WI,44.772217, -90.385067
44WY,small_airport,Underwood Airport,4863,NA,US,US-WY,Douglas,,,44WY,44WY,42.851822, -105.499378
44XA,small_airport,HFS Airport,72,NA,US,US-TX,Robstown,,,44XA,44XA,27.836951, -97.772083
45AA,small_airport,Davidson Strip Airport,383,NA,US,US-AK,Talkeetna,,,45AA,45AA,62.1628972, -150.5396083
45AK,small_airport,Cherokee Airport,1300,NA,US,US-AK,Delta Junction,,,45AK,45AK,63.954955, -145.448536
45AL,heliport,Hyundai Motor Manufacturing Alabama Heliport,233,NA,US,US-AL,Montgomery,,,45AL,45AL,32.278403, -86.334764
45AR,small_airport,Thunder Ridge Ranch,789,NA,US,US-AR,Flippin,,,45AR,45AR,36.3671989441, -92.64019775390001
45CL,small_airport,Hell'er High Water Airport,2493,NA,US,US-CA,Zenia,,,45CL,45CL,40.141878, -123.399124
45CN,small_airport,Hermitage Airport,2700,NA,US,US-CA,Groveland,,,45CN,45CN,37.880691, -120.194936
45CO,heliport,Ag-Air Inc Heliport,5025,NA,US,US-CO,Mead,,,45CO,45CO,40.205501556396484, -104.97599792480469
45FA,heliport,Hendry Medical Heliport,16,NA,US,US-FL,Clewiston,,,45FA,45FA,26.751627, -80.941086
45FD,heliport,Baptist Medical Center Beaches Heliport,17,NA,US,US-FL,Jacksonville Beach,,,45FD,45FD,30.272339, -81.39764
45FL,small_airport,Moss Meadows Airport,155,NA,US,US-FL,Live Oak,,,45FL,45FL,30.23740005493164, -82.90650177001953
45IA,heliport,Great River Medical Center Heliport,700,NA,US,US-IA,West Burlington,,,45IA,45IA,40.810613, -91.173903
45ID,small_airport,Fox Creek Airport,2434,NA,US,US-ID,Priest River,,,45ID,45ID,48.330153, -116.826237
45II,closed,Cummings Field,800,NA,US,US-IN,Rolling Prairie,,,,,41.633701, -86.585899
45IL,heliport,Lake Forest Hospital Heliport,680,NA,US,US-IL,Lake Forest,,,45IL,45IL,42.25415, -87.863559
45IN,small_airport,Aerobatic Practice Airport,681,NA,US,US-IN,North Vernon,,,45IN,45IN,38.99639892578125, -85.74800109863281
45IS,heliport,UChicago Medicine AdventHealth Bolingbrook Hospital Heliport,690,NA,US,US-IL,Bolingbrook,,,45IS,45IS,41.68091, -88.086345
45KY,heliport,Medical Center Albany Heliport,955,NA,US,US-KY,Albany,,,45KY,45KY,36.697903, -85.145764
45LA,heliport,Air Logistics (Venice) N Heliport,-1,NA,US,US-LA,Venice,,,,,29.301901, -89.374496
45ME,heliport,Miles Hospital Heliport,8,NA,US,US-ME,Damariscotta,,,45ME,45ME,44.026651, -69.53011
45MN,small_airport,Kaml Airstrip,898,NA,US,US-MN,Euclid,,,45MN,45MN,47.92610168457031, -96.61419677734375
45MO,small_airport,Waldmeister Farm Airport,424,NA,US,US-MO,St Peters,,,45MO,45MO,38.848967, -90.639098
45MS,small_airport,Box Field,123,NA,US,US-MS,Sunflower,,,45MS,45MS,33.547164, -90.567094
45MT,small_airport,Pester Airport,3055,NA,US,US-MT,Hingham,,,45MT,45MT,48.628333, -110.469667
45NC,small_airport,Glover Airport,120,NA,US,US-NC,Seaboard,,,45NC,45NC,36.528381, -77.455308
45NE,small_airport,Mitchell Field,2230,NA,US,US-NE,Amherst,,,45NE,45NE,40.831523, -99.262451
45NH,heliport,Hayes Heliport,152,NA,US,US-NH,Raymond,,,45NH,45NH,42.985198974609375, -71.17829895019531
45NR,heliport,NHRMC-Ed North Heliport,29,NA,US,US-NC,Wilmington,,,45NR,45NR,34.316552, -77.768284
45NY,heliport,Turning Stone Resort & Casino Heliport,359,NA,US,US-NY,Verona,,,45NY,45NY,43.110569, -75.593658
45OG,small_airport,Rugg Ranches Airport,1890,NA,US,US-OR,Pilot Rock,,,45OG,45OG,45.476389, -118.791667
45OH,small_airport,Boober Airport,854,NA,US,US-OH,New Richmond,,,45OH,45OH,38.975994, -84.219511
45OI,small_airport,Plane Country Airport,920,NA,US,US-OH,Strasburg,,,45OI,45OI,40.56119918823242, -81.54570007324219
45OK,small_airport,Belleview Landing Airport,775,NA,US,US-OK,South Coffeyville,,,45OK,45OK,36.912601470947266, -95.60299682617188
45OR,small_airport,Gederos Airport,280,NA,US,US-OR,Coquille,,,45OR,45OR,43.1548, -124.170998
45PA,heliport,Meadville Medical Center Heliport,1125,NA,US,US-PA,Meadville,,,45PA,45PA,41.64120101928711, -80.1458969116211
45S,small_airport,Silver Lake F S Strip,4492,NA,US,US-OR,Silver Lake,,,45S,45S,43.111000061035156, -121.09400177001953
45TA,heliport,Spl Heliport,63,NA,US,US-TX,Houston,,,45TA,45TA,29.659099578857422, -95.42880249023438
45TE,small_airport,Deussen Field,790,NA,US,US-TX,Ponder,,,,,33.191797, -97.324444
45TN,small_airport,Darnell's Landings Airport,1150,NA,US,US-TN,Church Hill,,,45TN,45TN,36.50669860839844, -82.71170043945312
45TS,heliport,Bullhead Heliport,1430,NA,US,US-TX,Llano,,,45TS,45TS,30.583499908447266, -98.80870056152344
45TT,heliport,UTMB League City Heliport,19,NA,US,US-TX,League City,,,45TT,45TT,29.480488, -95.097059
45WA,heliport,Yakima Valley Memorial Hospital Heliport,1220,NA,US,US-WA,Yakima,,,45WA,45WA,46.594038, -120.546649
45WI,small_airport,Windsong Farm Airport,1250,NA,US,US-WI,Woodville,,,45WI,45WI,45, -92.28350067138672
45WY,small_airport,American Falconry Airport,5722,NA,US,US-WY,Casper,,,45WY,45WY,42.889733, -106.674866
45XS,small_airport,Ghost Apache Airport,330,NA,US,US-TX,Cotulla,,,45XS,45XS,28.131058, -98.906091
46AK,small_airport,Bear Cove Farm Airport,115,NA,US,US-AK,Homer,,,46AK,46AK,59.737844, -151.022186
46AL,seaplane_base,Sly Pig's Base Seaplane Base,396,NA,US,US-AL,Sylacauga,,,46AL,46AL,33.198332, -86.475
46AZ,small_airport,Piñon Airport,6314,NA,US,US-AZ,Piñon,,,46AZ,46AZ,36.09261, -110.22954
46CL,heliport,AT&T Center Heliport,679,NA,US,US-CA,Los Angeles,,,46CL,46CL,34.039611, -118.261704
46CN,small_airport,Crystal Airport,3420,NA,US,US-CA,Llano,,,46CN,46CN,34.484781, -117.825898
46CO,small_airport,Huerfano Agricultural Airport,4790,NA,US,US-CO,Pueblo,,,46CO,46CO,38.099998474121094, -104.4260025024414
46FA,heliport,Perdido Key Fire Station Helipad,35,NA,US,US-FL,Perdido Key,,,46FA,46FA,30.291918, -87.469572
46FD,small_airport,Tater Farms Strip,14,NA,US,US-FL,Hastings,,,46FD,46FD,29.674779, -81.500649
46FL,heliport,Parrish Medical Center Heliport,10,NA,US,US-FL,Titusville,,,46FL,46FL,28.631548, -80.824538
46GA,heliport,St Joseph's Hospital Heliport,26,NA,US,US-GA,Savannah,,,46GA,46GA,31.984899520874023, -81.15570068359375
46IA,closed,Todd Field,965,NA,US,US-IA,Ankeny,,,,,41.756928, -93.566723
46ID,heliport,Silvey Heliport,4850,NA,US,US-ID,Cascade,,,46ID,46ID,44.595556, -116.148056
46II,heliport,Porter Regional Hospital Heliport,864,NA,US,US-IN,Valparaiso,,,46II,46II,41.553648, -87.047982
46IL,heliport,Mc Donough County Hospital Heliport,685,NA,US,US-IL,Macomb,,,46IL,46IL,40.4500007629, -90.6668014526
46IN,small_airport,Ames Field,825,NA,US,US-IN,Plymouth,,,46IN,46IN,41.38119888305664, -86.2228012084961
46KS,small_airport,Hidden Valley Airport,1345,NA,US,US-KS,Valley Center,,,46KS,46KS,37.831699, -97.363098
46KY,heliport,St Luke Hospital Heliport,814,NA,US,US-KY,Fort Thomas,,,46KY,46KY,39.07780075073242, -84.4646987915039
46LL,heliport,Lefkowitz Heliport,713,NA,US,US-IL,Long Grove,,,46LL,46LL,42.16109848022461, -87.98609924316406
46LS,small_airport,Venissat Airstrip,4,NA,US,US-LA,Gueydan,,,46LS,46LS,30.086111, -92.532222
46ME,heliport,Redington-Fairview General Hospital Heliport,205,NA,US,US-ME,Skowhegan,,,ME29,ME29,44.757728, -69.714411
46MI,small_airport,Cloud Nine West Airport,910,NA,US,US-MI,Webberville,,,46MI,46MI,42.546101, -84.1278
46MS,small_airport,Circle Bar Ranch Airport,420,NA,US,US-MS,Foxworth,,,46MS,46MS,31.295000076293945, -89.98500061035156
46N,small_airport,Sky Park Airport,323,NA,US,US-NY,Red Hook,,,46N,46N,41.9846, -73.835999
46NC,small_airport,Brown Field,400,NA,US,US-NC,Marshville,,,46NC,46NC,34.892799377441406, -80.37329864501953
46NE,small_airport,Jantzen Airport,3375,NA,US,US-NE,Madrid,,,46NE,46NE,40.893842, -101.50076
46NH,heliport,Upper Valley Heliport,1196,NA,US,US-NH,Orford,,,46NH,46NH,43.859999, -72.095954
46NY,small_airport,Savannah Agri-Air Airport,465,NA,US,US-NY,Savannah,,,46NY,46NY,43.018798828125, -76.76100158691406
46OH,small_airport,Wetzl Airport,997,NA,US,US-OH,North Jackson,,,46OH,46OH,41.10369873046875, -80.82649993896484
46OI,small_airport,Kellers Strip,700,NA,US,US-OH,Sylvania,,,46OI,46OI,41.68339920043945, -83.7666015625
46OR,heliport,Delamarter Heliport,1275,NA,US,US-OR,Pendleton,,,46OR,46OR,45.642601013183594, -118.80899810791016
46PA,heliport,St Margaret Memorial Hospital Heliport,761,NA,US,US-PA,Pittsburgh,,,46PA,46PA,40.489498138427734, -79.89450073242188
46PN,heliport,D.R. Helicopters Heliport,458,NA,US,US-PA,Allentown,,,46PN,46PN,40.648692, -75.541961
46TA,small_airport,Gould Strip,287,NA,US,US-TX,Cotulla,,,46TA,46TA,28.129929, -98.859289
46TN,heliport,Pleasantville Pentacostal Church Heliport,582,NA,US,US-TN,Pleasantville,,,46TN,46TN,35.674444, -87.6725
46TX,small_airport,Phillips Corporation Airport,30,NA,US,US-TX,Angleton,,,46TX,46TX,29.150800704956055, -95.49520111083984
46VA,small_airport,Byrd Creek Airport,315,NA,US,US-VA,Columbia,,,46VA,46VA,37.817467, -78.048547
46WA,heliport,Don Williams Private Heliport,1560,NA,US,US-WA,Yakima,,,46WA,46WA,46.60900115966797, -120.61399841308594
46WI,heliport,Holy Family Hospital Heliport,996,NA,US,US-WI,New Richmond,,,46WI,46WI,45.117698669433594, -92.55619812011719
47AK,small_airport,Highland Airport,650,NA,US,US-AK,Eagle River,,,47AK,47AK,61.29249954223633, -149.5330047607422
47AL,heliport,Southflight Heliport,253,NA,US,US-AL,Semmes,,,47AL,47AL,30.784811, -88.280715
47CA,heliport,Mountains Community Hospital Heliport,5318,NA,US,US-CA,Lake Arrowhead,,,47CA,47CA,34.265462, -117.16779
47CL,heliport,Spears Heliport,1314,NA,US,US-CA,Sylmar,,,47CL,47CL,34.312935, -118.474331
47CO,small_airport,Mile Hi Airport,5270,NA,US,US-CO,New Raymer,,,47CO,47CO,40.900001525878906, -104.83399963378906
47FA,heliport,Canal Heliport,5,NA,US,US-FL,Tavernier,,,47FA,47FA,25.023096, -80.4964
47FD,small_airport,Strayhorn Ranch Airport,20,NA,US,US-FL,Fort Myers,,,47FD,47FD,26.662799835205078, -81.77059936523438
47FL,small_airport,Flying Exotics Airport,150,NA,US,US-FL,Weirsdale,,,47FL,47FL,28.96419906616211, -81.77899932861328
47G,small_airport,Mayes Airport,790,NA,US,US-MI,Carson City,,,47G,47G,43.240898, -84.879997
47GA,small_airport,Everidge Airport,450,NA,US,US-GA,Pinehurst,,,47GA,47GA,32.220674, -83.855909
47GE,small_airport,Flylander Farm Airport,748,NA,US,US-GA,Summerville,,,47GE,47GE,34.482168, -85.304374
47ID,small_airport,Flying Thunderbolt Ranch Airport,2244,NA,US,US-ID,Emmett,,,47ID,47ID,43.914218, -116.704722
47II,small_airport,Westrick Airport,800,NA,US,US-IN,Liberty Mills,,,47II,47II,41.05619812011719, -85.69049835205078
47IL,small_airport,Godbee RLA Restricted Landing Area,694,NA,US,US-IL,Kempton,,,47IL,47IL,40.9506988525, -88.2705993652
47IN,small_airport,Mann Airport,428,NA,US,US-IN,Merom,,,47IN,47IN,38.988399505615234, -87.51809692382812
47IS,small_airport,Flying Z Ranch Airport,945,NA,US,US-IL,Durand,,,47IS,47IS,42.49169921875, -89.35690307617188
47KS,small_airport,Maxwell Airport,1011,NA,US,US-KS,Baldwin City,,,47KS,47KS,38.770599365234375, -95.27439880371094
47KY,heliport,B. M. H. Heliport,730,NA,US,US-KY,Hardinsburg,,,47KY,47KY,37.766700744628906, -86.44110107421875
47LA,heliport,Christus Ochsner St Patrick Hospital Heliport,17,NA,US,US-LA,Lake Charles,,,47LA,47LA,30.215411, -93.227035
47MA,heliport,Devon Glen Heliport,100,NA,US,US-MA,Hamilton,,,47MA,47MA,42.6234016418457, -70.86620330810547
47ME,heliport,Sebasticook Valley Hospital Heliport,306,NA,US,US-ME,Pittsfield,,,47ME,47ME,44.789602, -69.370219
47MN,small_airport,Sons Private-Commercial Airport,1000,NA,US,US-MN,Norwood Young America,,,47MN,47MN,44.7053, -93.85495
47MO,small_airport,Cliff Scott Airport,1000,NA,US,US-MO,Hamilton,,,,,39.736667, -93.99125
47MT,small_airport,66 Ranch Airstrip,5210,NA,US,US-MT,Ennis,,,47MT,47MT,45.316009, -111.761389
47NC,small_airport,Windemere Airport,98,NA,US,US-NC,Fayetteville,,,47NC,47NC,35.138099670410156, -78.82279968261719
47NE,heliport,Bryan Lincoln General Hospital Heliport,1204,NA,US,US-NE,Lincoln,,,47NE,47NE,40.789648, -96.698291
47NJ,heliport,Metropolitan Electric Heliport,220,NA,US,US-NJ,Clifton,,,47NJ,47NJ,40.887298583984375, -74.16380310058594
47NY,small_airport,Elk Creek Airport,1540,NA,US,US-NY,Borden,,,47NY,47NY,42.04499816894531, -77.3499984741211
47OI,heliport,Wadsworth-Rittman Hospital Heliport,1115,NA,US,US-OH,Wadsworth,,,47OI,47OI,41.027766, -81.750595
47OK,small_airport,Harman Airport,1345,NA,US,US-OK,Calumet,,,47OK,47OK,35.58369827270508, -98.04010009765625
47OR,small_airport,MC Ranch Airport,4555,NA,US,US-OR,Adel,,,47OR,47OR,42.164902, -119.904999
47PA,small_airport,Homan Airport,1200,NA,US,US-PA,State College,,,47PA,47PA,40.71670150756836, -77.98310089111328
47PN,heliport,Bristol Usar Center Heliport,45,NA,US,US-PA,Bristol,,,47PN,47PN,40.12229919433594, -74.89679718017578
47TA,small_airport,Pleasure Field,604,NA,US,US-TX,Prosper,,,47TA,47TA,33.25600051879883, -96.88529968261719
47TE,small_airport,Whites Airport,43,NA,US,US-TX,La Ward,,,47TE,47TE,28.851699829101562, -96.49749755859375
47TS,small_airport,Hensarling Airport,315,NA,US,US-TX,Madisonville,,,47TS,47TS,31.04800033569336, -95.9177017211914
47TX,small_airport,Armstrong Ranch Airport,27,NA,US,US-TX,Armstrong,,,47TX,47TX,26.933900833129883, -97.76249694824219
47VA,heliport,Division Five Heliport,20,NA,US,US-VA,Chesapeake,,,47VA,47VA,36.79600143432617, -76.23799896240234
47VG,heliport,Bath Community Hospital Heliport,2365,NA,US,US-VA,Hot Springs,,,47VG,47VG,37.993351, -79.831853
47VT,small_airport,Cub Field,140,NA,US,US-VT,Panton,,,47VT,47VT,44.125677, -73.369616
47WA,heliport,Fitz Pad 1 Heliport,180,NA,US,US-WA,Woodinville,,,47WA,47WA,47.78419876098633, -122.14199829101562
47WI,small_airport,Oakbrook Airport,840,NA,US,US-WI,Fort Atkinson,,,47WI,47WI,42.89073, -88.808609
47XA,small_airport,Luv Field,540,NA,US,US-TX,Taylor,,,47XA,47XA,30.506519, -97.41354
47XS,small_airport,Bartos Farm Airport,3153,NA,US,US-TX,Lubbock,,,47XS,47XS,33.47249984741211, -101.78500366210938
47Y,small_airport,Pelican Rapids Muni-Lyon's Field,1389,NA,US,US-MN,Pelican Rapids,,,K47Y,47Y,46.641602, -96.1045
48AK,small_airport,Castle Mountain Airstrip,1010,NA,US,US-AK,Sutton/Chickaloon,,,48AK,48AK,61.7960412696, -148.494161367
48AL,heliport,OWA Heliport,55,NA,US,US-AL,Foley,,,48AL,48AL,30.373056, -87.663333
48AR,small_airport,Whirlwind Aviation Airport,240,NA,US,US-AR,Fisher,,,48AR,48AR,35.484715, -90.841119
48AZ,small_airport,Rimrock Airport,3575,NA,US,US-AZ,Rimrock,,,48AZ,48AZ,34.650668, -111.788313
48CA,heliport,Huntington Beach Service Center Heliport,29,NA,US,US-CA,Westminster,,,48CA,48CA,33.74530029296875, -118
48CL,heliport,PG&E Grass Valley Service Center Heliport,2430,NA,US,US-CA,Grass Valley,,,48CL,48CL,39.200334, -121.061343
48CO,small_airport,Shaull Farm Airstrip,5235,NA,US,US-CO,Nunn,,,48CO,48CO,40.72159957885742, -104.77799987792969
48FA,seaplane_base,Silver Lake Seaplane Base,63,NA,US,US-FL,Leesburg,,,48FA,48FA,28.841969, -81.807511
48FD,heliport,Delray Medical Center Emergency Helistop,20,NA,US,US-FL,Delray Beach,,,48FD,48FD,26.438016, -80.127703
48FL,small_airport,Mc Kinnon Airpark,227,NA,US,US-FL,Walnut Hill,,,48FL,48FL,30.8141002655, -87.47499847410002
48G,small_airport,Gavagan Field,800,NA,US,US-MI,Yale,,,48G,48G,43.10340118408203, -82.89019775390625
48GA,heliport,Fairview Park Hospital Heliport,279,NA,US,US-GA,Dublin,,,48GA,48GA,32.532901763916016, -82.95099639892578
48IN,heliport,123 Arcom Heliport,850,NA,US,US-IN,Indianapolis,,,48IN,48IN,39.8588981628418, -85.99829864501953
48IS,small_airport,P.J. Killian Airport,757,NA,US,US-IL,Lexington,,,48IS,48IS,40.60219955444336, -88.8333969116211
48KS,small_airport,R F Roesner Airport,1230,NA,US,US-KS,Salina,,,48KS,48KS,38.811100006103516, -97.431396484375
48KY,heliport,Westlake Regional Hospital Heliport,803,NA,US,US-KY,Columbia,,,48KY,48KY,37.097194, -85.29535
48LA,closed,Chevron Place Helipad,273,NA,US,US-LA,New Orleans,,,,,29.952998, -90.073216
48LL,small_airport,Rock Cut Farms Airport,812,NA,US,US-IL,Leaf River,,,48LL,48LL,42.125575, -89.460555
48LS,heliport,Our Lady of Lourdes Regional Medical Center Heliport,30,NA,US,US-LA,Lafayette,,,48LS,48LS,30.151714, -92.035722
48MD,small_airport,Le Champ Airport,14,NA,US,US-MD,Princess Anne,,,48MD,48MD,38.149062, -75.662161
48MI,heliport,Manju Heliport,720,NA,US,US-MI,Dorr,,,48MI,48MI,42.72740173339844, -85.7155990600586
48MN,heliport,Northfield Hospital Heliport,1035,NA,US,US-MN,Northfield,,,48MN,48MN,44.474155, -93.191925
48MO,heliport,Lions Emergency Evac Heliport,860,NA,US,US-MO,California,,,48MO,48MO,38.62730026245117, -92.53990173339844
48MT,heliport,The Landing Zone Heliport,3680,NA,US,US-MT,Stevensville,,,48MT,48MT,46.446667, -114.061667
48MY,small_airport,Bosch Farm Airport,1035,NA,US,US-MN,Montevideo,,,48MY,48MY,45.118669, -95.577796
48NC,small_airport,Morrison Field,825,NA,US,US-NC,Lexington,,,48NC,48NC,35.781700134277344, -80.41690063476562
48ND,small_airport,Schirmeister Private Airport,1650,NA,US,US-ND,Hazelton,,,48ND,48ND,46.51250076293945, -100.55000305175781
48NE,heliport,Valley Fire/Rescue Dist & Emerg Service Heliport,1140,NA,US,US-NE,Valley,,,48NE,48NE,41.3111000061, -96.34750366210001
48NH,seaplane_base,Winter Harbor Seaplane Base,504,NA,US,US-NH,Wolfeboro,,,48NH,48NH,43.59389877319336, -71.26139831542969
48NJ,heliport,Southern Training Center Heliport,6,NA,US,US-NJ,Salem,,,48NJ,48NJ,39.561500549316406, -75.4791030883789
48NR,small_airport,Blackbriar Airport,599,NA,US,US-NC,Pelham,,,48NR,48NR,36.46788, -79.433477
48OI,heliport,Mansfield Cpc Heliport,1400,NA,US,US-OH,Mansfield,,,48OI,48OI,40.773399353027344, -82.60179901123047
48OR,small_airport,Lookingglass Airport,580,NA,US,US-OR,Roseburg,,,48OR,48OR,43.1593017578125, -123.50199890136719
48P,small_airport,Rocky Hill Ultralightport,1240,NA,US,US-PA,Cresco,,,K48P,48P,41.148575, -75.27518
48PA,heliport,Veterans Heliport,500,NA,US,US-PA,Tower City,,,48PA,48PA,40.58729934692383, -76.54329681396484
48PN,heliport,Wilson Heliport,577,NA,US,US-PA,Spring Grove,,,48PN,48PN,39.904247, -76.914248
48PS,small_airport,Blue Haven Airport,1141,NA,US,US-PA,Harrisonville,,,48PS,48PS,40.02792, -78.094336
48SN,heliport,Lifeteam 20 Heliport,1420,NA,US,US-KS,Wichita,,,48SN,48SN,37.743402, -97.224197
48TA,heliport,Hamlin Memorial Hospital Heliport,1750,NA,US,US-TX,Hamlin,,,48TA,48TA,32.88570022583008, -100.13500213623047
48TE,small_airport,4M Ranch Airfield,1824,NA,US,US-TX,Langtry,,,48TE,48TE,30.021, -101.573056
48TS,closed,Fox Airport,650,NA,US,US-TX,New Braunfels,,,,,29.667066, -98.199422
48TT,heliport,Bradford Volunteer Fire Department/Capt. John L. Hall Heliport,400,NA,US,US-TX,Athens,,,48TT,48TT,31.995863, -95.770483
48TX,small_airport,Tri-County Aerodrome,790,NA,US,US-TX,Whitewright,,,48TX,48TX,33.451793, -96.377377
48U,small_airport,Greater Green River Intergalactic Spaceport,7182,NA,US,US-WY,Green River,,,K48U,48U,41.458, -109.489998
48VA,small_airport,Al's Field,1120,NA,US,US-VA,Gore,,,48VA,48VA,39.291265, -78.351445
48VT,seaplane_base,Cub Cove Seaplane Base,95,NA,US,US-VT,Colchester,,,48VT,48VT,44.553547, -73.231497
48WA,small_airport,West Valley Airport,1900,NA,US,US-WA,Yakima,,,48WA,48WA,46.562193, -120.780311
48WI,small_airport,Circle A Ranch Airport,1640,NA,US,US-WI,Hazelhurst,,,48WI,48WI,45.793800354003906, -89.7301025390625
48X,small_airport,Airport Manatee Airport,27,NA,US,US-FL,Palmetto,,,48X,48X,27.642499923706055, -82.5208969116211
48XA,small_airport,Spring Ranch Airport,1652,NA,US,US-TX,Cisco,,,48XA,48XA,32.319357, -98.98797
48XS,small_airport,Maravillas Gap Ranch Airport,3325,NA,US,US-TX,Marathon,,,48XS,48XS,29.926599502563477, -103.29499816894531
48Y,small_airport,Piney Pinecreek Border Airport,1078,NA,US,US-MN,Pinecreek,,,48Y,48Y,48.99959945678711, -95.98259735107422
49AK,small_airport,Secluded Lake Airport,300,NA,US,US-AK,Talkeetna,,,49AK,49AK,62.025568, -149.979058
49AR,small_airport,Sid's Place Airport,194,NA,US,US-AR,DeWitt,,,49AR,49AR,34.214444, -91.457778
49AZ,small_airport,Rock Point Airport,4999,NA,US,US-AZ,Rock Point,,,49AZ,49AZ,36.73325, -109.61716
49C,small_airport,Camp Lake Airport,755,NA,US,US-WI,Camp Lake,,,K49C,49C,42.527797, -88.156197
49CA,heliport,DCOR Platform Habitat Heliport,90,NA,US,US-CA,Carpinteria,,,49CA,49CA,34.286619, -119.589343
49CL,small_airport,El Peco Ranch Airport,213,NA,US,US-CA,Madera,,,49CL,49CL,36.90549850463867, -120.177001953125
49CN,small_airport,Rancho Tehama Airport,550,NA,US,US-CA,Red Bluff,,,49CN,49CN,40.01599884033203, -122.38999938964844
49CO,small_airport,Air Dusters Inc Airport,4780,NA,US,US-CO,Roggen,,,49CO,49CO,40.093299865722656, -104.375
49F,small_airport,Rankin Airport,2543,NA,US,US-TX,Rankin,,,49F,49F,31.2274, -101.953003
49FD,small_airport,Watson Farm Airport,275,NA,US,US-FL,Quincy,,,49FD,49FD,30.611944, -84.641667
49FL,closed,Mike's Ag Air Airport,210,NA,US,US-FL,Walnut Hill,,,,,30.9771, -87.495003
49G,small_airport,Wend Valley Airport,859,NA,US,US-MI,Charlotte,,,K49G,49G,42.579007, -84.908947
49GA,heliport,Southern Regional Medical Center Heliport,821,NA,US,US-GA,Riverdale,,,49GA,49GA,33.579722, -84.388229
49ID,small_airport,R7 Aero Airport,2233,NA,US,US-WA,Fruitland,,,49ID,49ID,43.958248, -116.939952
49II,small_airport,Reinoehl Field,800,NA,US,US-IN,Lena,,,49II,49II,39.609798431396484, -87.01529693603516
49IL,small_airport,Walnut Creek Airport,666,NA,US,US-IL,Somonauk,,,49IL,49IL,41.593299865722656, -88.69170379638672
49IN,small_airport,Drake Airport,500,NA,US,US-IN,Sullivan,,,49IN,49IN,39.131699, -87.382004
49IS,heliport,Katherine Shaw Bethea Hospital Heliport,582,NA,US,US-IL,Dixon,,,49IS,49IS,41.84450149536133, -89.47930145263672
49K,small_airport,Norwich Airport,1494,NA,US,US-KS,Norwich,,,49K,49K,37.453263, -97.835054
49KS,small_airport,N & N Airport,1230,NA,US,US-KS,Manhattan,,,49KS,49KS,39.2140998840332, -96.67230224609375
49KY,heliport,Morning Star Heliport,916,NA,US,US-KY,Lexington,,,49KY,49KY,37.96369934082031, -84.37020111083984
49LA,heliport,Woman's Hospital Heliport,47,NA,US,US-LA,Baton Rouge,,,49LA,49LA,30.44659996032715, -91.09300231933594
49LL,heliport,Decatur Conference Center and Hotel Heliport,678,NA,US,US-IL,Decatur,,,49LL,49LL,39.846698761, -89.02700042720001
49LS,heliport,Empire Terminal Heliport,8,NA,US,US-LA,Buras,,,49LS,49LS,29.373284, -89.549137
49ME,heliport,Inland Hospital Heliport,227,NA,US,US-ME,Waterville,,,49ME,49ME,44.542114, -69.661238
49MN,small_airport,Willow Ridge Airport,839,NA,US,US-MN,Hastings,,,49MN,49MN,44.671406, -92.827168
49MO,heliport,Hermann Ii Heliport,590,NA,US,US-MO,St Louis,,,49MO,49MO,38.621700286865234, -90.38899993896484
49MS,small_airport,Gray Field,532,NA,US,US-MS,Philadelphia,,,49MS,49MS,32.804477, -88.937962
49MT,small_airport,Firebuster Airport,3901,NA,US,US-MT,Columbus,,,49MT,49MT,45.605715, -109.121281
49MY,seaplane_base,Delong Seaplane/Skiplane Base,900,NA,US,US-MN,Forest Lake,,,49MY,49MY,45.284082, -92.962672
49N,small_airport,Lufker Airport,57,NA,US,US-NY,East Moriches,,,K49N,49N,40.824799, -72.7509
49NC,heliport,Wilkes Regional Medical Center Heliport,985,NA,US,US-NC,North Wilkesboro,,,49NC,49NC,36.15919876098633, -81.15779876708984
49NJ,heliport,Bertino Heliport,70,NA,US,US-NJ,Hammonton,,,49NJ,49NJ,39.63570022583008, -74.7490005493164
49NK,small_airport,Trump MTN Airport,1501,NA,US,US-NY,Attica,,,49NK,49NK,42.793259, -78.292372
49NR,small_airport,Forty Niner at Middle Tract Airport,32,NA,US,US-NC,Windsor,,,49NR,49NR,35.898333, -76.8625
49NY,small_airport,Westmoreland Airport,22,NA,US,US-NY,Shelter Island,,,49NY,49NY,41.055672, -72.360486
49OK,heliport,Holdenville General Hospital Heliport,864,NA,US,US-OK,Holdenville,,,49OK,49OK,35.088781, -96.379341
49OR,small_airport,Land's Inn Ranch Airport,3880,NA,US,US-OR,Dayville,,,49OR,49OR,44.593065, -119.563694
49PA,small_airport,Gap View Airport,780,NA,US,US-PA,Stone Church,,,49PA,49PA,40.85929870605469, -75.13379669189453
49PN,heliport,Geisinger Heliport,600,NA,US,US-PA,Danville,,,49PN,49PN,40.972900390625, -76.6041030883789
49S,small_airport,Babb Airport,4518,NA,US,US-MT,Babb,,,49S,49S,48.845001, -113.427002
49T,heliport,Dallas CBD Heliport,480,NA,US,US-TX,Dallas,,,49T,49T,32.7717, -96.8021
49TE,small_airport,K Star Ranch Airport,397,NA,US,US-TX,Brenham,,,49TE,49TE,30.2835278, -96.4596111
49TN,heliport,Sweetwater Fire Department Heliport,968,NA,US,US-TN,Sweetwater,,,49TN,49TN,35.609276, -84.454841
49TS,heliport,Campus at Legacy Heliport,697,NA,US,US-TX,Plano,,,49TS,49TS,33.0723, -96.808899
49TX,heliport,Valley Baptist Medical Center Heliport,60,NA,US,US-TX,Harlingen,,,49TX,49TX,26.175135, -97.669632
49U,small_airport,Shoshoni Municipal Airport,4817,NA,US,US-WY,Shoshoni,,,KTBX,49U,43.251301, -108.121002
49VA,heliport,Rappahannock General Hospital Heliport,30,NA,US,US-VA,Kilmarnnock,,,49VA,49VA,37.704898834228516, -76.38379669189453
49WA,small_airport,Cougar Mountain Airfield,470,NA,US,US-WA,Yelm,,,49WA,49WA,46.84700012207031, -122.52200317382812
49XA,small_airport,Omni Ranch Ultralight Flightpark,56,NA,US,US-TX,Edinburg,,,49XA,49XA,26.444628, -98.096628
49XS,small_airport,McCasland Ranch Airport,1370,NA,US,US-TX,Star,,,49XS,49XS,31.448333, -98.321111
4A2,small_airport,Atmautluak Airport,17,NA,US,US-AK,Atmautluak,,ATT,,4A2,60.866699, -162.272996
4A3,seaplane_base,Lake Lucille Seaplane Base,300,NA,US,US-AK,Wasilla,,,4A3,4A3,61.57460021972656, -149.47300720214844
4AA4,heliport,South Peninsula Hospital Heliport,370,NA,US,US-AK,Homer,,,4AA4,4AA4,59.652303, -151.549902
4AK,small_airport,Livengood Camp Airport,425,NA,US,US-AK,Livengood,,LIV,4AK,4AK,65.467, -148.6534
4AK0,seaplane_base,Niklason Lake Seaplane Base,380,NA,US,US-AK,Wasilla,,,4AK0,4AK0,61.6291999817, -149.270996094
4AK1,small_airport,Inigok Airport,192,NA,US,US-AK,Deadhorse,,,4AK1,4AK1,70.00379943847656, -153.0780029296875
4AK2,small_airport,St John Homestead Airport,250,NA,US,US-AK,Wasilla,,,4AK2,4AK2,61.55799865722656, -149.4239959716797
4AK3,small_airport,Long Lake Airport,1500,NA,US,US-AK,Long Lake,,,4AK3,4AK3,61.378011, -143.32105
4AK5,small_airport,Mankomen Lake Airport,3050,NA,US,US-AK,Mankomen Lake,,,4AK5,4AK5,62.989898681640625, -144.47999572753906
4AK6,small_airport,Wolf Lake Airport,572,NA,US,US-AK,Palmer,,,4AK6,4AK6,61.639311, -149.291105
4AK7,small_airport,Aleknagik Mission Lodge Airport,150,NA,US,US-AK,Aleknagik,,,4AK7,4AK7,59.279999, -158.5971
4AK8,small_airport,Napaimute Pioneer Airfield,200,NA,US,US-AK,Napaimute,,,4AK8,4AK8,61.53630065917969, -158.73899841308594
4AK9,small_airport,Tibbetts Airport,50,NA,US,US-AK,Naknek,,,4AK9,4AK9,58.732899, -157.015975
4AL1,heliport,Tanner East Alabama Heliport,970,NA,US,US-AL,Wedowee,,,4AL1,4AL1,33.294637, -85.480305
4AL4,heliport,Froberg Heliport,630,NA,US,US-AL,Hartselle,,,4AL4,4AL4,34.42720031738281, -86.91500091552734
4AL6,small_airport,Bonner Field,105,NA,US,US-AL,Summerdale,,,4AL6,4AL6,30.55827, -87.6527
4AL7,small_airport,Leon's Landing Airport,1430,NA,US,US-AL,Flat Rock,,,4AL7,4AL7,34.74470138549805, -85.6897964477539
4AL8,small_airport,Milton Airport,639,NA,US,US-AL,Huntsville,,,4AL8,4AL8,34.4906005859375, -86.67330169677734
4AL9,small_airport,T W Spear Memorial Airport,438,NA,US,US-AL,Lapine,,,4AL9,4AL9,31.974700927699995, -86.2938995361
4AR0,heliport,St Mary's Regional Medical Center Heliport,393,NA,US,US-AR,Russellville,,,4AR0,4AR0,35.2836990356, -93.1504974365
4AR1,small_airport,Shurley Field Airport,430,NA,US,US-AR,Cabot,,,4AR1,4AR1,35.0411, -92.10008
4AR2,small_airport,Red Oak Airport,315,NA,US,US-AR,Cabot,,,4AR2,4AR2,34.910462, -92.006932
4AR3,heliport,Conway Regional Health System Heliport,385,NA,US,US-AR,Conway,,,4AR3,4AR3,35.0853996277, -92.457901001
4AR5,small_airport,Lawrence Field,284,NA,US,US-AR,Cherry Valley,,,4AR5,4AR5,35.371502, -90.754243
4AR7,small_airport,Worth James Ranch Airport,650,NA,US,US-AR,Booneville,,,4AR7,4AR7,35.08340072631836, -94.11689758300781
4AR8,heliport,Washington Regional Landing Heliport,1251,NA,US,US-AR,Fayetteville,,,4AR8,4AR8,36.10810089111328, -94.15859985351562
4AZ1,heliport,Moulder Heliport,1521,NA,US,US-AZ,Surprise,,,4AZ1,4AZ1,33.753299713134766, -112.41600036621094
4AZ2,small_airport,Block Ranch Airport,5966,NA,US,US-NM,Capitan,,,4AZ2,4AZ2,33.702, -105.384003
4AZ3,heliport,Tonto Ranger Station Heliport,2165,NA,US,US-AZ,Roosevelt,,,,,33.670026, -111.141771
4AZ4,heliport,Fort Omotse Heliport,4253,NA,US,US-AZ,Tombstone,,,4AZ4,4AZ4,31.601433, -110.068883
4AZ5,heliport,New Waddell Dam Heliport,1582,NA,US,US-AZ,Phoenix,,,4AZ5,4AZ5,33.845123, -112.269823
4AZ6,small_airport,Parsons Field,3760,NA,US,US-AZ,Kingman,,,4AZ6,4AZ6,34.99810028076172, -113.46199798583984
4AZ8,small_airport,The Ultralight Strip Ultralightport,2120,NA,US,US-AZ,Marana,,,4AZ8,4AZ8,32.294225, -111.344837
4AZ9,small_airport,Leroy Airport,4197,NA,US,US-AZ,Willcox,,,4AZ9,4AZ9,32.11309814453125, -109.76200103759766
4B0,small_airport,South Albany Airport,196,NA,US,US-NY,South Bethlehem,,,4B0,4B0,42.560699462890625, -73.83390045166016
4B1,small_airport,Duanesburg Airport,710,NA,US,US-NY,Duanesburg,,,4B1,4B1,42.7584, -74.132896
4B9,small_airport,Simsbury Airport,195,NA,US,US-CT,Simsbury,,,,4B9,41.915755, -72.777128
4C1,small_airport,Flying U Ranch Airport,740,NA,US,US-IN,Union Mills,,,IN41,IN41,41.453899, -86.792198
4C2,small_airport,Walker/Rowe Waterloo Airport,900,NA,US,US-IN,Waterloo,,,4C2,4C2,41.431198, -84.981598
4C3,closed,Yalesville Heliport,65,NA,US,US-CT,Yalesville,,,,,41.491272, -72.811169
4C4,small_airport,Gifford Field,1010,NA,US,US-NH,Colebrook,,,4C4,4C4,44.8834, -71.499496
4C7,small_airport,Ackley Municipal Airport,1070,NA,US,US-IA,Ackley,,,,4C7,42.547079, -93.033271
4CA0,heliport,LAPD Hooper Heliport,302,NA,US,US-CA,Los Angeles,,,4CA0,4CA0,34.044014, -118.247303
4CA1,heliport,City National Bank Heliport,453,NA,US,US-CA,Los Angeles,,,4CA1,4CA1,34.047704, -118.254116
4CA2,small_airport,Funny Farm Airport,29,NA,US,US-CA,Brentwood,,,4CA2,4CA2,37.9468994140625, -121.64700317382812
4CA3,heliport,Camp Parks Heliport,361,NA,US,US-CA,Pleasanton,,,4CA3,4CA3,37.70830154418945, -121.89299774169922
4CA4,heliport,St Francis Medical Center Helistop,154,NA,US,US-CA,Lynwood,,,4CA4,4CA4,33.930301666259766, -118.2030029296875
4CA5,heliport,Children's Hospital of Orange County Heliport,275,NA,US,US-CA,Orange,,,4CA5,4CA5,33.781502, -117.865598
4CA6,heliport,Chevron Refinery Heliport,29,NA,US,US-CA,El Segundo,,,4CA6,4CA6,33.914454, -118.427215
4CA7,small_airport,Johnsen Airport,190,NA,US,US-CA,Chico,,,4CA7,4CA7,39.67070007324219, -121.88600158691406
4CA9,heliport,Randy Champe-Gary Howe Memorial Heliport,184,NA,US,US-CA,Los Angeles,,,4CA9,4CA9,33.970101, -118.277622
4CD0,heliport,Parkview Medical Center West Heliport,5005,NA,US,US-CO,Pueblo,,,4CD0,4CD0,38.329142, -104.702132
4CL1,heliport,Lyon Heliport,898,NA,US,US-CA,Rancho Santa Margarita,,,4CL1,4CL1,33.613399505615234, -117.59100341796875
4CL2,heliport,Wolfranch Heliport,2000,NA,US,US-CA,Temecula,,,4CL2,4CL2,33.50279998779297, -117.30500030517578
4CL3,small_airport,Antelope Valley Ranch Airport,530,NA,US,US-CA,Williams,,,4CL3,4CL3,39.14605, -122.356716
4CL4,small_airport,Rabbit Ranch Airport,2942,NA,US,US-CA,Lucerne Valley,,,4CL4,4CL4,34.456835, -117.028936
4CL5,heliport,Mercy San Juan Hospital Heliport,169,NA,US,US-CA,Carmichael,,,4CL5,4CL5,38.669114, -121.314348
4CL6,heliport,Pat Coyle Memorial Heliport,600,NA,US,US-CA,San Marcos,,,4CL6,4CL6,33.142172, -117.14553
4CL7,heliport,Inyo County Sheriff Search & Rescue Heliport,4120,NA,US,US-CA,Bishop,,,4CL7,4CL7,37.36579895019531, -118.36799621582031
4CL8,heliport,Hanford Community Medical Center Helistop,251,NA,US,US-CA,Hanford,,,4CL8,4CL8,36.329739, -119.659609
4CL9,heliport,Arrowhead Regional Medical Center Heliport,1076,NA,US,US-CA,Colton,,,4CL9,4CL9,34.075377, -117.349327
4CN7,heliport,Children's Hospital of Los Angeles Heliport II,529,NA,US,US-CA,Los Angeles,,,4CN7,4CN7,34.097289, -118.288803
4CO0,small_airport,Glen-Aspen Airport,6835,NA,US,US-CO,Carbondale,,,4CO0,4CO0,39.389609, -107.163722
4CO1,heliport,Martin Heliport,5718,NA,US,US-CO,Waterton,,,4CO1,4CO1,39.499698638916016, -105.10600280761719
4CO2,small_airport,Owl Canyon Gliderport,5545,NA,US,US-CO,Wellington,,,4CO2,4CO2,40.8046989440918, -104.98500061035156
4CO3,small_airport,Griffin Field,3964,NA,US,US-CO,Walsh,,,4CO3,4CO3,37.392936, -102.283058
4CO4,heliport,St Anthony North Heliport,5506,NA,US,US-CO,Westminster,,,4CO4,4CO4,39.850375, -105.017211
4CO5,heliport,Pioneers Heliport,6298,NA,US,US-CO,Meeker,,,4CO5,4CO5,40.04140090942383, -107.91100311279297
4CO6,heliport,Lutheran Medical Center Heliport,5500,NA,US,US-CO,Wheat Ridge,,,4CO6,4CO6,39.76588, -105.09264
4CO7,small_airport,Ambrosich Field,7028,NA,US,US-CO,Elbert,,,4CO7,4CO7,39.220351, -104.680738
4CO8,small_airport,Kelgun Airport,6800,NA,US,US-CO,Castle Rock,,,4CO8,4CO8,39.30690002441406, -104.81600189208984
4CO9,heliport,Beaver Creek Heliport,7500,NA,US,US-CO,Beaver Creek,,,4CO9,4CO9,39.63123, -106.52436
4D5,heliport,Kirila Heliport,1140,NA,US,US-OH,Brookfield,,,4D5,4D5,41.230098724365234, -80.55729675292969
4D8,small_airport,Fuller Airport,1439,NA,US,US-IA,Milford,,,4D8,4D8,43.33319854736328, -95.15899658203125
4D9,small_airport,Alma Municipal Airport,2070,NA,US,US-NE,Alma,,,4D9,4D9,40.112149, -99.346361
4E8,small_airport,Richardton Airport,2492,NA,US,US-ND,Richardton,,,4E8,4E8,46.89580154418945, -102.3550033569336
4F1,small_airport,Westport Airport / Keystone Airpark,900,NA,US,US-OK,Westport,,,,4F1,36.222301, -96.3461
4FA0,heliport,Orlando Health Lake Mary Heliport,75,NA,US,US-FL,Lake Mary,,,4FA0,4FA0,28.768868, -81.349924
4FA2,small_airport,Croom A Chobee Airport,65,NA,US,US-FL,Bushnell,,,4FA2,4FA2,28.625752, -82.141351
4FA3,closed,Tranquility Bay Strip,8,NA,US,US-FL,Fort Myers,,,,,26.647938, -82.113919
4FA4,heliport,George Skoko Heliport,11,NA,US,US-FL,Key West,,,4FA4,4FA4,24.595869, -81.681438
4FA7,seaplane_base,Lake Panasoffkee Seaplane Base,39,NA,US,US-FL,Lake Panasoffkee,,,4FA7,4FA7,28.798722, -82.11575
4FA9,heliport,North Port Fire Rescue Station 86 Heliport,11,NA,US,US-FL,North Port,,,4FA9,4FA9,27.048778, -82.337528
4FD3,small_airport,The Wright Place Airport,13,NA,US,US-FL,Homestead,,,4FD3,4FD3,25.517178, -80.512131
4FD4,seaplane_base,Bay Seaplanes Seaplane Base,,NA,US,US-FL,Panama City,,,4FD4,4FD4,30.184900283813477, -85.7499008178711
4FD5,seaplane_base,Grand Lagoon Seaplane Base,,NA,US,US-FL,Panama City,,,4FD5,4FD5,30.134899139404297, -85.73410034179688
4FD6,heliport,Pine Island Helistop,10,NA,US,US-FL,Pine Island Center,,,4FD6,4FD6,26.606700897216797, -82.11090087890625
4FD7,small_airport,Flanders Field,131,NA,US,US-FL,Polk City,,,4FD7,4FD7,28.20639991760254, -81.8279037475586
4FD8,heliport,Captiva Heliport,3,NA,US,US-FL,Sanibel,,,4FD8,4FD8,26.54170036315918, -82.19200134277344
4FD9,heliport,Bowman's Beach Helistop,5,NA,US,US-FL,Sanibel,,,4FD9,4FD9,26.462600708007812, -82.15679931640625
4FL0,small_airport,Turkey Scratch Plantation Airport,115,NA,US,US-FL,Lamont,,,4FL0,4FL0,30.403600692749023, -83.80999755859375
4FL1,small_airport,Escape Ranch Airport,71,NA,US,US-FL,Kenansville,,,4FL1,4FL1,27.86280059814453, -80.95809936523438
4FL2,small_airport,Ko-Kee Airport,72,NA,US,US-FL,Webster,,,4FL2,4FL2,28.605233, -82.159567
4FL3,small_airport,Fellsmere Airport,24,NA,US,US-FL,Fellsmere,,,4FL3,4FL3,27.740214, -80.666792
4FL5,small_airport,Ridge Landing Airport,140,NA,US,US-FL,Frostproof,,,4FL5,4FL5,27.7572, -81.600601
4FL7,heliport,Physicians Regional Medical Center Collier Boulevard Heliport,14,NA,US,US-FL,Naples,,,4FL7,4FL7,26.1066, -81.68532
4FL8,small_airport,Schwartz Farms Inc Airport,53,NA,US,US-FL,Sarasota,,,4FL8,4FL8,27.343700408935547, -82.31729888916016
4FL9,small_airport,Gore Airport,135,NA,US,US-FL,Haines City,,,4FL9,4FL9,28.143400192260742, -81.64700317382812
4G1,small_airport,Greenville Municipal Airport,1202,NA,US,US-PA,Greenville,,,4G1,4G1,41.4468, -80.391296
4G2,small_airport,Hamburg Inc Airport,751,NA,US,US-NY,Hamburg,,,4G2,4G2,42.70090103149414, -78.91480255126953
4G3,small_airport,Miller Airport,1070,NA,US,US-OH,North Benton,,,,4G3,40.9818, -81.042099
4G7,small_airport,Fairmont Municipal Airport Frankman Field,1029,NA,US,US-WV,Fairmont,,,K4G7,4G7,39.4482, -80.167
4GA1,small_airport,Thacker Field,920,NA,US,US-GA,Concord,,,4GA1,4GA1,33.0447998046875, -84.39830017089844
4GA2,heliport,AU Medical Center & Children's Hospital of Georgia Heliport,255,NA,US,US-GA,Augusta,,,4GA2,4GA2,33.471304, -81.987963
4GA3,heliport,Memorial Hospital Heliport,120,NA,US,US-GA,Bainbridge,,,4GA3,4GA3,30.903200149536133, -84.5519027709961
4GA4,small_airport,R.M. Harris Airport,770,NA,US,US-GA,Eton,,,4GA4,4GA4,34.84669876098633, -84.75469970703125
4GA6,small_airport,Chattahoochee Air Park,750,NA,US,US-GA,Douglasville,,,4GA6,4GA6,33.662328, -84.680122
4GA7,small_airport,Kitchens Field,800,NA,US,US-GA,Griffin,,,4GA7,4GA7,33.134568, -84.253287
4GA8,small_airport,Andrews Airport,245,NA,US,US-GA,Arlington,,,4GA8,4GA8,31.41550064086914, -84.71299743652344
4GA9,small_airport,Ebeneezer Airport,1230,NA,US,US-GA,Cumming,,,4GA9,4GA9,34.2422981262207, -84.05709838867188
4GE0,small_airport,Millhaven Airport,164,NA,US,US-GA,Millhaven,,,4GE0,4GE0,32.93600082397461, -81.66210174560547
4GE1,small_airport,Viola Farm Airport,285,NA,US,US-GA,Attapulgus,,,4GE1,4GE1,30.72369956970215, -84.54109954833984
4GE2,small_airport,Gorden E Bellah International Airport,780,NA,US,US-GA,Stockbridge,,,4GE2,4GE2,33.55009841918945, -84.1666030883789
4GE3,small_airport,Whitehall Airport,350,NA,US,US-GA,Montrose,,,4GE3,4GE3,32.4994, -83.182917
4GE7,heliport,AE154 Base Heliport,360,NA,US,US-GA,Perry,,,4GE7,4GE7,32.458333, -83.710278
4H1,heliport,Schaumburg Municipal Helistop,730,NA,US,US-IL,Chicago/Schaumburg,,,4H1,4H1,42.047784, -88.052663
4IA0,heliport,Greater Community Hospital Heliport,1291,NA,US,US-IA,Creston,,,4IA0,4IA0,41.072200775146484, -94.39440155029297
4IA1,heliport,Ellsworth Municipal Hospital Heliport,1138,NA,US,US-IA,Iowa Falls,,,4IA1,4IA1,42.52470016479492, -93.24240112304688
4IA2,small_airport,Walker Field,715,NA,US,US-IA,West Liberty,,,4IA2,4IA2,41.585629, -91.219912
4IA3,heliport,Floyd County Memorial Hospital Heliport,1146,NA,US,US-IA,Charles City,,,4IA3,4IA3,43.05080032348633, -92.68440246582031
4IA4,small_airport,Mccoy Airport,715,NA,US,US-IA,Danville,,,4IA4,4IA4,40.818599700927734, -91.33889770507812
4IA5,heliport,Iowa Speciality Hospital Heliport,1162,NA,US,US-IA,Clarion,,,4IA5,4IA5,42.721132, -93.734436
4IA7,small_airport,Witcombe Field,1000,NA,US,US-IA,Cedar Falls,,,4IA7,4IA7,42.471337, -92.504539
4IA9,small_airport,Triple J Airport,1020,NA,US,US-IA,Dike,,,4IA9,4IA9,42.45830154418945, -92.72239685058594
4II0,small_airport,De Ford Airport,640,NA,US,US-IN,Delphi,,,4II0,4II0,40.609501, -86.738297
4II3,small_airport,Oleo Airport,870,NA,US,US-IN,Fillmore,,,4II3,4II3,39.73640060424805, -86.72969818115234
4II5,heliport,Escc Heliport,600,NA,US,US-IN,Hammond,,,4II5,4II5,41.594200134277344, -87.49140167236328
4II6,small_airport,Gettlefinger Field,820,NA,US,US-IN,Palmyra,,,4II6,4II6,38.37919998168945, -86.08159637451172
4II7,small_airport,Sport Aircraft Flight Park Ultralightport,900,NA,US,US-IN,Thorntown,,,4II7,4II7,40.105899810791016, -86.52189636230469
4II8,small_airport,Willis Airport,880,NA,US,US-IN,Greenfield,,,4II8,4II8,39.725591, -85.714881
4IL0,heliport,Litchfield Fire Department West Side Emergency Services Heliport,677,NA,US,US-IL,Litchfield,,,4IL0,4IL0,39.160542, -89.665877
4IL2,small_airport,Wayne Ziller Jr Airport,661,NA,US,US-IL,Fairbury,,,4IL2,4IL2,40.809941, -88.539584
4IL3,small_airport,Thrifty Acres Airport,725,NA,US,US-IL,Stillman Valley,,,4IL3,4IL3,42.142987, -89.228468
4IL4,small_airport,Kuebler Airport,620,NA,US,US-IL,St Elmo,,,4IL4,4IL4,39.0564, -88.816101
4IL5,small_airport,Frank's Flying Service Airport,600,NA,US,US-IL,Morrison,,,4IL5,4IL5,41.724989, -90.002639
4IL7,heliport,Brussels Heliport,515,NA,US,US-IL,Brussels,,,4IL7,4IL7,38.94580078125, -90.58719635009766
4IL8,small_airport,Rendleman Airport,500,NA,US,US-IL,Murphysboro,,,4IL8,4IL8,37.75630187988281, -89.38330078125
4IL9,small_airport,Unzicker Airport,745,NA,US,US-IL,Benson,,,4IL9,4IL9,40.82749938964844, -89.12079620361328
4IN1,seaplane_base,Big Long Lake Seaplane Base,940,NA,US,US-IN,Kendallville,,,,56I,41.552725, -85.231583
4IN2,seaplane_base,Oliver Lake Seaplane Base,900,NA,US,US-IN,LaGrange,,,2IN,2IN,41.570202, -85.405296
4IN3,heliport,East Clear Heliport,1069,NA,US,US-IN,Clear Lake,,,4IN3,4IN3,41.73500061035156, -84.82279968261719
4IN4,small_airport,Wilson Airport,710,NA,US,US-IN,Wallace,,,4IN4,4IN4,39.976659, -87.181234
4IN5,small_airport,Ball Field,825,NA,US,US-IN,Bourbon,,,4IN5,4IN5,41.344200134277344, -86.14830017089844
4IN6,heliport,Dragons Den Heliport,934,NA,US,US-IN,Danvillle,,,4IN6,4IN6,39.745601654052734, -86.64440155029297
4IN7,small_airport,Riley Field,608,NA,US,US-IN,Attica,,,4IN7,4IN7,40.300899505615234, -87.22920227050781
4IN8,small_airport,Culp Farms Airport,673,NA,US,US-IN,Rensselaer,,,4IN8,4IN8,40.86750030517578, -87.06829833984375
4IN9,small_airport,Wawasee Airport,880,NA,US,US-IN,Syracuse,,,4IN9,4IN9,41.41889953613281, -85.69170379638672
4IS0,heliport,Joan Graves Edwards Heliport,624,NA,US,US-IL,Anna,,,4IS0,4IS0,37.46390151977539, -89.24590301513672
4IS2,heliport,Memorial Hospital Heliport,620,NA,US,US-IL,Chester,,,4IS2,4IS2,37.92369842529297, -88.80619812011719
4IS3,heliport,University of Chicago Hospitals Heliport,665,NA,US,US-IL,Chicago,,,4IS3,4IS3,41.78839874267578, -87.60420227050781
4IS4,heliport,Harrisburg Medical Center Heliport,397,NA,US,US-IL,Harrisburg,,,4IS4,4IS4,37.73059844970703, -88.52369689941406
4IS5,small_airport,Smith Restricted Landing Area,420,NA,US,US-IL,Hecker,,,4IS5,4IS5,38.258399963378906, -89.93810272216797
4IS6,small_airport,Hattan Farms Airport,710,NA,US,US-IL,Minonk,,,4IS6,4IS6,40.930599212646484, -89.12059783935547
4IS7,small_airport,Litchfield Restricted Landing Area,704,NA,US,US-IL,Seymour,,,4IS7,4IS7,40.073101, -88.399498
4IS8,small_airport,Leigh Farm Airport,730,NA,US,US-IL,Sparland,,,4IS8,4IS8,40.02170181274414, -89.55010223388672
4IS9,small_airport,Weidner Airport,667,NA,US,US-IL,Bunker Hill,,,4IS9,4IS9,39.085899353027344, -89.95890045166016
4K0,small_airport,Pedro Bay Airport,45,NA,US,US-AK,Pedro Bay,,PDB,4K0,4K0,59.796925, -154.129994
4K5,small_airport,Ouzinkie Airport,55,NA,US,US-AK,Ouzinkie,,KOZ,,4K5,57.942094, -152.464314
4KA,small_airport,Tununak Airport,14,NA,US,US-AK,Tununak,,TNK,POKA,4KA,60.569638, -165.246649
4KS1,small_airport,Amar Farms Airport,1020,NA,US,US-KS,Wellsville,,,4KS1,4KS1,38.685298919677734, -95.03299713134766
4KS2,small_airport,Ingels Aerodrome,960,NA,US,US-KS,De Soto,,,4KS2,4KS2,39.01860046386719, -94.95439910888672
4KS6,small_airport,Thomsen Field,1140,NA,US,US-KS,Hartford,,,4KS6,4KS6,38.24169921875, -95.90670013427734
4KS7,small_airport,Butler Airpark,1310,NA,US,US-KS,Rose Hill,,,K6KS,6KS,37.55937, -97.064717
4KS8,small_airport,Bursch Private Airport,3650,NA,US,US-KS,Bird City,,,4KS8,4KS8,39.592874, -101.5927
4KS9,small_airport,Dinkel Airport,1900,NA,US,US-KS,Victoria,,,4KS9,4KS9,38.83395, -99.062875
4KT4,small_airport,Steele's Bottom Airport,495,NA,US,US-KY,Warsaw,,,4KT4,4KT4,38.828736, -84.817321
4KY1,small_airport,Creek Side Landing Airport,727,NA,US,US-KY,Glasgow,,,4KY1,4KY1,36.894518, -85.775198
4KY2,heliport,Manchester Memorial Hospital Heliport,935,NA,US,US-KY,Manchester,,,4KY2,4KY2,37.162498474121094, -83.76190185546875
4KY4,small_airport,Moseley Field,395,NA,US,US-KY,Calhoun,,,4KY4,4KY4,37.592498779296875, -87.28109741210938
4KY5,small_airport,Weavers Run Airport,550,NA,US,US-KY,West Point,,,4KY5,4KY5,38.02859878540039, -83.88999938964844
4KY6,heliport,Jennie Stuart Medical Center Heliport,550,NA,US,US-KY,Hopkinsville,,,4KY6,4KY6,36.860784, -87.497675
4KY7,small_airport,Mueller Farm Airport,890,NA,US,US-KY,Verona,,,4KY7,4KY7,38.823494, -84.686273
4KY9,heliport,King's Daughters Medical Center Heliport,625,NA,US,US-KY,Ashland,,,4KY9,4KY9,38.47079849243164, -82.63500213623047
4LA0,seaplane_base,Port Sulphur Seaplane Base,,NA,US,US-LA,Port Sulphur,,,4LA0,4LA0,29.46269989013672, -89.70279693603516
4LA1,heliport,Chevron Fourchon Heliport,5,NA,US,US-LA,Leeville,,,4LA1,4LA1,29.107475, -90.194387
4LA3,small_airport,Feliciana Airpark,204,NA,US,US-LA,Jackson,,,,LA3,30.8078, -91.213303
4LA4,heliport,Chevron Usa Inc Heliport,,NA,US,US-LA,Leeville,,,4LA4,4LA4,29.221099853515625, -90.21790313720703
4LA5,heliport,La Haye Center Heliport,120,NA,US,US-LA,Lafayette,,,4LA5,4LA5,30.19070053100586, -92.00900268554688
4LA6,heliport,Little Lake Heliport,10,NA,US,US-LA,Lafitte,,,4LA6,4LA6,29.49690055847168, -90.11810302734375
4LA7,heliport,West Jefferson Medical Center Heliport,2,NA,US,US-LA,Marrero,,,4LA7,4LA7,29.8929, -90.094968
4LA8,small_airport,Overton Private Airport,110,NA,US,US-LA,Clinton,,,4LA8,4LA8,30.707700729370117, -90.87429809570312
4LA9,small_airport,Blouin Flightpark Ultralightport,10,NA,US,US-LA,Raceland,,,4LA9,4LA9,29.736812, -90.634518
4LL0,small_airport,Ranken Airport,785,NA,US,US-IL,Steward,,,4LL0,4LL0,41.835899353027344, -89.09339904785156
4LL1,small_airport,Staton Airport,770,NA,US,US-IL,Steward,,,4LL1,4LL1,41.85419845581055, -89.08760070800781
4LL2,heliport,Covenant Medical Center Heliport,728,NA,US,US-IL,Champaign,,,4LL2,4LL2,40.11309814453125, -88.23419952392578
4LL3,small_airport,John L Coppernoll Airport,930,NA,US,US-IL,Stockton,,,4LL3,4LL3,42.30830001831055, -89.9834976196289
4LL4,small_airport,Enjoy Field,685,NA,US,US-IL,Clifton,,,4LL4,4LL4,40.976448, -87.999365
4LL7,small_airport,Willadae Farms Airport,850,NA,US,US-IL,Sycamore,,,4LL7,4LL7,42.001719, -88.664927
4LL8,small_airport,Colonial Acres Airport,840,NA,US,US-IL,Sycamore,,,4LL8,4LL8,41.999315, -88.648585
4LL9,small_airport,Alan B. Janssen Airport,642,NA,US,US-IL,Morrisonville,,,4LL9,4LL9,39.34370040893555, -89.42369842529297
4M0,small_airport,Lake Ann Airway Estates Airport,820,NA,US,US-MI,Interlochen,,,,4M0,44.696085, -85.914159
4M5,small_airport,Dermott Municipal Airport,135,NA,US,US-AR,Dermott,,,4M5,4M5,33.487998962402344, -91.44259643554688
4M8,small_airport,Clarendon Municipal Airport,217,NA,US,US-AR,Roe,,,K4M8,4M8,34.647999, -91.394402
4MA0,heliport,Burke Heliport,240,NA,US,US-MA,Sherborn,,,4MA0,4MA0,42.233011, -71.358601
4MA1,heliport,Bangs Heliport,30,NA,US,US-MA,Wareham,,,4MA1,4MA1,41.777000427246094, -70.68810272216797
4MA2,heliport,Dow Jones Heliport,200,NA,US,US-MA,Chicopee,,,4MA2,4MA2,42.162899017333984, -72.55039978027344
4MA3,heliport,Millbury Savings/West Heliport,393,NA,US,US-MA,Millbury,,,4MA3,4MA3,42.19179916381836, -71.76950073242188
4MA4,heliport,J K L Heliport,30,NA,US,US-MA,New Bedford,,,4MA4,4MA4,41.621485, -71.014225
4MA5,heliport,World Trade Center Heliport,15,NA,US,US-MA,Boston,,,4MA5,4MA5,42.349300384521484, -71.043701171875
4MA6,heliport,Pleasant Beach Heliport,20,NA,US,US-MA,Cohasset,,,4MA6,4MA6,42.26258, -70.81278
4MA7,heliport,Ahearn Heliport,280,NA,US,US-MA,Ludlow,,,4MA7,4MA7,42.19150161743164, -72.45010375976562
4MA8,heliport,Pg Heliport,10,NA,US,US-MA,Quincy,,,4MA8,4MA8,42.28089904785156, -71.03730010986328
4MA9,heliport,Broad Street Heliport,60,NA,US,US-MA,Springfield,,,4MA9,4MA9,42.09091567993164, -72.58370208740234
4MD,heliport,Pier 7 Heliport,16,NA,US,US-MD,Baltimore,,,K4MD,4MD,39.271518, -76.572422
4MD0,small_airport,Mears Creek Airfield,27,NA,US,US-MD,Lusby,,,4MD0,4MD0,38.374298095703125, -76.48300170898438
4MD1,small_airport,Bunting's Field,5,NA,US,US-MD,Berlin,,,4MD1,4MD1,38.36819839477539, -75.23069763183594
4MD2,small_airport,Ward's Airport,2500,NA,US,US-MD,Oakland,,,4MD2,4MD2,39.430384, -79.454311
4MD3,small_airport,Carey Field,23,NA,US,US-MD,Bishopville,,,4MD3,4MD3,38.439917, -75.159391
4MD4,small_airport,Clements Airport,105,NA,US,US-MD,Clements,,,4MD4,4MD4,38.340599060058594, -76.73719787597656
4MD6,small_airport,Moxley's Airport,410,NA,US,US-MD,Dublin,,,4MD6,4MD6,39.625, -76.26249694824219
4MD7,small_airport,Catoctin Crosswind Airport,451,NA,US,US-MD,Thurmont,,,4MD7,4MD7,39.645255, -77.367826
4MD8,small_airport,Ijamsville Airport,490,NA,US,US-MD,Frederick,,,4MD8,4MD8,39.358299255371094, -77.3396987915039
4MD9,small_airport,St John Airport,461,NA,US,US-MD,Owings Mills,,,4MD9,4MD9,39.48059844970703, -76.7605972290039
4ME4,seaplane_base,Lovewell Pond Seaplane Base,390,NA,US,US-ME,Fryeburg,,,4ME4,4ME4,44.00680160522461, -70.93360137939453
4ME7,seaplane_base,Big Indian Seaplane Base,267,NA,US,US-ME,St Albans,,,4ME7,4ME7,44.937806, -69.384305
4ME9,heliport,Norway Heliport,380,NA,US,US-ME,Norway,,,4ME9,4ME9,44.209319, -70.531705
4MI1,small_airport,Air Rahe Airport,680,NA,US,US-MI,Petersburg,,,4MI1,4MI1,41.829522, -83.6849
4MI2,heliport,McLaren Lapeer Region Heliport,855,NA,US,US-MI,Lapeer,,,4MI2,4MI2,43.063695, -83.321053
4MI4,small_airport,Whitcomb Field,915,NA,US,US-MI,Schoolcraft,,,4MI4,4MI4,42.1781005859375, -85.6707992553711
4MI5,heliport,Bps Heliport,675,NA,US,US-MI,Ruby,,,4MI5,4MI5,43.00699996948242, -82.60130310058594
4MI6,small_airport,Benedick Airport,660,NA,US,US-MI,Three Oaks,,,4MI6,4MI6,41.8577995300293, -86.614501953125
4MI7,small_airport,Witbeck Aerodrome Airport,890,NA,US,US-MI,Farwell,,,4MI7,4MI7,43.812714, -84.813552
4MN1,small_airport,Hintzman Private Airport,1465,NA,US,US-MN,New York Mills,,,4MN1,4MN1,46.65098, -95.354874
4MN3,heliport,Lexington Heliport,1080,NA,US,US-MN,Ham Lake,,,4MN3,4MN3,45.311100006103516, -93.15039825439453
4MN5,small_airport,Kapaun-Wilson Field,1122,NA,US,US-MN,Graceville,,,4MN5,4MN5,45.550498962402, -96.451400756836
4MN6,heliport,Sanford Westbrook Clinic Heliport,1432,NA,US,US-MN,Westbrook,,,4MN6,4MN6,44.046133, -95.440041
4MN9,heliport,Red Lake Hospital Helipad,1334,NA,US,US-MN,Red Lake,,,4MN9,4MN9,47.877544, -95.029178
4MO,small_airport,Montgomery-Wehrman Airport,778,NA,US,US-MO,Montgomery City,,,4MO,4MO,39.01250076293945, -91.41929626464844
4MO2,small_airport,Newcomb Hereford Ranch Airport,850,NA,US,US-MO,Lancaster,,,4MO2,4MO2,40.55839920043945, -92.44190216064453
4MO3,small_airport,Schneider Field,939,NA,US,US-MO,La Plata,,,4MO3,4MO3,39.991545, -92.494212
4MO4,small_airport,Liberty Landing Airport,720,NA,US,US-MO,Liberty,,,4MO4,4MO4,39.21670150756836, -94.33360290527344
4MO5,small_airport,JJ Gyro Park Airport,779,NA,US,US-MO,Gerald,,,4MO5,4MO5,38.380081, -91.34568
4MO6,small_airport,Mark Twain Air Park,840,NA,US,US-MO,Louisiana,,,4MO6,4MO6,39.439485, -91.116199
4MO7,small_airport,Crop Care Airport,875,NA,US,US-MO,Mound City,,,4MO7,4MO7,40.14139938354492, -95.24079895019531
4MO8,small_airport,Martens Airport,720,NA,US,US-MO,Atherton,,,4MO8,4MO8,39.20669937133789, -94.26969909667969
4MO9,small_airport,Friends Field,1100,NA,US,US-MO,Lone Jack,,,4MO9,4MO9,38.893287, -94.107277
4MS0,small_airport,Payne Airport,359,NA,US,US-MS,Brandon,,,4MS0,4MS0,32.30061, -89.859034
4MS1,heliport,Robinsonville Heliport,202,NA,US,US-MS,Robinsonville,,,4MS1,4MS1,34.816667, -90.302917
4MS2,small_airport,Dogwood Acres Airport,250,NA,US,US-MS,Raymond,,,4MS2,4MS2,32.212100982666016, -90.45030212402344
4MS3,small_airport,Jeter Field,520,NA,US,US-MS,Sladen,,,4MS3,4MS3,34.95600128173828, -89.39399719238281
4MS4,small_airport,Spearman Field,270,NA,US,US-MS,Shannon,,,4MS4,4MS4,34.15769958496094, -88.76020050048828
4MS5,small_airport,Bird Nest Airport,311,NA,US,US-MS,Lucedale,,,4MS5,4MS5,31.001399993896484, -88.51699829101562
4MS6,heliport,University of Mississippi Medical Center Heliport,344,NA,US,US-MS,Jackson,,,4MS6,4MS6,32.328429, -90.174025
4MS7,small_airport,Arnold Field,195,NA,US,US-MS,Tunica,,,4MS7,4MS7,34.748172, -90.281267
4MS8,heliport,Casino Center Heliport,201,NA,US,US-MS,Tunica,,,4MS8,4MS8,34.8400993347168, -90.32839965820312
4MS9,small_airport,Providence Airpark,240,NA,US,US-MS,Canton,,,4MS9,4MS9,32.666, -90.067596
4MT1,small_airport,Kreikemeier Airport,4360,NA,US,US-MT,Belgrade,,,4MT1,4MT1,45.820701599121094, -111.1449966430664
4MT4,small_airport,West Wind Airfield,4069,NA,US,US-MT,Reed Point,,,4MT4,4MT4,45.683592, -109.40168
4MT5,heliport,Port Smith Heliport,4020,NA,US,US-MT,Helena,,,4MT5,4MT5,46.703368, -111.827302
4MT7,heliport,Big Sky Medical Center Heliport,6276,NA,US,US-MT,Big Sky,,,4MT7,4MT7,45.261111, -111.3
4MT8,closed,Brier Patch Airport,3740,NA,US,US-MT,Stevensville,,,,,46.473889, -114.054667
4MT9,small_airport,Boulanger Field Airport,3891,NA,US,US-MT,Darby,,,4MT9,4MT9,46.030276, -114.184994
4MY2,heliport,Lakewood Hospital Heliport,1270,NA,US,US-MN,Staples,,,4MY2,4MY2,46.351692, -94.750673
4N0,small_airport,Newman's Airport,840,NA,US,US-MI,Kalamazoo,,,,4N0,42.288813, -85.748949
4N2,small_airport,Middlesex Valley Airport,735,NA,US,US-NY,Middlesex,,,K4N2,4N2,42.713133, -77.27271
4N4,small_airport,Lidgerwood Municipal Airport,1081,NA,US,US-ND,Lidgerwood,,,4N4,4N4,46.089544, -97.16614
4N7,small_airport,Greene Airport,935,NA,US,US-NY,Greene,,,4N7,4N7,42.30419921875, -75.78710174560547
4NA0,small_airport,Lindvig Airstrip,2180,NA,US,US-ND,Williston,,,4NA0,4NA0,48.008399963378906, -103.59100341796875
4NA1,small_airport,Ring Rock Ranch Airport,2256,NA,US,US-ND,Williston,,,4NA1,4NA1,48.25469970703125, -103.6729965209961
4NA3,small_airport,Peterson Airstrip,1545,NA,US,US-ND,Antler,,,4NA3,4NA3,48.857200622558594, -101.302001953125
4NA5,small_airport,Berg Strip,2250,NA,US,US-ND,Berthold,,,4NA5,4NA5,48.288299560546875, -101.8280029296875
4NA6,small_airport,Nicks Landing Airport,2440,NA,US,US-ND,Grenora,,,4NA6,4NA6,48.45500183105469, -103.87999725341797
4NC0,small_airport,Boyd's Hawks Creek Airport,815,NA,US,US-NC,Mocksville,,,4NC0,4NC0,35.89849853515625, -80.61620330810547
4NC1,heliport,Futuristics Heliport,520,NA,US,US-NC,Milton,,,4NC1,4NC1,36.529598236083984, -79.30169677734375
4NC3,small_airport,Taylorsville Airport,1090,NA,US,US-NC,Taylorsville,,,,NC2,35.930801, -81.196702
4NC5,small_airport,Triple M Airport,30,NA,US,US-NC,Cape Carteret,,,4NC5,4NC5,34.7295, -77.05133
4NC6,small_airport,Cane Creek Airport,2100,NA,US,US-NC,Fletcher,,,4NC6,4NC6,35.441363, -82.482223
4NC7,small_airport,Peacock STOLport,390,NA,US,US-NC,Garner,,,4NC7,4NC7,35.6963005065918, -78.5374984741211
4NC8,small_airport,Buffalo Creek Airport,600,NA,US,US-NC,Concord,,,4NC8,4NC8,35.422401428222656, -80.62059783935547
4NC9,small_airport,Lz Carroll STOLport,675,NA,US,US-NC,Gold Hill,,,4NC9,4NC9,35.44850158691406, -80.34259796142578
4ND1,small_airport,Knutson Airport,880,NA,US,US-ND,Thompson,,,4ND1,4ND1,47.79280090332031, -97.15370178222656
